baseline_age,baseline_previousinvest,baseLine_female,treatment,baseline_cons_vote,baseline_lab_vote,baseline_noedu,baseline_SocioeconomicValues,SocioeconomicValues_post
74,0,1,1,1,0,0,0.25110579,1.6697363
51,0,0,1,0,0,0,1.1259656,1.8392755
84,1,0,1,0,0,0,-0.4208799,0.77008277
69,0,0,0,0,1,0,0.50473803,-0.10495009
67,0,0,1,0,1,0,1.6270418,1.6802949
57,0,1,1,0,0,0,-0.90360439,-1.3528022
64,1,1,0,0,0,0,0.32094043,0.77008277
48,1,1,1,0,1,0,1.2220182,1.4664563
25,0,1,1,0,0,0,-1.0046791,-0.069119677
65,0,0,1,0,0,0,1.1390746,1.0387793
50,1,1,1,1,0,0,0.54864556,1.3623337
64,0,1,1,1,0,0,1.2401494,1.2884482
53,1,0,1,1,0,0,1.5572072,1.3074757
45,0,0,1,1,0,0,0.44153324,2.247925
36,0,0,1,0,0,0,0.77147937,0.82494074
72,1,1,0,1,0,0,-1.1508276,0.63012969
61,0,0,1,0,0,0,3.0289752,2.9830048
55,0,0,0,0,0,0,-1.5689602,0.61110216
45,0,0,1,0,0,0,0.13714281,-0.069119677
67,0,1,0,0,0,0,0.68875647,-1.5666406
54,1,0,1,1,0,0,0.43490341,0.47114906
53,0,1,1,0,0,0,-0.75104684,-1.1192849
35,0,1,1,0,0,0,0.16816208,0.10888845
64,0,1,1,0,1,0,-2.7937257,-3.0831892
30,1,0,1,0,0,0,1.4366144,0.59989244
37,1,1,0,0,1,0,-0.95414174,-1.0453994
48,1,0,1,0,0,0,-0.78323233,-1.5581716
66,0,0,1,1,0,0,1.9948579,1.3623337
45,1,1,1,0,0,0,1.1893911,0.40782219
62,0,0,1,0,0,0,0.32094043,-0.069119677
81,1,0,0,0,0,0,2.2613785,1.5571446
54,1,0,1,0,0,0,0.35218051,0.66596007
48,0,0,1,0,1,0,-0.097192183,-1.1192849
47,0,1,0,0,0,0,-2.7431884,-1.5856682
46,0,1,1,1,0,0,-0.51671183,-1.0896988
62,0,1,1,1,0,0,2.2613785,1.5677031
58,1,1,0,1,0,0,-2.5076871,-1.6763564
49,0,1,1,0,0,0,-0.75104684,1.337713
49,1,1,1,0,1,0,-0.51649106,0.78623444
19,0,0,1,1,0,0,0.2885341,1.3074757
50,0,1,1,0,0,0,0.57479352,0.24884155
65,0,0,1,1,0,0,-1.7722759,0.66596007
77,1,0,0,1,0,0,2.2420812,1.8941333
71,1,0,0,0,1,0,0.20056841,0.4626801
63,0,0,0,1,0,0,0.25110579,0.58086491
25,1,1,1,0,1,0,0.40388411,0.80526197
45,0,0,1,0,0,0,-0.12937771,-0.060650703
62,0,0,0,1,0,0,0.33382866,0.55624425
54,0,0,1,1,0,0,1.9248024,1.9489913
63,1,1,0,0,0,0,0.77147937,0.24884155
48,0,1,1,0,1,0,0.11762471,-0.90544629
34,0,0,1,1,0,0,0.10473647,1.4664563
58,1,1,0,0,0,0,-2.2731314,-1.4372461
27,0,1,0,0,1,0,-0.23708227,-1.4519594
39,0,1,1,0,0,0,0.37169859,0.13416032
42,1,0,1,1,0,0,1.3605213,0.67651862
55,1,1,1,0,1,0,0.37147778,0.50697947
29,0,1,1,1,0,0,-0.88430709,0.32272699
45,0,0,1,0,1,0,-0.17991507,0.43244281
54,1,1,1,0,1,0,1.5066699,1.0936371
36,0,1,1,1,0,0,0.37147778,0.24884155
25,0,1,1,0,0,0,0.23821753,1.1484951
37,0,1,0,0,1,0,-1.0173465,-0.7106353
58,0,1,1,1,0,0,-0.13600755,-0.61772233
56,1,0,1,0,0,0,0.16816208,0.84396821
33,1,0,1,1,0,0,-1.3980508,-0.90544629
52,0,0,1,0,1,0,-0.45328623,-0.88641882
46,0,0,0,0,1,0,-1.1703457,-0.0037032294
51,0,0,1,1,0,0,0.95527697,0.30369946
56,0,1,1,0,1,0,-3.0785983,-2.6801326
67,0,1,1,1,0,0,-2.0387964,-2.5704169
29,0,1,0,0,1,0,0.77147937,0.035003025
56,1,0,1,0,0,0,0.0041033486,-3.7247047
48,0,1,1,1,0,0,-0.5670284,-0.46721071
76,0,1,0,0,0,1,1.1896119,0.45212156
25,0,0,1,0,1,0,-0.38323078,0.49851051
46,1,0,0,1,0,0,0.27040306,-0.4313803
69,0,1,1,0,1,0,0.53714436,0.26786906
19,0,1,1,0,1,0,-0.066172905,-0.050092168
52,0,1,1,1,0,0,1.0058143,1.8645474
41,1,1,1,0,1,0,0.23821753,1.5022867
62,1,1,1,1,0,0,1.6904675,0.89035714
29,0,1,0,0,0,0,0.034901828,0.93465656
66,1,1,1,0,0,0,-2.5398726,-1.8543646
28,0,0,1,0,1,0,-0.5670284,0.035003025
58,0,0,1,0,0,0,-2.0893338,-2.5894444
49,0,0,1,1,0,0,1.760523,2.2922244
50,1,1,1,0,0,0,-0.88430709,-1.3035374
51,0,1,1,0,0,0,1.1767237,1.9792286
41,0,1,1,0,1,0,-1.2711996,-1.20438
58,1,1,0,0,0,0,2.2613785,1.2990067
33,1,0,0,0,0,0,0.034901828,-0.41444236
34,0,0,1,1,0,0,0.37147778,1.0936371
42,0,1,0,1,0,0,-0.12959851,-1.212849
60,1,1,0,1,0,0,0.23799673,0.31425801
61,0,0,0,0,1,0,1.2723348,0.41629115
50,1,0,0,0,0,0,-0.38323078,-2.5809753
45,0,0,1,0,0,0,0.086605437,0.4626801
43,0,0,1,0,0,0,-1.7217386,-1.212849
71,1,0,0,1,0,1,0.42201516,-0.20907278
67,1,0,1,1,0,0,1.0563517,0.73137653
76,0,0,0,1,0,0,0.086605437,-0.01985489
46,0,0,1,1,0,0,-0.1488958,-0.20907278
42,0,0,1,1,0,0,-0.62419558,-0.077453598
67,0,1,1,1,0,0,-2.4063916,-0.73590714
61,0,0,0,0,0,0,-1.9055362,-1.8543646
47,0,0,1,0,0,0,-1.9758124,-3.0887823
41,1,0,1,1,0,0,1.0055935,0.31425801
65,0,1,1,0,0,0,-1.8733506,-0.72743815
32,1,1,1,0,1,0,0.18768017,0.29314095
52,0,0,1,0,1,0,-2.9773026,-3.7247047
62,0,1,1,0,0,0,0.27040306,0.035003025
48,0,0,1,0,0,0,-0.5670284,-0.88641882
31,0,0,1,0,1,0,-1.1508276,0.67651862
29,1,0,0,0,1,0,2.3624532,-1.7227454
48,0,1,1,0,1,0,-0.66810316,-2.085006
58,1,0,1,1,0,0,-0.015635539,-0.90544629
70,0,1,1,1,0,0,1.3734096,-0.31878862
42,0,1,1,0,0,0,-1.0563827,-0.23369342
45,1,1,0,0,1,0,0.11784552,0.50697947
68,0,1,1,0,0,0,0.55527538,0.10888845
50,0,0,1,0,1,0,1.4173172,2.506063
45,0,0,1,1,0,0,-0.51649106,0.0047657462
35,0,0,1,1,0,0,1.5765045,1.4031295
57,1,1,1,0,0,0,0.11762471,0.67651862
24,0,1,1,1,0,0,0.87255406,0.61110216
20,0,1,1,1,0,0,1.3538915,0.526007
28,0,0,0,0,0,0,-1.7346268,-2.4965315
50,1,1,0,0,0,0,-0.015635539,-0.69160777
66,0,1,1,0,0,0,0.30164313,-1.3718296
41,0,1,1,1,0,0,0.84131402,0.81647176
30,0,0,1,0,1,0,-0.83376974,-0.94974571
48,0,0,1,0,0,0,1.0561309,0.89882612
31,0,1,1,0,0,0,-2.9074681,-2.4304638
28,0,1,1,0,0,0,-1.557459,-1.7614517
59,0,1,0,1,0,0,-0.86478901,-1.1277539
20,0,0,1,0,1,0,-0.71980673,-0.3272576
40,0,1,1,1,0,0,1.7410048,1.5213143
56,0,1,1,0,1,0,-3.2118585,-2.4662943
36,1,1,0,0,1,0,-1.8242003,0.26786906
40,1,0,0,1,0,0,0.37125698,0.82494074
73,0,0,1,0,0,0,-0.028523784,-0.0037032294
59,1,0,1,1,0,0,-1.6390157,-0.52415818
66,0,0,1,1,0,0,1.0885372,2.1930671
52,1,1,1,1,0,0,-0.75104684,-1.3120064
52,0,1,1,0,0,0,-0.11671027,0.40782219
59,1,0,1,0,0,0,-1.1508276,-0.9990105
40,0,0,0,0,0,0,-0.51649106,1.0387793
38,0,0,0,0,0,0,-0.015635539,-0.26393071
18,0,0,1,0,0,0,-2.4764471,-1.9943178
34,0,1,0,1,0,0,1.0561309,0.10888845
72,0,0,0,0,1,0,1.1893911,1.1041957
59,0,1,1,0,1,0,-1.1186421,-2.4219947
28,0,1,1,0,0,0,1.1893911,0.47323862
29,0,1,1,0,1,0,-1.087402,-1.462518
40,0,0,1,0,1,0,-0.38323078,-0.47776923
60,0,0,1,1,0,0,0.42201516,0.93465656
70,1,0,0,1,0,0,0.92287064,0.67651862
29,0,1,1,0,0,0,-0.88430709,-0.31878862
45,0,0,1,1,0,0,0.92287064,0.14471886
51,0,0,0,0,1,0,-1.3346252,1.486135
61,1,0,1,0,0,0,1.0055935,2.7691662
47,1,0,1,1,0,0,0.37147778,0.089860938
38,0,1,1,0,1,0,2.2613785,0.57239592
66,0,1,1,1,0,0,1.1390746,0.73137653
55,0,0,1,0,0,0,0.12403375,-0.74437612
41,1,0,1,1,0,0,3.3965704,3.0927207
56,0,0,1,0,0,0,-0.66810316,-1.3225648
72,0,1,1,1,0,0,-0.72002757,-1.2022905
41,1,0,0,0,0,0,0.43468261,-0.47776923
52,1,1,1,0,0,0,1.0885372,0.82494074
71,0,0,1,1,0,0,1.2401494,1.0936371
73,1,0,0,0,1,0,-1.087402,-1.890195
60,0,0,1,0,0,0,1.0885372,-0.52206862
31,0,0,1,1,0,0,0.034901828,0.95368403
47,0,1,1,0,1,0,-1.3346252,0.57239592
43,0,0,0,1,0,0,0.92287064,0.67651862
45,0,1,0,0,0,0,0.33382866,-0.01985489
55,0,0,1,0,0,0,-0.45306543,-0.060650703
62,0,0,1,1,0,0,0.23799673,-0.069119677
73,1,1,1,1,0,0,0.93575889,0.73984551
39,1,0,1,0,1,0,0.43468261,0.47114906
48,0,1,1,0,0,0,1.1896119,1.4664563
42,0,1,1,0,0,0,0.0038825446,0.67651862
59,0,0,0,1,0,0,0.25088498,-0.050092168
57,1,1,0,0,1,0,-3.0785983,-3.0887823
54,0,1,1,0,1,0,-2.7110028,-1.6405261
57,1,0,0,1,0,0,2.895715,0.95368403
58,0,1,1,0,1,1,1.1080554,1.486135
56,1,1,0,0,0,0,-0.5670284,-1.212849
44,0,0,0,1,0,0,1.5066699,0.82494074
82,0,0,0,1,0,0,0.054419909,-0.35749486
55,1,0,0,0,1,0,1.1068891,1.0746096
61,0,1,1,0,1,0,-0.66810316,-1.3689538
53,0,1,1,0,0,0,-1.1002902,-1.416129
46,1,1,1,0,1,0,0.53714436,0.34240574
64,1,0,0,1,0,0,0.58768171,1.0197518
60,0,0,1,0,1,0,-0.5412519,-1.4203081
77,1,0,0,0,0,0,1.423947,1.0387793
62,0,0,0,1,0,0,0.28875491,0.82703024
61,1,1,1,1,0,0,1.1066682,-0.62619132
41,0,1,1,0,0,0,-0.26263797,0.50697947
49,1,1,1,0,0,0,1.1893911,2.1079719
58,0,1,1,1,0,0,-0.19943316,-0.47776923
72,0,1,1,0,0,0,1.4756505,0.56183738
59,1,0,0,1,0,0,-0.14911661,1.8392755
67,1,0,1,0,1,0,0.53714436,-0.38420507
68,0,1,0,0,0,0,-1.7022204,-1.9943178
44,1,0,1,0,1,0,-0.015635539,0.51753801
54,0,0,1,0,0,0,0.14886481,0.61110216
47,0,0,1,0,0,0,0.034901828,0.64628136
67,1,0,0,0,0,0,1.0563517,0.66596007
47,0,0,1,0,1,0,-0.3005079,-0.53262717
65,0,0,0,0,1,0,-1.3346252,-0.62828088
28,0,0,1,0,0,0,-0.39611903,-0.9990105
57,0,1,0,1,0,0,1.5066699,0.73984551
64,1,1,1,0,0,0,-2.222594,-0.85058838
54,0,0,1,0,1,0,-0.2694886,1.5213143
44,0,0,1,0,1,0,0.0038825446,1.9194052
63,0,1,1,1,0,0,0.047569267,-0.17101777
71,0,0,0,0,1,0,-0.71980673,-0.36805341
44,0,0,1,0,1,0,-2.4698172,-3.1570745
50,0,1,0,1,0,0,-1.8733506,-1.4182186
59,1,0,1,1,0,0,-0.015635539,0.30369946
41,1,1,0,0,1,0,-2.4442616,-0.36517757
30,0,0,1,0,1,1,-0.015635539,0.72081798
50,1,1,1,0,1,0,0.27040306,0.24884155
22,0,1,0,0,1,0,-1.3346252,-0.47776923
57,1,1,1,1,0,0,0.73907304,0.0047657462
46,0,0,1,0,1,0,-1.5884783,-2.3565784
47,1,1,0,0,1,0,-0.80136341,-1.1192849
72,1,1,1,1,0,0,0.11762471,1.2716453
60,0,1,1,0,0,0,-0.034932818,-0.21963131
57,1,0,1,0,0,0,0.47371876,0.67651862
62,0,0,0,1,0,0,0.30142233,-0.26393071
45,1,1,0,0,0,0,0.63821912,0.23828302
42,0,0,1,0,1,0,-2.4063916,-2.7293975
43,1,0,1,1,0,0,0.55549622,0.24884155
62,1,1,1,1,0,0,0.87255406,0.98951447
35,0,1,0,0,0,0,-0.71317691,-0.79573047
53,0,1,1,0,0,0,2.2613785,0.89035714
46,1,1,1,0,1,0,0.18768017,1.2335902
64,0,0,1,0,1,0,-0.066172905,0.50697947
53,0,0,0,0,0,0,0.37169859,-0.31878862
60,0,1,1,1,0,0,0.23821753,0.3585574
34,0,1,1,0,1,0,-0.61756575,-0.050092168
37,0,0,1,1,0,0,0.25088498,-0.25337216
31,0,0,1,0,0,0,-1.3658653,-0.29976112
53,0,0,1,0,0,0,-2.8948004,1.9138122
38,1,1,1,0,1,0,0.15505303,2.247925
48,0,0,1,0,0,0,0.95527697,0.57239592
31,0,1,1,0,0,0,-1.3346252,-0.85058838
46,0,1,0,1,0,0,1.1195565,0.6849876
52,0,1,1,0,1,0,0.45420069,1.0936371
66,1,0,1,0,1,0,-0.51649106,-1.20438
36,1,1,1,0,1,0,0.0038825446,-0.050092168
58,0,1,1,1,0,0,0.45420069,0.67651862
42,1,0,1,1,0,0,-0.24997053,-0.26393071
38,1,0,1,1,0,0,1.5066699,1.5213143
66,0,1,1,1,0,1,1.1080554,1.486135
55,0,1,1,0,1,0,-0.23708227,-1.7804792
64,0,0,1,1,0,0,1.423947,-0.54109615
63,0,1,1,1,0,0,0.73907304,0.3775849
56,1,1,0,1,0,0,1.6904675,1.6718259
18,0,1,1,0,0,0,-1.0681047,-0.75493467
51,0,0,1,1,0,0,-0.2123214,0.19957677
60,1,1,1,0,0,0,0.13714281,-1.4266876
64,0,1,1,1,0,1,2.0075254,1.6254369
66,1,1,1,1,0,0,1.4237262,0.10888845
72,1,0,0,0,1,0,-2.2731314,-2.4219947
33,1,0,0,0,1,0,0.25110579,-0.33781612
31,1,0,0,1,0,0,-1.087402,-0.050092168
44,1,1,1,1,0,0,-0.66810316,-0.17036653
47,1,0,1,0,1,0,-0.24997053,1.1126647
53,1,0,1,0,0,0,2.6613801,2.099503
55,1,0,1,0,0,0,-1.7722759,-1.1389636
53,1,1,1,1,0,0,0.92309147,1.1400261
53,0,1,0,1,0,0,0.82179594,0.67651862
49,1,0,0,0,0,0,0.2885341,1.8392755
41,1,1,1,0,0,0,0.23821753,0.67651862
25,1,1,1,0,0,0,-3.0785983,-3.0887823
32,0,1,1,1,0,0,1.6904675,1.6802949
51,0,1,0,0,0,0,-3.0785983,-2.6801326
69,0,0,1,1,0,0,-0.37034252,0.61110216
54,0,1,0,0,0,0,0.034901828,-0.53262717
31,1,1,1,0,0,0,2.0272641,0.58086491
60,1,1,1,0,0,0,-1.4552181,0.25731054
40,0,0,1,1,0,0,0.10473647,0.87979865
60,1,0,1,0,0,0,-1.7217386,-2.2081563
51,0,1,0,0,0,0,-0.5670284,-0.47776923
56,1,1,0,0,0,0,-3.0785983,-2.521152
50,0,0,1,0,1,0,-0.5670284,-2.7293975
28,0,1,1,0,0,0,0.16816208,0.16374637
41,0,1,1,0,0,0,0.77147937,-0.52415818
57,1,0,1,0,0,0,-0.26285878,-1.20438
49,0,0,1,0,0,0,-0.24974972,-1.9943178
73,1,1,1,1,0,0,-0.015635539,0.36702636
34,1,0,0,1,0,0,0.94238871,1.6802949
62,1,0,0,1,0,0,0.68190581,-1.5666406
57,1,1,0,0,0,0,1.6904675,0.67651862
54,0,1,1,1,0,0,-1.4552181,-1.8353372
39,1,1,1,0,0,0,0.84131402,0.92618757
55,0,1,1,0,1,0,-0.51649106,-1.4266876
71,0,1,0,1,0,0,0.48544076,-0.096481107
40,0,0,1,0,0,0,0.42201516,-0.6346603
69,1,0,1,0,1,0,-1.3036059,-1.8711675
60,1,1,1,0,0,0,0.42201516,0.52809656
27,0,0,1,1,0,0,0.32094043,0.4626801
45,0,1,1,0,0,0,-0.97991824,0.045561559
40,0,0,0,0,0,0,-0.38323078,0.72081798
72,1,1,1,0,1,0,0.23821753,0.087771386
42,1,0,0,0,0,0,1.1767237,0.081391968
64,0,0,1,0,1,1,0.63821912,0.61110216
72,0,0,1,0,0,1,0.71977574,1.4664563
60,0,1,1,0,0,1,-0.90360439,-2.4135258
59,0,0,1,1,0,0,-0.28237686,0.0047657462
46,0,0,1,0,1,0,1.3228723,0.61110216
80,1,0,1,0,1,1,1.7915422,0.29314095
54,0,0,1,0,1,0,-0.033766575,0.34240574
44,0,0,1,0,0,0,-0.066172905,1.2441489
26,0,1,1,0,1,0,-1.9055362,-1.221318
41,0,1,1,0,0,0,-0.13622835,0.035003025
35,0,1,0,0,0,0,2.2615993,0.33119595
68,1,0,1,1,0,0,0.63821912,1.6802949
54,0,0,0,0,1,0,0.21869946,1.3623337
30,0,1,1,0,0,0,-0.097192183,1.0197518
60,0,0,1,0,1,1,-1.239014,0.19398364
32,1,0,1,0,1,0,-1.3024397,0.81647176
66,0,0,1,1,0,0,1.0497218,1.7161252
49,0,0,1,0,1,0,-0.88408631,-2.989625
27,1,0,1,0,1,0,0.58768171,0.24884155
49,0,0,1,1,0,0,-0.015635539,0.51753801
54,1,0,1,1,0,0,1.8237277,0.12791596
27,1,0,1,1,0,0,-2.5076871,-3.5657241
31,0,1,0,0,1,0,-0.18013588,0.045561559
48,1,1,1,0,0,0,1.1390746,1.2526178
44,0,0,1,1,0,0,0.68853569,0.49642095
62,0,1,1,1,0,0,0.68853569,0.24884155
47,0,1,0,0,1,0,-2.4698172,-2.5894444
51,0,0,0,0,0,0,0.32094043,0.82494074
67,0,0,1,1,0,0,-0.6046775,0.34240574
63,0,1,1,0,0,0,0.65751636,0.76161385
43,0,1,1,0,0,0,-0.38323078,-0.48832777
66,0,0,1,0,0,0,-1.8549988,0.13416032
51,1,1,1,0,0,0,-0.5670284,-1.2782655
59,0,1,0,0,0,0,0.40249708,1.1484951
41,0,1,1,0,0,0,-0.16702683,-0.54318571
62,1,0,1,1,0,0,0.68853569,1.0387793
53,1,1,1,0,0,0,0.034901828,0.526007
69,0,0,1,0,0,0,0.37147778,0.14471886
50,1,0,1,0,0,0,-0.19943316,-0.69160777
59,1,0,1,0,0,0,3.0289752,2.4069057
66,1,1,1,1,0,0,-0.98654807,1.4664563
46,0,1,1,0,0,1,0.34045851,0.34240574
31,1,1,1,0,0,0,-0.86478901,0.61110216
46,1,0,1,0,0,0,0.43490341,-0.060650703
33,1,0,1,0,1,0,-0.3005079,-0.55165464
69,1,0,0,1,0,0,1.6904675,1.820248
59,1,0,1,0,0,0,-2.1088519,-1.3443332
34,0,0,0,1,0,0,-0.95414174,-0.11341906
32,0,1,1,0,0,0,0.85303599,1.7351527
59,0,1,0,1,0,0,-1.4175689,-1.3612711
27,0,1,1,0,0,0,-0.015635539,-0.050092168
59,0,1,0,0,1,0,-1.537941,-1.8353372
59,1,1,1,0,0,0,-1.3217369,-0.10495009
76,0,1,1,1,0,0,1.291853,1.337713
65,1,0,1,1,0,0,0.11784552,-0.56286442
53,0,1,1,1,0,0,2.1281183,1.3538647
55,0,1,1,0,0,0,0.50495887,-0.69160777
37,1,0,1,1,0,0,-0.32606357,0.99798346
75,0,1,1,0,1,0,-0.63023323,0.07083343
45,0,0,1,0,1,0,-2.2733521,-1.1087263
66,1,0,1,1,0,0,1.8110603,-0.57980239
72,0,1,1,0,0,0,-1.220883,-0.10495009
36,0,0,1,1,0,0,0.18768017,-0.59595406
44,1,0,1,1,0,0,-1.1379393,-0.31878862
50,1,1,1,1,0,0,0.73907304,0.3585574
68,1,0,1,0,0,0,-0.49719375,-1.1087263
58,1,1,1,0,1,0,-1.3024397,-0.95183527
70,0,0,1,1,0,0,0.63821912,-0.11550862
46,0,1,1,0,0,0,-0.04665482,-0.17883551
62,1,1,1,1,0,0,1.3228723,1.2526178
54,1,0,0,0,1,0,-2.6409473,-3.7247047
46,1,0,0,0,0,0,-0.83376974,-1.462518
76,0,0,1,0,0,1,-0.033766575,-0.8421194
50,0,1,0,0,1,0,-1.689553,-1.9943178
56,0,0,0,1,0,0,0.42201516,0.14471886
55,0,1,1,0,1,0,-1.0046791,-0.060650703
60,1,1,1,1,0,0,-0.23708227,-0.52415818
70,0,1,1,0,0,0,0.68853569,0.19398364
55,1,1,1,0,0,0,-3.6116393,-3.5657241
58,0,0,1,0,1,0,-2.2926495,-0.27448922
50,0,1,1,0,0,0,-1.7722759,-3.4067435
56,0,0,1,1,0,0,-0.82088149,0.50697947
38,0,0,0,1,0,0,-1.1508276,0.82494074
67,1,1,1,0,1,0,1.2401494,2.2015362
49,1,1,1,0,0,0,1.5765045,1.8308065
55,1,1,1,0,0,0,-0.0027472924,-0.9990105
59,1,0,1,0,1,0,-1.5184228,-2.4578252
57,1,1,1,0,1,0,-1.5057554,-2.9980938
46,1,1,1,0,1,0,2.4451761,2.1079719
73,0,1,1,0,0,0,0.92309147,0.81647176
48,0,0,1,1,0,0,-1.1379393,-1.2234075
51,1,0,1,0,0,0,0.58768171,2.4069057
55,0,1,1,1,0,0,1.2401494,1.1484951
58,0,1,0,1,0,0,0.11762471,0.10888845
55,0,1,0,1,0,0,2.762234,1.8096894
54,0,0,0,1,0,0,-0.24997053,0.4626801
20,0,0,1,0,1,0,0.35218051,-0.92721462
33,0,1,0,0,0,0,1.6091316,1.1787324
39,0,1,0,0,0,0,-0.19943316,-0.20060381
32,0,0,1,1,0,0,3.2633102,3.410682
40,0,1,1,0,0,0,0.38436604,0.24884155
58,1,1,1,1,0,0,0.73907304,0.89882612
67,1,1,1,0,1,0,0.047569267,-0.88641882
70,1,0,1,0,1,0,-1.5882574,-0.64730841
33,0,0,0,0,0,0,-3.6116393,-1.1192849
48,1,1,1,0,0,0,-0.82088149,0.77008277
28,0,1,1,0,0,0,-2.4442616,-2.5126832
65,0,1,1,0,1,1,-1.2011442,0.84396821
52,1,1,1,1,0,0,0.87233329,-0.10495009
55,0,1,1,1,0,0,1.6904675,1.8941333
32,0,0,1,0,0,0,1.443465,-0.13244657
55,0,1,1,0,1,0,-1.7851641,-1.0981678
38,1,1,1,0,1,0,0.32116124,-2.0386171
43,1,1,1,1,0,0,0.47371876,-0.12397759
62,0,1,1,0,1,0,-2.1400919,-2.4219947
65,0,0,1,1,0,0,-0.066172905,1.0936371
51,1,0,1,1,0,0,1.1896119,0.89035714
43,1,1,1,0,1,0,3.0289752,0.16374637
71,0,1,1,0,1,0,-0.38323078,-0.69160777
53,1,0,1,1,0,0,0.78961039,1.3074757
31,0,0,1,1,0,0,-0.88430709,-1.462518
48,0,0,1,0,1,0,-0.015635539,0.67651862
59,1,1,1,1,0,0,1.3228723,0.73137653
59,1,0,1,1,0,0,0.75196129,0.6849876
23,0,0,0,0,1,0,-1.9184244,-2.5704169
26,0,1,1,0,1,0,0.37125698,-0.54109615
51,1,1,0,0,0,0,-3.6116393,-3.7247047
26,1,1,0,0,0,0,1.0885372,0.21013531
46,1,0,1,0,1,0,0.82179594,1.6254369
57,0,1,1,0,1,1,-0.28215605,0.31216845
27,0,1,1,0,0,0,0.42201516,0.51753801
45,1,0,1,0,0,0,-0.38323078,-0.47776923
73,0,1,1,0,1,0,-1.2011442,-0.058561146
28,1,1,1,0,0,0,1.3734096,-1.7256212
56,0,0,1,1,0,0,1.1080554,-0.86114693
58,0,1,1,1,0,0,-0.3637127,-0.10495009
65,1,0,1,0,0,0,1.7412256,2.0783858
47,1,1,0,0,0,0,-0.70028865,0.10888845
59,0,0,0,0,1,0,-1.8421105,-2.7757864
30,1,0,1,0,0,0,-0.015856342,0.21860428
69,1,1,1,0,0,0,-0.015635539,0.95368403
45,0,1,1,0,0,0,-0.53622991,0.75040406
34,1,1,1,0,0,0,0.43468261,1.820248
37,1,1,1,1,0,0,1.5066699,1.4664563
48,0,1,1,1,0,0,0.97479504,0.6469326
60,0,0,1,0,0,0,0.37147778,-0.47776923
71,0,1,1,1,0,0,1.1390746,0.92618757
34,0,0,1,0,1,0,-0.37012172,-2.1040335
30,0,1,1,0,1,0,-1.2840879,-0.9990105
46,1,1,0,1,0,0,0.0036617406,-0.16827698
41,0,1,1,1,0,0,-0.1488958,-0.050092168
59,0,1,1,1,0,0,-1.6390157,-0.64521885
57,0,1,1,1,0,0,-0.80136341,-0.53262717
38,0,1,0,0,1,0,-0.63686305,1.7161252
44,0,1,1,1,0,0,0.70827454,0.50697947
37,0,1,0,0,0,0,-0.88430709,-0.53262717
35,0,1,1,0,1,0,0.25088498,-0.78517193
34,1,1,1,1,0,0,2.3753414,2.6101856
40,0,1,0,0,0,0,1.5572072,0.82494074
59,1,0,1,0,1,0,-0.70028865,0.14471886
40,0,1,1,1,0,0,0.78961039,1.3623337
44,0,1,1,0,1,0,-0.5036028,0.15527739
42,0,0,1,0,0,0,-0.078840345,-0.2281003
56,0,1,1,0,0,0,-1.0552164,-0.58748507
39,1,0,1,1,0,0,1.4432442,1.4664563
69,0,0,1,0,0,0,-0.015856342,1.4171915
42,1,1,1,1,0,0,-0.079281956,-0.36517757
53,1,1,1,0,1,0,-1.3346252,-1.843806
71,1,0,1,0,1,0,-0.76371425,0.526007
65,0,1,1,1,0,0,1.7099855,2.1930671
61,1,1,1,0,1,0,-3.2440438,-3.1570745
63,1,1,1,1,0,0,1.1390746,0.4626801
68,0,1,1,0,0,0,0.98607546,-1.1832629
28,0,0,1,0,0,0,-3.0407283,-3.1570745
53,1,0,1,1,0,0,1.8742651,0.21013531
21,0,0,0,1,0,0,1.0885372,-1.3528022
21,0,1,0,1,0,0,0.87233329,0.31425801
50,0,0,1,0,0,0,-2.0893338,-0.38420507
68,0,1,1,1,0,1,1.1390746,1.0387793
65,0,1,0,1,0,0,0.87233329,1.2526178
38,0,0,1,0,0,0,-0.18654491,0.32272699
57,0,1,1,0,1,0,-0.085470185,1.2526178
58,1,0,0,0,0,0,-0.015635539,-1.0453994
63,1,0,1,0,1,0,-2.260464,-0.53262717
58,0,1,1,0,0,0,0.33907145,-0.85905737
45,1,0,0,0,0,0,0.067087352,0.4817076
45,0,1,1,1,0,0,1.6904675,2.6101856
57,1,0,1,0,0,0,2.3946388,-1.0158134
31,0,0,1,0,0,0,-0.59943473,0.10888845
57,1,1,1,0,0,0,0.87233329,0.035003025
67,0,1,1,1,0,0,-0.45328623,-1.0623374
56,1,0,1,0,0,0,-1.5381618,-0.094391547
58,1,1,1,1,0,0,0.35218051,0.23828302
55,0,0,1,0,0,0,-0.43376815,-0.20907278
64,1,1,1,1,0,0,2.7624547,2.7747593
34,0,1,0,0,1,0,-0.70713931,-0.61981189
59,1,1,0,1,0,1,1.7099855,1.5213143
67,1,0,1,1,0,0,1.5767252,1.2526178
64,0,0,1,1,0,0,-0.12937771,-0.75493467
38,0,1,0,0,1,0,-2.2097058,-2.989625
35,0,1,0,0,0,0,-0.63023323,-3.0887823
66,0,0,1,0,0,0,0.70142388,-1.0896988
71,0,0,1,0,0,1,-1.4046806,1.4115984
50,0,0,1,0,1,0,-3.6116393,-2.7209284
54,0,1,1,0,0,0,0.37147778,0.61319172
76,0,1,0,0,1,0,-1.5184228,-1.4266876
49,0,1,0,1,0,0,0.35195971,0.30369946
59,0,0,1,0,0,0,0.50473803,0.24884155
69,1,0,1,0,0,0,1.0561309,2.560921
58,1,1,0,0,1,0,-0.66810316,-1.3689538
56,1,1,0,1,0,0,0.78961039,-0.21754177
20,0,0,1,0,0,0,-1.4552181,0.66596007
52,0,0,1,0,0,0,-0.73793781,-0.70216632
67,1,0,1,1,0,0,-0.19921236,0.91850489
26,0,1,1,0,0,0,1.1714809,1.0091932
23,0,1,1,1,0,0,2.1281183,1.3623337
52,1,0,0,1,0,0,1.3538915,-0.54318571
63,0,1,0,0,1,0,-2.0766664,0.61110216
32,0,0,0,0,1,0,-2.0700364,-0.94127673
28,0,0,1,1,0,0,1.8937832000000001,3.410682
63,1,1,1,0,1,0,0.086605437,0.19398364
59,1,0,1,0,1,0,-0.28215605,-1.2782655
44,1,1,0,0,0,0,-0.11648946,0.6849876
46,0,1,1,0,1,0,-0.61756575,-1.7312144
28,1,1,1,0,0,0,0.32094043,0.035003025
62,1,0,0,0,1,0,1.2528168,-0.15980799
73,0,1,1,0,0,0,-0.82088149,-1.6763564
49,1,0,1,0,1,0,-2.0893338,-0.53262717
53,0,0,0,0,1,0,-1.5248319,-1.5012242
55,0,1,1,0,0,0,-0.23045245,-0.67258024
66,0,0,0,0,0,0,-0.51671183,-1.6763564
67,0,1,1,1,0,0,1.0885372,0.77008277
54,1,1,0,0,1,0,-0.11671027,0.10888845
72,1,0,1,0,0,0,0.27040306,1.7055668
64,0,1,1,0,1,0,-2.7110028,-1.3035374
59,1,1,1,0,1,0,-0.015635539,0.67651862
59,0,0,1,0,0,1,-0.28215605,-1.936584
64,0,0,1,1,0,0,-0.61756575,-0.53262717
50,1,1,1,0,1,0,-2.8440423,-3.7247047
47,1,0,1,1,0,0,-0.33269343,1.8096894
52,1,0,1,0,0,0,-1.1186421,-0.80979258
59,0,0,1,1,0,0,0.43468261,-0.67258024
42,1,0,1,1,0,0,0.23821753,-1.212849
45,0,0,1,0,1,0,-0.078840345,-1.7889482
85,1,1,1,0,0,0,0.50473803,1.6718259
37,0,0,1,0,1,0,1.894004,1.2230318
58,1,1,1,0,1,0,-0.43376815,0.089860938
26,0,1,1,0,0,0,-1.0044583,0.98392135
22,0,1,1,0,1,0,-1.9562943,-2.1785703
73,0,1,1,0,1,0,-0.23045245,0.34240574
39,1,0,1,0,1,0,0.57501429,0.49642095
55,1,0,1,1,0,0,-1.3024397,0.26786906
73,1,1,1,1,0,0,1.5572072,0.73137653
49,1,1,1,1,0,0,-1.0678838,-1.0981678
64,1,1,1,1,0,0,-0.61895281,-0.0037032294
59,0,1,1,0,0,0,1.1390746,0.82494074
44,0,0,0,1,0,0,2.6797318,1.1484951
71,0,0,1,0,1,0,-1.9055362,-1.4182186
69,0,1,1,1,0,0,-0.51649106,-0.060650703
73,1,0,1,0,1,0,0.0041033486,-2.5725064
62,0,0,1,0,0,0,-1.0175674,-0.69160777
66,0,0,1,1,0,1,-0.5670284,-1.6763564
78,1,1,1,1,0,0,0.56816363,0.4626801
61,1,0,0,0,0,0,-2.5398726,-1.6763564
28,1,1,1,1,0,0,1.2401494,1.8941333
34,0,0,1,0,1,0,-0.015635539,-0.26393071
73,1,1,1,1,0,0,-1.2519023,-1.1087263
48,0,1,1,0,1,0,-0.26263797,0.89035714
38,0,0,1,0,1,0,0.1373636,0.43309405
49,0,0,1,0,1,0,-0.015635539,-0.050092168
57,1,1,1,1,0,0,0.35195971,0.73984551
26,0,1,0,0,1,0,-1.220883,-1.6024711
38,0,0,0,1,0,0,0.55505461,0.68707716
31,0,0,0,1,0,0,0.93575889,-0.69160777
26,1,0,0,1,0,0,-1.3219578,-0.20907278
69,0,1,1,1,0,0,-2.4063916,-2.5725064
54,0,0,1,0,0,0,0.067087352,-0.94974571
29,0,1,1,1,0,0,0.37125698,0.2594001
67,0,1,1,1,0,0,0.50473803,0.52809656
58,1,1,1,0,1,0,-0.13622835,-1.4927552
52,1,1,1,0,1,0,0.44131243,-0.91391528
65,1,1,0,0,0,0,1.5572072,0.78623444
40,1,0,1,0,0,0,1.1896119,0.58295447
40,0,0,1,0,1,0,-0.90360439,-2.3481095
71,0,0,1,0,1,0,0.33382866,1.4031295
38,0,0,1,0,0,0,1.9767269,1.8096894
47,1,1,1,0,0,0,0.88522154,1.6802949
19,1,1,1,0,1,0,-0.73152876,-0.23369342
53,1,0,1,1,0,0,2.6291945,2.3470824
72,1,0,0,0,0,0,1.5572072,1.3074757
60,1,0,0,0,1,0,0.51762629,-1.212849
21,0,1,1,0,1,0,-1.3541433,-0.058561146
51,0,1,1,1,0,0,-0.2692678,1.0387793
45,1,1,1,0,0,0,0.60581279,0.36702636
61,1,1,1,1,0,0,-0.14911661,-1.212849
24,0,1,1,1,0,0,0.89185137,-1.1002573
41,0,0,1,1,0,0,-0.38323078,-0.12397759
44,0,1,0,1,0,0,-0.19965397,-0.11341906
66,0,0,1,0,1,0,-3.6116393,-3.7247047
67,1,1,1,1,0,0,-0.91649258,-1.212849
39,0,1,1,0,0,0,-2.0387964,-1.9394598
50,0,1,0,0,1,0,-1.1508276,-1.20438
29,0,1,1,0,1,0,0.44131243,-0.0037032294
45,0,1,1,0,0,0,-0.38323078,-0.42291132
54,1,0,1,1,0,0,1.6399301,1.1977599
59,1,1,1,1,0,0,1.5066699,1.2526178
39,0,1,1,0,1,0,0.60581279,-0.77670294
68,0,1,1,1,0,0,0.32116124,0.80591321
52,0,0,1,1,0,0,0.11762471,-0.12397759
43,0,1,1,0,1,0,-0.14911661,0.69554615
72,1,0,1,0,1,0,0.50495887,-0.99054152
61,1,0,0,1,0,0,0.66923839,0.58086491
45,1,0,1,0,1,0,-1.6390157,-1.890195
30,1,1,1,0,1,0,-1.0304556,-0.12188803
55,0,1,0,1,0,0,2.2613785,3.0378628
60,0,0,1,0,1,0,-1.2711996,-1.4266876
69,1,0,1,1,0,1,1.5769461,3.410682
82,0,1,1,1,0,0,0.32094043,0.65749115
24,0,1,1,0,0,0,-0.88430709,-0.99054152
67,0,0,1,1,0,0,-0.70713931,-0.2281003
62,1,0,1,0,1,0,1.3734096,0.4626801
28,0,0,1,0,0,0,0.32116124,0.43309405
62,0,1,0,0,0,1,0.47371876,1.4031295
66,1,1,1,0,1,0,-0.3005079,-0.69160777
43,0,1,1,0,1,0,0.27040306,0.83549923
22,0,1,1,0,1,0,-0.0090057021,1.2884482
52,1,0,1,1,0,0,-0.12937771,0.87979865
57,1,0,1,1,0,0,-0.26263797,0.87132967
54,1,1,0,0,0,0,-1.1313095,-0.86961591
55,0,0,1,0,0,1,-1.9055362,-1.7804792
23,0,1,0,0,1,0,-0.93462366,-0.13453613
50,0,1,1,1,0,0,-0.64997208,0.10041948
58,1,1,0,0,0,0,-0.64975131,-0.85058838
58,0,1,1,0,0,0,0.054419909,-0.069119677
46,0,1,1,1,0,0,0.48521996,-0.26393071
74,1,0,0,0,1,0,-1.4423298,-2.367137
39,1,0,1,0,1,0,-2.2926495,-0.25546172
28,0,1,1,0,1,0,-0.19943316,-0.11550862
35,1,0,1,1,0,0,-0.015635539,1.5213143
67,1,0,0,1,0,0,0.87233329,-0.91391528
71,0,1,1,0,1,0,-0.70028865,-3.2477629
27,0,0,1,1,0,0,-2.356075,-0.42291132
61,1,0,0,0,1,0,0.23799673,0.94521511
37,0,0,0,1,0,0,2.2108409,1.2526178
65,0,1,1,0,0,0,0.32094043,-0.13453613
58,0,0,1,0,1,0,-0.32002598,-0.26393071
40,1,1,1,1,0,1,-0.49697295,0.44156304
70,1,1,1,1,0,0,2.0580628,0.95577359
46,0,0,0,0,0,0,0.68853569,1.3925709
43,0,0,0,0,1,0,-0.43376815,-1.7804792
21,0,1,0,1,0,0,0.23799673,1.4031295
68,1,1,1,0,0,0,0.48521996,0.6849876
67,1,1,1,1,0,0,1.3538915,1.0936371
43,1,0,0,0,0,0,0.87255406,0.50697947
70,1,1,1,0,1,1,-1.1755885,-2.1040335
36,0,0,1,0,1,0,1.20913,1.6254369
59,0,1,0,1,0,0,1.1585927,1.9792286
33,0,1,0,1,0,0,1.3734096,1.3074757
52,1,0,0,0,1,0,-0.19943316,-1.8458956
21,0,1,1,1,0,0,0.30142233,0.10888845
49,0,1,1,0,0,0,-0.78345317,-0.57133341
57,0,1,1,0,1,0,0.18768017,-0.21754177
33,1,1,1,0,1,0,0.58768171,0.38879466
53,0,0,0,0,1,0,-1.5882574,-1.4182186
52,0,0,1,0,1,0,0.20056841,-0.93280774
42,0,1,0,0,1,1,2.6613801,0.60263318
54,0,1,1,0,1,0,0.68853569,0.97545236
28,0,1,1,0,0,0,-0.059543066,0.035003025
49,1,1,1,0,1,0,0.21869946,-1.2950684
29,0,1,1,0,0,0,-2.15961,-0.86739129
56,0,0,1,1,0,0,0.18745936,-1.462518
45,0,1,1,0,1,0,-0.63023323,-0.71910423
71,1,1,0,1,0,0,0.75881189,2.0340865
56,1,0,0,0,1,0,0.40249708,1.1379366
26,0,0,0,1,0,0,1.0058143,0.51753801
39,0,1,1,0,1,0,-0.38323078,-0.9990105
27,0,1,0,1,0,0,0.53714436,-0.39267403
67,0,1,1,0,0,0,0.95527697,-0.72743815
59,0,1,1,0,0,0,0.11762471,0.054030534
67,1,0,0,0,0,0,0.77147937,0.50697947
68,0,1,1,0,1,0,0.034901828,0.73137653
37,0,1,1,0,1,0,-0.19943316,-0.47776923
56,0,0,0,0,0,0,0.16816208,-0.050092168
56,1,0,1,0,0,0,0.27040306,0.92409801
64,0,1,1,1,0,0,-1.2840879,-0.57133341
42,1,0,1,0,0,0,1.0187026,-0.84849882
52,0,1,1,0,1,0,-3.0785983,-2.521152
60,0,0,0,1,0,0,2.0778017,-1.2402104
66,1,0,1,0,0,0,1.0563517,1.1484951
57,0,0,0,1,0,0,0.82201672,1.4474288
52,1,0,1,0,0,0,-1.4678855,-0.94974571
28,0,1,1,0,1,0,0.11762471,1.0936371
45,1,0,0,1,0,0,0.93575889,0.526007
56,0,0,1,0,0,1,-0.23045245,-0.39267403
68,1,0,1,1,0,0,2.4959342,2.247925
44,0,1,1,0,0,0,-0.49719375,0.77008277
59,0,1,0,0,1,0,-0.90360439,-2.1342709
59,0,0,1,1,0,1,0.93575889,0.4626801
27,0,1,1,0,1,1,-0.19943316,0.089860938
65,1,0,0,0,0,0,0.68875647,0.089860938
39,0,0,1,0,1,0,0.94238871,1.6612674
49,1,1,0,0,0,0,1.0058143,2.0340865
56,0,1,1,0,0,0,0.97479504,0.76161385
65,0,1,1,1,0,0,1.0561309,0.6849876
68,0,1,0,1,0,0,0.61870104,0.4626801
58,1,1,0,1,0,0,-0.98654807,-0.21754177
69,0,0,0,1,0,1,0.44153324,0.92618757
42,0,1,1,0,1,0,-0.24997053,-0.060650703
50,0,0,0,0,0,0,1.1572056,2.1438024
45,1,0,1,0,1,0,-1.4678855,-0.27448922
44,0,1,1,0,1,0,0.11762471,0.77008277
67,1,0,1,1,0,0,1.7915422,1.7900107
48,1,0,1,1,0,0,0.50495887,-0.47776923
41,1,0,1,0,0,0,-0.66926938,0.41629115
68,1,0,1,0,0,0,1.5066699,1.2526178
63,1,0,1,0,0,0,0.75196129,-0.68104923
55,1,0,1,0,0,0,-2.7236702,-3.2970276
49,1,1,1,1,0,0,0.25088498,0.89035714
59,0,0,0,0,0,0,-1.3541433,-0.63674986
41,1,0,0,1,0,1,1.0058143,0.56183738
53,0,1,1,1,0,0,1.5572072,1.5213143
51,0,0,1,1,0,0,-0.19943316,-0.47776923
75,0,1,1,1,0,0,1.1896119,1.76539
58,0,1,1,0,1,0,0.054419909,-0.27448922
28,0,0,1,0,1,0,0.35195971,1.6254369
55,0,0,0,0,0,0,0.54238719,2.0889444
43,0,0,1,0,0,0,0.21869946,-0.63674986
61,1,0,1,1,0,0,1.5066699,1.8941333
55,0,1,1,0,1,0,-1.1574575,-1.0812298
37,0,1,1,0,1,0,-1.905757,-1.0896988
69,1,0,1,1,0,0,2.1281183,2.5166216
41,0,1,0,1,0,0,1.3734096,0.6849876
67,0,0,1,1,0,0,1.7915422,0.57239592
77,0,0,1,1,0,0,0.16816208,-0.20907278
59,0,1,1,1,0,0,0.11762471,-0.26393071
54,1,0,1,0,0,0,1.6904675,1.6802949
49,1,1,1,0,0,0,3.3965704,1.1062852
26,0,0,1,0,1,0,2.6613801,2.2373664
62,0,0,1,0,0,0,-3.6116393,-3.7247047
44,0,0,1,0,0,0,-1.7022204,-1.2782655
39,1,1,1,1,0,0,-0.31339613,2.451205
43,0,0,1,0,0,0,-0.85328782,-0.82100236
66,0,0,0,1,0,0,1.6904675,0.61110216
30,0,1,1,0,1,0,1.0758698,1.820248
33,0,1,1,1,0,0,-0.58654648,-0.20907278
45,1,0,0,0,1,0,1.3605213,0.089860938
18,0,1,1,0,1,0,-1.6390157,-1.2318765
60,0,0,0,0,0,1,-1.7217386,-1.9943178
70,1,1,1,1,0,0,0.78961039,1.4664563
37,0,0,1,0,1,0,0.95527697,0.98392135
28,0,0,1,1,0,0,-0.5670284,1.7548316
27,1,1,0,0,0,0,-1.3024397,0.61110216
35,0,1,1,0,1,0,-0.085470185,-0.78726149
34,0,0,0,1,0,0,-0.015635539,-0.050092168
46,0,0,1,1,0,0,0.68190581,0.69554615
58,0,1,1,1,0,0,-1.0046791,0.10888845
39,0,0,1,1,0,0,1.0563517,1.6802949
65,1,1,1,1,0,0,1.5572072,1.1484951
52,0,0,1,0,1,0,0.15003105,0.19398364
52,1,0,1,0,0,0,-1.0177882,-1.6848254
63,0,0,0,1,0,0,1.8742651,1.8392755
54,0,1,1,0,0,0,0.37147778,-0.20907278
51,1,0,1,0,0,0,0.20056841,1.3074757
45,0,1,1,0,0,0,-0.38323078,-0.53262717
28,0,0,1,0,1,0,2.3248041,1.4664563
41,0,0,1,0,1,0,0.42201516,2.2373664
37,1,0,1,0,1,0,-2.1400919,-1.9394598
31,0,0,0,0,0,0,-1.9055362,0.013234722
29,0,1,1,0,1,0,-0.079061151,0.4817076
46,1,1,0,1,0,0,0.68853569,-2.515559
55,0,0,1,0,0,0,-0.70028865,-0.63674986
23,0,1,1,0,0,0,-0.78323233,-0.4313803
28,0,1,1,0,1,0,-1.5886991,-1.4519594
44,0,1,1,0,0,0,-0.5670284,0.89035714
62,1,0,1,1,0,0,-0.64997208,0.32272699
52,0,0,0,0,1,1,-0.61756575,-0.53262717
47,1,0,1,0,1,0,1.2401494,0.30369946
57,1,1,0,0,1,0,0.067087352,0.77008277
55,1,0,0,0,1,0,-0.73152876,-3.0887823
23,0,1,1,0,0,0,-2.7431884,-2.3073134
40,1,1,1,0,1,0,-1.201365,-0.11550862
33,0,0,1,0,0,0,-1.7851641,-0.24490319
52,0,0,0,0,1,0,2.1278973,1.0851682
49,1,0,1,0,0,0,1.1898328,0.72081798
49,0,0,1,0,0,0,-0.19943316,0.71234906
59,1,0,1,0,0,0,0.77147937,1.820248
64,1,0,0,1,0,0,-0.39611903,1.0493377
25,0,1,1,0,0,0,1.0055935,1.2631763
27,0,1,0,0,0,0,0.55527538,-0.050092168
74,1,1,1,1,0,0,1.3228723,1.6802949
28,1,1,1,0,1,0,-1.1703457,-1.0011001
42,1,1,1,0,1,0,-2.0387964,-1.9394598
66,0,0,1,1,0,0,-0.12937771,-0.74646568
71,1,0,1,1,0,0,3.3965704,3.410682
38,0,1,1,1,0,0,0.42201516,1.820248
43,0,0,1,0,1,0,-0.75104684,-0.52206862
70,1,0,1,1,0,1,1.3929276,-1.5476131
36,1,1,1,0,1,0,0.16816208,0.14471886
55,0,1,1,0,1,0,-0.33269343,-0.42291132
46,0,0,0,0,1,0,-1.8099251,-3.1570745
52,0,0,1,0,0,1,-1.239014,-1.3689538
54,0,1,1,0,1,0,-0.3005079,0.079302408
63,0,1,1,1,0,0,0.61870104,0.20245261
66,0,0,1,0,1,0,0.90473962,-1.212849
50,1,1,1,1,0,0,-0.12937771,-0.20907278
42,0,1,1,0,1,0,-0.49697295,-0.47776923
55,0,1,0,0,1,0,-2.2099266,-1.6763564
18,0,1,1,0,0,0,0.36484796,0.32272699
53,1,1,1,1,0,0,1.3731887,0.90938467
32,0,1,1,0,0,0,1.2906867,1.1484951
39,1,0,1,1,0,0,0.93575889,1.6064094
34,0,0,1,0,0,0,-1.9562943,-1.470987
36,0,0,1,1,0,0,0.63821912,-0.85058838
59,1,1,1,0,1,0,-1.8354807,0.17495613
41,0,1,1,0,0,0,0.55527538,1.3925709
53,0,1,1,0,0,0,-0.059322264,-0.29351676
36,0,0,1,1,0,0,2.2613785,1.4664563
41,1,0,0,1,0,0,0.07393799,1.7055668
32,1,1,1,0,0,0,0.73907304,-0.40388381
71,1,1,1,0,1,0,-1.2645698,-1.5856682
46,0,0,1,0,0,0,0.50473803,-0.27239969000000003
45,0,0,1,1,0,0,1.3228723,2.1930671
58,1,1,1,1,0,0,0.067308158,0.098329917
26,0,0,1,0,0,0,0.55527538,-0.62619132
47,1,0,0,1,0,0,0.55527538,0.14471886
64,0,1,1,1,0,0,-0.63708383,-0.24490319
30,0,0,1,0,1,0,0.60581279,1.0851682
35,1,0,1,0,0,0,1.7915422,1.8392755
31,0,1,0,1,0,0,0.0038825446,-0.73590714
27,1,0,1,1,0,0,-0.35243231,2.560921
67,0,1,1,0,0,0,-0.21895124,0.3775849
63,1,1,0,0,1,1,0.68875647,1.8751059
48,0,1,1,1,0,0,0.92287064,1.3074757
30,1,1,1,1,0,0,1.3228723,-0.26393071
61,0,1,1,0,1,1,0.067087352,-1.5033138
65,0,0,1,0,0,0,1.4756505,1.3538647
71,0,1,1,0,1,0,-1.6516831,-2.367137
73,1,1,1,1,0,0,1.3929276,2.6101856
56,0,0,1,0,1,1,0.47371876,-1.7396834
30,1,0,1,0,1,0,-2.9074681,-2.7293975
57,0,1,1,0,1,0,-0.58654648,-0.060650703
61,1,0,1,1,0,0,-0.015635539,0.3775849
68,1,1,1,0,1,0,-0.88430709,-0.89488775
59,1,1,1,0,0,0,0.23799673,1.3074757
31,1,0,1,0,1,0,-2.7742078,-0.48832777
24,0,1,0,1,0,0,-0.45328623,-0.46721071
65,1,0,1,1,0,0,0.97340804,0.61110216
32,1,0,0,1,0,0,1.5261879,1.7548316
44,0,1,0,1,0,0,1.9767269,2.3470824
33,0,1,1,0,0,0,-1.8421105,-0.72743815
60,0,0,0,0,0,0,-0.33269343,-0.050092168
56,0,1,0,1,0,0,1.1585927,1.6802949
27,0,1,1,1,0,0,1.8742651,1.5213143
69,1,0,1,1,0,0,1.2399285,1.9792286
56,1,1,1,0,0,0,0.086605437,1.337713
65,0,1,1,1,0,1,1.1080554,0.33393675
38,0,1,1,0,0,0,0.067087352,-0.039533634
21,0,1,0,0,1,0,-1.0678838,-2.4219947
48,1,0,0,0,1,0,-0.93462366,-0.01203715
26,0,1,1,0,1,0,-0.5670284,-0.49679676
55,1,0,1,1,0,0,1.9443206,2.3414893
63,1,1,1,0,0,0,0.55527538,-0.041623194
36,1,0,1,1,0,0,-3.0785983,-0.85267794
63,1,1,0,0,0,0,0.148644,0.71234906
45,0,1,0,1,0,0,-1.087402,-1.4266876
78,1,0,1,0,1,0,-3.0407283,-2.9432361
29,0,1,1,1,0,0,-0.80275041,0.21013531
31,0,1,1,0,0,0,1.8937832000000001,1.2441489
59,0,0,1,0,1,0,-1.1703457,-0.84002984
72,0,1,1,1,0,0,-0.015635539,-0.26393071
37,1,0,0,0,0,0,-0.23045245,-0.73590714
72,0,0,1,1,0,0,0.58768171,-0.12397759
40,1,1,1,0,1,0,0.87255406,0.15318783
45,0,1,1,1,0,0,1.0058143,-0.31878862
40,1,0,0,0,1,0,-1.8928688,-1.5751096
46,1,0,1,0,1,0,0.10473647,0.89035714
70,0,1,1,1,0,0,1.2093508,-0.13453613
80,1,0,0,1,0,0,1.2528168,0.77008277
69,0,1,1,1,0,0,1.2723348,-0.15980799
51,0,0,1,0,1,0,0.27062386,2.1332438
59,0,1,0,1,0,1,2.3624532,1.5022867
46,0,0,0,0,0,0,0.49184981,0.19110779
52,1,0,1,0,1,0,-0.93462366,-1.3689538
82,1,1,1,1,0,0,2.6613801,1.6999736
69,1,0,0,0,0,0,0.27040306,1.8392755
39,1,0,1,0,1,0,-0.93462366,-0.47776923
75,0,0,1,1,0,0,1.1261864,0.526007
48,0,0,1,1,0,0,-0.59943473,0.93674612
54,0,0,1,0,1,0,0.30164313,0.043471999
73,1,0,0,0,0,0,0.68875647,0.82494074
61,0,1,1,0,0,0,-0.035153624,1.2716453
60,1,0,1,0,0,0,0.11762471,-0.63674986
41,0,0,1,0,0,0,0.50495887,1.1484951
56,0,1,1,0,1,0,-1.087402,-1.5279344
59,0,0,1,0,1,1,2.2937849,-0.01985489
54,1,1,1,0,0,0,1.4561325,1.3074757
68,0,0,0,0,0,0,0.68853569,-0.38211551
63,1,1,1,0,1,0,1.0563517,1.7161252
48,1,0,1,1,0,0,-0.43376815,0.45212156
68,0,0,1,1,0,0,-1.4244195,3.410682
42,0,1,1,0,0,0,-0.079061151,0.57239592
35,1,0,1,1,0,0,-1.5057554,-2.3073134
67,0,0,1,0,1,0,-0.51649106,-0.80132359
45,1,0,1,1,0,0,-0.23045245,-0.60442305
64,1,1,1,1,0,0,2.6289737,1.8392755
49,0,0,1,0,1,0,0.1373636,0.77855176
43,0,0,1,0,1,0,0.015383744,-0.22522445
48,0,1,1,1,0,0,0.89185137,1.1484951
55,1,0,1,0,0,0,-1.5884783,-2.9242084
44,1,0,0,0,0,0,0.13714281,-0.88641882
44,0,0,0,0,0,0,1.1896119,0.89035714
35,0,0,1,1,0,0,-0.38323078,-0.53262717
68,1,0,1,1,0,1,0.77147937,-1.20438
70,1,1,1,1,0,0,-0.70028865,1.2441489
33,1,1,1,0,0,0,-0.70050949,-0.11341906
44,0,1,1,0,1,0,0.43490341,0.10888845
26,0,1,1,0,1,0,0.80912846,2.0425556
40,1,0,1,0,1,0,-1.3024397,-1.945053
59,0,0,1,1,0,0,-0.70028865,-0.47776923
63,1,0,1,1,0,0,1.8110603,1.4664563
36,1,0,1,0,0,0,1.3228723,0.6849876
33,0,1,1,1,0,0,0.50473803,-0.63674986
41,0,1,1,0,0,0,-0.50986123,0.93674612
59,0,0,1,0,1,1,-0.19943316,-0.47776923
41,1,0,1,0,1,0,-0.750826,1.4368702
51,0,0,1,1,0,0,-0.90382516,-0.82100236
45,1,1,1,1,0,0,0.95527697,2.4069057
25,0,1,1,0,0,0,-1.3541433,-1.9289013
20,0,1,1,0,0,0,-1.8357015,-2.1975977
36,0,1,1,0,0,0,0.23799673,0.83340967
26,1,0,1,0,0,0,0.11762471,0.87979865
51,1,0,1,1,0,0,-0.12937771,-0.12397759
26,0,1,0,1,0,0,0.93575889,0.73984551
19,1,0,1,1,0,0,-0.40274885,0.098329917
52,0,0,0,1,0,0,0.75881189,1.4368702
58,0,1,0,0,0,0,0.1373636,0.91003591
64,1,1,1,1,0,0,2.895715,2.0783858
74,1,0,0,0,0,0,-0.19943316,0.0047657462
59,1,0,1,0,0,0,-0.43354735,0.85021257
65,0,0,1,0,1,0,-1.537941,-2.3565784
29,0,0,1,1,0,0,0.5357573,0.21860428
67,1,1,1,1,0,0,1.3734096,0.36702636
64,0,0,1,0,1,0,-0.12959851,-0.38211551
50,0,1,1,0,0,0,-3.1107836,-2.4029672
68,1,0,1,1,0,0,0.7388522,2.0531139
72,0,0,1,0,1,1,-0.33269343,-0.31878862
43,0,1,0,0,0,0,-1.4552181,0.043471999
54,0,0,1,0,0,0,-0.066172905,0.054030534
20,0,1,1,0,0,0,-0.3639335,-1.2677069
22,0,1,1,0,0,0,-1.7022204,-0.11341906
65,1,0,0,1,0,0,0.27040306,1.6254369
45,0,0,1,1,0,0,0.50473803,-0.050092168
23,0,1,1,0,1,0,-0.41563711,-0.54109615
30,0,0,1,0,1,0,-3.0280607,-3.5657241
61,0,0,1,0,0,0,1.5572072,0.73137653
64,0,1,1,0,0,0,-0.58676732,1.4115984
37,1,0,1,1,0,0,3.2127728,2.3470824
62,1,0,1,1,0,0,0.37125698,0.10041948
45,0,1,0,0,0,0,0.36484796,1.1126647
49,0,1,1,0,1,0,-1.1313095,1.0197518
47,0,1,1,0,0,0,0.87233329,-0.12397759
50,0,0,1,0,0,0,-0.79495436,1.486135
32,0,1,0,1,0,0,-0.70050949,0.47323862
55,0,1,0,0,0,0,-0.2694886,-0.46930027
30,0,0,1,0,1,0,-1.1313095,-0.85058838
27,1,0,1,1,0,0,1.0058143,1.0387793
42,1,0,1,0,1,0,3.3965704,3.2517014
27,0,1,1,0,1,0,0.18768017,-0.69160777
64,0,0,1,0,0,0,0.8920722,0.82494074
56,1,1,1,1,0,0,1.1700939,0.94521511
29,0,1,0,0,0,0,-0.63708383,-1.40766
59,0,1,1,0,1,0,0.52425611,0.76161385
61,1,1,1,1,0,0,-0.43376815,-0.31878862
31,0,0,1,1,0,0,0.38436604,1.3623337
44,0,1,1,1,0,0,-1.1381601,1.2526178
58,0,1,0,0,0,0,0.68853569,0.75040406
51,0,1,1,0,1,0,1.2723348,0.61110216
24,0,1,1,0,0,0,-2.7431884,-2.3565784
38,1,1,1,0,0,0,-0.5670284,-0.050092168
27,0,1,1,0,0,0,0.70805377,0.81647176
55,1,1,1,1,0,0,1.1893911,1.4770149
51,1,1,0,0,0,0,-0.89719534,0.89035714
62,0,1,1,0,0,1,-1.8099251,-1.1192849
41,1,1,1,0,1,0,-0.18013588,-0.38211551
52,1,1,1,1,0,0,-2.0390172,0.526007
29,0,0,1,0,0,0,-1.7022204,-1.2867345
51,1,0,1,1,0,0,1.7423918,-0.30198571
23,0,1,0,0,1,0,-3.2945814,-2.9242084
61,1,0,1,1,0,0,-0.04665482,-0.011385914
64,0,0,1,0,0,0,1.0758698,1.0640512
66,1,1,1,0,0,0,1.5066699,2.1930671
45,1,0,1,1,0,0,0.87233329,-0.19851425
23,0,1,1,0,0,0,-2.4764471,-2.2166252
64,0,1,1,0,0,0,0.50473803,0.89035714
49,0,1,1,0,1,0,-1.087402,-2.2081563
59,0,1,1,0,1,0,0.0041033486,-1.695384
48,0,0,0,0,0,0,-1.1381601,-1.0348408
40,0,1,1,0,1,0,-0.70028865,-0.85058838
63,0,1,1,1,0,0,-0.12959851,0.15318783
55,1,1,1,0,1,0,-1.4552181,-2.0934751
49,0,0,1,0,1,0,-1.7217386,-2.8200858
66,1,0,1,1,0,0,1.1080554,1.7548316
66,1,0,1,1,0,0,0.51762629,2.0446451
55,1,0,1,0,0,0,1.5572072,-1.1171952
36,0,1,0,0,0,0,-1.7724967,0.40782219
50,0,0,1,0,1,0,1.1068891,0.50697947
56,0,0,0,0,1,0,-1.1379393,-0.88641882
39,0,0,1,0,0,0,0.21869946,0.26786906
67,0,0,1,0,1,0,-0.50382358,-0.29976112
63,0,1,1,0,0,0,0.11762471,-0.31878862
63,0,1,1,0,1,0,-1.1508276,-1.3718296
62,1,1,1,1,0,0,1.5066699,1.0387793
37,1,0,0,0,1,0,1.0563517,1.2884482
62,0,0,1,0,0,0,-0.097192183,1.1892909
64,0,1,1,0,1,0,-1.0046791,-2.7842555
30,1,1,1,0,1,0,3.3965704,2.9830048
58,0,1,1,1,0,0,1.5572072,1.4664563
65,0,1,1,1,0,1,-0.015635539,-0.74646568
63,1,1,1,1,0,0,2.3946388,1.0493377
45,1,0,1,0,0,0,1.8742651,0.82494074
60,1,1,0,0,0,0,-0.70028865,0.82494074
29,0,0,1,0,1,0,0.56816363,0.14471886
70,1,0,1,1,0,0,1.0563517,1.0387793
42,0,0,0,0,1,0,0.77147937,0.098329917
62,0,1,1,0,0,0,-1.7722759,-1.890195
63,0,0,0,0,0,0,1.3734096,1.9489913
56,1,1,1,1,0,0,-0.066172905,-0.57133341
54,1,1,0,1,0,0,3.0795126,3.1968434
70,1,1,0,1,0,0,1.3228723,1.7900107
45,0,1,0,0,0,0,-0.43376815,-1.009569
66,1,0,0,0,0,0,-1.4678855,-1.9943178
50,1,1,1,1,0,0,-0.015635539,-0.31878862
40,0,1,1,0,0,0,-0.88430709,-0.11341906
64,1,0,1,0,0,0,1.3538915,2.8345828
57,1,1,1,1,0,0,-0.64997208,-0.4123528
55,1,0,1,0,0,0,2.762234,3.410682
64,1,1,0,0,1,0,-1.2206622,-0.57133341
69,0,1,0,1,0,0,1.1390746,1.0936371
66,0,1,1,0,0,0,-2.8948004,-0.060650703
55,0,1,0,0,1,0,0.50495887,-0.031064659
51,0,1,0,1,0,0,1.3605213,1.2990067
42,0,1,0,1,0,0,0.68853569,-0.46721071
64,0,0,0,1,0,0,1.6077446,1.000073
68,1,1,1,1,0,0,1.3228723,1.0936371
57,1,0,1,0,0,0,-0.33269343,1.0936371
71,0,1,0,0,0,0,-0.38323078,-0.31878862
68,1,0,1,1,0,0,2.229193,1.9848217
58,0,1,0,1,0,0,0.0041033486,0.27411345
49,0,1,1,1,0,0,0.0036617406,1.2631763
69,0,0,1,0,0,0,-0.57991666,-0.85905737
84,1,1,1,0,0,0,0.73907304,0.035003025
41,0,0,0,0,1,0,-0.70028865,-1.3225648
54,0,0,1,0,1,0,-1.9560735,-1.212849
66,0,1,1,1,0,0,0.27040306,0.67651862
77,0,1,1,1,0,0,1.7410048,1.7351527
64,0,1,1,0,1,0,-1.4356999,-1.695384
67,0,0,1,0,0,0,0.43490341,-1.20438
63,1,0,1,1,0,0,1.5066699,1.4664563
69,1,1,1,0,0,0,-1.0177882,-2.1785703
61,1,0,1,0,0,0,0.99292612,0.4626801
64,0,1,1,0,0,0,-0.015635539,0.10888845
39,0,0,1,0,0,0,0.42201516,-0.68104923
72,1,0,1,1,0,0,0.82201672,-1.4266876
68,0,0,1,1,0,0,0.50473803,0.93465656
20,0,1,1,0,1,0,-0.37034252,0.29314095
40,0,1,0,0,1,0,0.82201672,-1.212849
56,0,1,0,0,0,0,0.77147937,-1.20438
55,0,1,1,0,0,0,0.37147778,0.3585574
37,1,0,0,0,0,0,1.0368336,-0.57133341
54,0,0,1,0,0,0,0.85303599,0.79470342
57,0,1,1,0,0,0,-1.1379393,-1.9858488
59,1,1,1,1,0,0,1.2399285,1.3074757
42,1,0,1,1,0,0,0.20719825,2.0235279
39,0,1,1,0,1,0,-1.220883,0.45421112
64,0,0,1,0,0,0,-0.6938796,0.44365257
69,0,1,1,1,0,0,-0.12959851,-0.59595406
46,0,1,1,0,0,0,-3.1107836,-1.6130296
61,1,0,1,1,0,0,1.0563517,0.50697947
33,0,0,1,0,1,1,-0.015635539,-0.28295821
19,1,1,1,1,0,0,-1.2843087,-0.62619132
56,0,1,1,0,1,1,0.53714436,0.34240574
58,0,1,1,0,1,0,-0.89093691,0.98392135
56,0,1,1,0,1,0,-0.43376815,-0.63674986
31,0,1,1,0,1,0,-0.90360439,0.10888845
73,0,1,1,0,0,0,0.59918296,0.013234722
61,1,1,1,0,1,0,-2.3937242,-2.4219947
69,1,1,1,1,0,0,0.11762471,0.10888845
71,1,0,1,0,0,0,1.6904675,0.34799886
32,0,1,1,0,1,0,0.77147937,1.4115984
21,0,1,1,0,0,0,0.60581279,0.72081798
53,0,1,1,0,1,0,-0.40296966,-1.6657979
71,1,1,1,0,0,0,-2.4066124,-1.9943178
75,1,0,1,1,0,0,1.1896119,0.73137653
18,0,1,1,0,0,0,0.87255406,-1.2486794
27,1,0,1,0,0,0,0.62533087,0.70179051
30,0,1,1,0,0,0,-1.9753708,-0.63674986
25,0,1,0,1,0,0,-0.18013588,1.1977599
18,0,1,1,0,0,0,0.95527697,-1.462518
27,1,0,1,0,1,0,-2.3937242,-0.33781612
57,0,0,1,1,0,0,1.5066699,1.6254369
28,1,0,1,0,1,0,1.3423903,1.2230318
33,1,0,0,0,1,0,-1.1069201,-0.84849882
67,0,1,1,1,0,0,0.68853569,0.40494633
52,1,0,1,0,0,0,1.0432427,1.6802949
44,0,1,1,0,1,0,1.8937832000000001,0.82703024
63,0,0,1,0,1,0,-0.34558165,0.82703024
49,0,1,1,0,1,0,-1.5057554,-0.88641882
38,0,0,1,0,1,0,-0.33291423,-1.212849
24,0,1,0,1,0,0,0.61870104,0.10888845
41,0,0,1,0,0,0,0.491629,0.5386551
58,1,1,1,0,0,0,0.32094043,0.67651862
23,0,0,1,1,0,0,-0.47906274,1.9792286
35,0,0,0,0,0,0,-0.75104684,-0.69160777
51,1,0,0,0,1,0,0.32094043,0.24884155
58,0,1,1,0,1,0,-0.23708227,-1.5173758
54,1,1,1,0,1,0,0.87255406,0.51753801
56,0,1,0,1,0,0,0.61870104,-0.45874172
63,0,1,0,0,0,0,-1.4552181,-1.3035374
49,1,1,1,1,0,0,0.55527538,0.3775849
66,1,1,1,0,1,0,-1.4552181,-2.4114363
45,0,1,0,1,0,0,1.3228723,-0.26393071
57,1,1,0,1,0,0,0.054419909,1.1484951
50,0,1,0,0,1,0,-0.31317532,-0.73590714
75,1,0,1,1,0,1,-0.57991666,1.3433061
74,1,0,0,0,1,1,-1.4423298,-2.934767
51,0,0,1,1,0,0,0.10495728,0.26577953
57,0,1,0,0,1,0,-1.57559,-1.890195
30,0,0,0,1,0,0,0.11762471,-0.050092168
64,0,1,0,0,0,0,0.27062386,-0.68313879
35,1,0,1,0,0,0,1.9248024,3.0927207
69,1,0,1,1,0,0,1.423947,0.29314095
66,1,1,1,1,0,0,0.92287064,0.82494074
47,1,0,1,0,1,0,1.5066699,-0.68104923
27,1,1,1,0,1,0,0.87255406,0.2594001
65,0,1,1,0,1,0,-2.2731314,-1.4815454
68,0,0,1,1,0,0,0.1373636,0.58933389
41,0,1,1,0,1,0,1.1390746,0.67651862
33,0,0,1,1,0,0,1.6904675,1.5213143
64,0,1,0,0,1,0,2.191323,0.69554615
70,1,0,1,1,0,0,0.32094043,0.0047657462
51,1,0,1,1,0,0,0.95527697,0.82494074
18,0,1,0,0,0,0,0.37125698,0.82494074
58,0,1,1,0,0,0,0.68875647,0.66596007
58,1,1,1,0,1,0,-1.3346252,-1.212849
72,0,1,1,1,0,1,-0.2694886,0.96424258
37,0,1,1,0,1,1,-0.033766575,-2.5725064
46,1,0,1,1,0,0,0.92287064,1.1041957
35,0,0,0,0,1,0,-1.9562943,-0.73590714
63,1,0,1,1,0,0,1.6904675,0.77008277
30,0,1,0,0,0,0,-0.83376974,-0.20907278
55,1,1,0,0,0,0,0.054419909,-0.53262717
60,0,1,1,1,0,0,0.68853569,1.820248
59,1,1,1,0,1,0,-1.8549988,-1.9943178
54,0,0,1,0,0,0,1.075649,0.21013531
33,0,1,1,1,0,0,-0.70028865,-0.89488775
55,1,1,1,1,0,0,2.2613785,2.247925
67,1,0,0,1,0,0,0.60581279,-0.78517193
47,1,0,1,0,1,0,-1.5057554,-1.3035374
51,0,1,1,1,0,0,-0.38323078,-0.33781612
31,0,1,1,0,1,0,-0.82088149,1.1872014
69,0,0,1,1,0,0,0.87233329,1.4579873
41,0,0,1,1,0,0,-0.57991666,-0.44193882
74,1,0,1,1,0,0,2.6291945,2.506063
33,0,1,1,0,0,0,1.9948579,1.7161252
73,0,0,1,1,0,0,0.82201672,0.50697947
21,0,0,1,0,0,0,-0.93462366,1.1294676
69,0,0,1,1,0,0,0.11762471,0.51753801
66,1,0,1,0,0,0,0.77147937,-1.2697965
42,1,0,1,0,0,0,-0.12937771,0.77008277
53,1,1,1,1,0,0,2.4957135,-0.0037032294
69,1,0,1,1,0,0,1.3228723,1.6802949
66,1,1,0,1,0,0,0.30142233,-0.096481107
54,0,1,1,0,1,0,-3.6116393,-2.9980938
45,0,1,1,0,1,0,-1.3851626,-0.31878862
23,0,1,0,0,1,0,-2.7742078,-2.4219947
62,1,1,1,0,0,0,0.30164313,0.15318783
34,0,1,0,0,1,0,1.0055935,-0.039533634
46,0,0,1,0,1,1,-1.5689602,-1.695384
52,1,1,1,0,0,0,1.5066699,0.10888845
67,1,0,1,0,0,0,0.75196129,1.2526178
29,0,1,1,0,1,0,0.68853569,0.67651862
23,0,1,1,0,0,0,0.90473962,0.4626801
49,0,0,1,0,1,0,-0.49697295,-0.69160777
58,1,0,0,1,0,0,0.94260955,2.4617636
53,0,0,1,0,0,0,0.47255251,0.67651862
42,0,1,1,0,0,0,-0.43376815,-0.085922576
45,0,0,1,0,1,0,-1.6323858,0.28467196
54,0,1,1,1,0,0,0.85303599,1.5213143
67,0,1,1,0,0,0,0.32094043,0.4626801
23,0,0,1,0,1,0,-0.56724918,-0.11341906
64,1,1,1,0,0,0,-1.239014,-0.80979258
63,0,1,1,1,0,0,-1.3541433,-0.069119677
57,1,1,1,0,1,0,1.1896119,1.9489913
40,1,0,1,1,0,0,0.35195971,0.3775849
56,1,1,0,0,1,0,-0.88430709,0.32272699
56,1,0,0,0,0,0,0.95527697,0.61110216
57,0,1,1,1,0,0,-0.12959851,0.4626801
58,0,0,0,0,1,0,-3.0785983,0.34240574
60,1,1,1,1,0,0,3.2127728,1.5128453
62,0,0,0,0,0,0,-1.6519039,-0.95821464
40,0,1,1,0,0,0,-0.015635539,-0.30823007
29,0,1,1,0,0,0,1.423947,0.73137653
51,0,1,1,0,0,0,-2.260464,0.76161385
48,0,0,1,0,0,0,-0.70028865,-0.11550862
49,0,1,0,0,1,0,-0.61756575,-1.0728959
51,0,1,1,1,0,0,0.42201516,0.3585574
56,0,1,0,0,1,0,-1.8099251,-1.3689538
70,1,0,1,0,0,0,-0.24472773,-0.90335673
70,1,0,1,0,0,0,-2.7110028,-3.0887823
68,1,0,0,1,0,0,1.2723348,0.82494074
57,0,0,0,0,1,0,0.82179594,0.87979865
40,0,1,1,0,0,0,1.0058143,0.3585574
45,1,1,1,0,0,0,-0.70028865,-1.2782655
76,0,1,0,0,1,0,0.40388411,-0.48832777
66,1,0,1,0,0,0,-3.6116393,-3.7247047
68,1,1,0,0,1,0,-0.19965397,-1.009569
57,0,1,1,1,0,0,1.5572072,0.36911592
66,0,0,1,1,0,0,1.4366144,1.1126647
71,1,0,1,0,1,1,1.2528168,2.8345828
53,0,1,1,0,0,0,-1.1755885,-3.0887823
35,1,0,0,0,1,0,1.5767252,1.7709832
55,0,1,0,0,1,0,-0.015635539,0.33393675
49,1,0,1,0,0,0,-0.24997053,-0.31878862
56,1,0,1,1,0,0,0.91624081,1.4664563
60,1,1,1,1,0,1,-0.49697295,0.2825824
56,1,0,0,0,1,0,0.30142233,-0.47567967
68,0,0,1,0,0,1,0.87255406,0.50697947
38,1,0,1,1,0,0,-0.59943473,-0.35749486
38,1,0,1,0,0,0,1.7099855,1.3074757
77,0,1,0,1,0,0,2.0580628,0.82494074
47,1,0,1,0,1,0,-3.4278417,-1.6405261
55,1,0,0,1,0,1,0.48521996,0.25731054
57,0,0,0,0,0,0,-1.9055362,-2.2081563
69,0,0,1,0,1,0,-3.6116393,-2.7293975
60,1,1,0,1,0,0,0.48544076,0.72081798
50,0,1,1,0,0,0,0.30164313,1.0387793
40,1,0,1,1,0,0,-1.0678838,0.27411345
55,1,1,1,0,0,0,0.48521996,1.3074757
56,1,1,1,0,1,0,0.68875647,1.0387793
45,0,0,0,1,0,0,1.6582819,-0.79364091
41,1,0,0,1,0,0,1.4432442,0.93674612
48,0,0,1,0,0,0,2.4957135,1.4579873
56,1,1,1,0,0,0,-0.82088149,-1.6763564
24,1,1,1,1,0,0,0.034901828,-0.57133341
71,0,0,0,1,0,1,1.1896119,-0.26393071
65,0,0,1,0,0,0,1.423947,0.90729511
84,0,0,1,1,0,0,0.80890769,2.4069057
34,1,1,1,1,0,0,1.423947,0.98951447
55,0,1,1,1,0,0,1.8237277,0.2594001
60,0,1,1,0,1,0,-3.2440438,-1.5856682
59,0,1,0,0,0,0,0.98607546,3.410682
41,0,1,1,0,0,0,-0.0092265056,-2.521152
60,0,0,1,0,0,1,0.18768017,-0.47776923
44,0,1,1,0,0,0,1.5572072,1.0936371
69,1,0,0,1,0,0,1.1068891,1.4664563
67,0,1,0,0,1,0,-0.44687721,-2.0934751
45,1,1,1,0,1,0,0.32094043,-0.31878862
68,1,0,1,1,0,0,0.73244321,0.26786906
49,0,1,1,1,0,0,1.3228723,1.0387793
67,0,1,1,1,0,0,1.7281166,1.1400261
59,0,1,1,1,0,0,2.5281198,1.1041957
50,0,0,1,0,0,0,0.18105033,0.40782219
66,1,1,1,0,0,0,0.047569267,-0.66202176
35,0,0,1,1,0,0,1.0758698,0.079302408
34,1,0,1,1,0,0,-0.65019292,0.83549923
47,0,1,0,1,0,0,1.2399285,-0.92512506
78,0,1,1,1,0,0,1.1896119,1.1041957
55,1,0,0,1,0,0,-0.38323078,0.16374637
64,0,0,1,0,0,0,1.0058143,0.024444493
23,0,1,1,1,0,0,-0.11671027,-0.87586027
34,1,1,1,0,1,0,1.7607437,2.9337399
25,0,1,1,0,1,0,-1.9055362,-1.1551152
25,0,1,1,0,1,0,1.1195565,1.1041957
69,1,1,1,1,0,1,-0.0659521,-0.12397759
35,0,0,1,1,0,0,1.2401494,1.5107557
26,1,1,1,0,0,0,-0.19965397,0.77008277
58,1,0,1,0,0,0,0.23821753,-0.27448922
47,1,0,1,1,0,0,1.3228723,0.82494074
59,0,1,1,1,0,0,1.6904675,0.54503447
54,0,0,0,1,0,0,-1.1884767,1.3925709
36,0,1,1,1,0,0,-2.4893353,-0.85905737
55,0,1,1,0,1,0,-0.50338197,3.410682
53,0,1,1,0,1,0,-3.2440438,-3.0831892
31,0,0,1,0,1,0,0.50495887,-0.060650703
51,0,0,1,0,0,0,0.84131402,0.97545236
61,0,1,1,0,0,1,1.1080554,1.96867
29,0,1,1,0,1,1,-3.0785983,-0.58748507
57,0,1,1,0,0,0,-0.18654491,0.93465656
56,0,1,1,1,0,0,1.1896119,0.6849876
45,0,1,1,0,1,0,1.9946371,1.4664563
50,0,1,1,0,1,0,-3.0785983,-0.39267403
64,1,1,1,1,0,0,-2.026129,-1.9943178
38,0,1,1,0,1,0,-0.8335489,-0.85058838
54,1,1,1,0,0,0,-0.19943316,-0.84002984
28,0,1,1,1,0,0,-1.7656461,-1.5448724
26,0,1,1,0,1,0,-0.14911661,0.31425801
27,0,1,1,0,1,0,0.80249864,0.30369946
53,0,0,0,0,1,0,-1.4678855,-2.9980938
49,0,0,1,0,1,0,-2.0066109,-1.890195
60,0,1,1,0,0,0,-3.2440438,-2.9432361
63,1,1,1,1,0,0,1.3228723,0.93465656
34,0,1,1,0,0,0,1.8742651,2.4069057
31,1,0,1,0,1,0,-3.0407283,-3.5657241
50,1,1,1,1,0,0,1.0561309,0.93465656
58,1,0,1,0,1,0,0.11784552,-0.53262717
52,1,0,1,0,0,0,-2.9773026,-3.1570745
38,0,0,1,0,0,0,0.87233329,0.19957677
44,0,0,1,0,1,0,-1.0678838,-0.69160777
39,1,0,1,0,0,0,0.054419909,2.0783858
57,1,0,0,0,0,0,-3.478379,-2.0133452
28,0,1,1,0,0,0,1.0561309,1.1041957
62,0,1,1,1,0,0,0.30142233,1.1484951
69,0,0,1,0,0,0,0.11762471,0.10888845
49,0,0,1,0,1,0,0.067087352,-1.0644269
33,0,1,1,0,1,0,0.07393799,0.4626801
53,1,0,1,0,1,0,0.38436604,0.29314095
61,0,0,1,0,1,1,-2.1400919,-0.59595406
60,1,0,1,1,0,0,0.25110579,0.526007
43,0,0,1,0,0,0,-1.7090712,-0.23369342
35,0,1,1,0,0,0,0.45420069,1.4664563
38,0,1,1,0,0,0,0.32094043,-0.10495009
23,0,1,1,1,0,0,0.42179435,0.66596007
68,1,1,1,1,0,1,0.58768171,0.39726365
27,0,0,0,0,1,0,0.1373636,0.079302408
45,0,0,0,0,1,0,0.75837028,-0.46721071
23,0,1,1,1,0,0,-1.2011442,0.59207469
70,1,0,0,1,0,0,0.48521996,0.74193507
48,0,0,1,0,0,0,-1.1315303,0.40782219
33,0,0,1,0,0,0,-0.24997053,-0.31878862
34,0,1,1,0,0,0,-0.11787651,1.5403417
22,1,0,1,0,1,0,0.80249864,-0.89488775
56,0,1,1,1,0,0,0.73907304,1.2526178
56,0,0,1,1,0,0,-0.19943316,0.16374637
72,0,1,1,1,0,1,0.42201516,1.0851682
28,0,1,0,0,1,0,-0.57991666,-0.54109615
60,1,0,1,1,0,0,1.0055935,-0.0037032294
66,0,0,1,0,0,0,-1.0678838,-1.9964073
53,1,0,1,0,0,0,2.2613785,2.506063
51,0,1,1,0,1,0,0.034901828,2.3470824
62,0,0,0,0,1,0,0.33382866,0.4817076
54,0,1,1,0,0,0,-0.066172905,-0.46721071
43,0,1,1,0,1,0,-1.4423298,-1.4730765
61,0,1,0,0,0,0,-0.61756575,0.26786906
37,0,0,0,1,0,0,-0.75104684,0.043471999
80,1,1,1,0,1,1,0.37169859,0.19957677
61,0,0,1,0,0,0,0.68875647,-0.6346603
62,0,1,1,0,1,0,0.43468261,-0.38211551
48,1,0,1,0,1,0,-2.9074681,-2.7842555
72,1,0,1,1,0,0,1.4871517,1.6802949
43,0,1,0,1,0,0,1.6077446,1.6802949
59,1,1,1,1,0,0,0.034901828,0.93465656
28,1,1,0,0,1,0,0.68875647,-0.079678215
63,0,1,0,0,0,0,0.067087352,0.40782219
50,1,0,0,0,0,0,0.38436604,0.526007
62,1,1,0,1,0,0,0.45420069,1.4664563
28,0,1,1,1,0,0,0.32094043,-0.90335673
19,0,0,1,1,0,0,-0.59943473,-0.9990105
40,1,0,1,0,0,0,-0.58013743,0.82703024
35,0,1,0,0,1,0,0.70805377,-1.3689538
40,0,0,1,0,1,0,-0.04665482,0.22981405
46,1,0,1,1,0,0,1.0758698,0.50697947
45,0,1,1,0,1,1,0.0038825446,0.28467196
29,1,1,1,1,0,0,-1.0173465,-2.0027866
67,1,0,1,1,0,0,1.8742651,1.6254369
56,0,1,0,0,1,0,-3.478379,-2.8391132
65,0,0,1,0,1,0,-0.24997053,-0.85058838
30,0,0,1,0,0,0,-1.3722743,-1.6405261
43,1,0,1,0,0,0,1.7423918,2.1332438
73,1,1,1,0,0,1,0.20056841,-0.63674986
44,1,0,1,1,0,0,0.68853569,0.94521511
41,1,1,1,1,0,0,1.9443206,1.0851682
74,0,0,1,1,0,0,1.1896119,-0.61772233
60,0,0,1,1,0,0,0.87233329,-0.57133341
61,1,1,1,1,0,0,-0.12959851,1.8751059
49,0,1,0,0,0,0,-0.24974972,-0.70216632
64,1,1,1,0,1,0,-0.66810316,-0.15980799
54,1,0,1,0,1,0,0.90473962,1.0303103
74,0,0,1,0,1,0,-1.9367763,-3.0887823
61,0,0,0,0,0,1,0.25088498,-0.72743815
53,0,0,1,1,0,0,-0.53600913,0.47114906
56,1,0,1,0,0,0,0.80249864,1.4474288
26,1,0,0,0,1,0,1.2093508,0.85021257
70,0,0,1,1,0,0,0.87233329,0.43309405
53,0,1,1,0,1,0,-0.90360439,-0.20907278
52,0,1,1,0,1,0,-1.1250511,-2.4219947
37,0,1,1,0,0,0,-0.11648946,-0.68313879
47,0,1,1,0,0,0,1.2089093,0.61319172
52,0,1,1,1,0,0,-1.2714204,-1.5666406
51,1,0,1,1,0,0,0.33382866,0.69554615
44,0,1,1,1,0,0,0.32094043,0.47114906
37,0,1,1,0,0,0,0.25773561,0.18342511
67,0,1,0,0,1,0,-0.68762124,0.20245261
24,0,1,1,0,0,1,-0.93462366,-0.050092168
50,1,0,1,0,1,0,1.0368336,1.8392755
40,1,0,1,1,0,0,0.61870104,-0.050092168
67,0,0,0,1,0,0,-0.750826,-1.1192849
60,0,0,1,1,0,0,0.63821912,0.51544845
64,0,0,1,0,1,0,0.18768017,0.4626801
32,0,1,1,0,1,0,-0.24974972,0.36702636
58,0,0,1,0,1,0,0.97479504,1.3074757
66,0,0,0,0,0,1,-1.0678838,-0.47776923
42,0,1,0,0,1,0,-3.0785983,-2.6611052
58,0,0,1,0,0,0,1.3605213,0.94521511
59,0,0,0,0,0,0,0.48544076,1.4664563
45,0,1,1,0,1,0,1.8432459,0.83549923
59,1,0,1,1,0,0,-1.1508276,0.98392135
51,0,0,1,0,0,0,-0.43376815,-1.259238
31,0,1,0,1,0,0,0.23799673,0.82494074
49,0,0,1,0,0,0,0.2575148,-0.69160777
58,1,0,1,0,0,0,-1.537941,-1.212849
22,0,1,0,0,0,0,1.423947,-0.27448922
53,0,1,1,0,1,0,0.42179435,1.1041957
70,0,1,1,0,1,0,-1.4552181,-1.4182186
69,1,1,1,1,0,0,1.0561309,1.6254369
41,0,1,0,0,0,0,0.87255406,0.50697947
49,0,0,1,0,0,0,-0.73793781,-0.68313879
31,0,1,1,0,1,0,-0.13622835,-0.45874172
42,0,1,0,1,0,0,2.6613801,3.410682
35,0,1,1,0,1,0,1.423947,-1.462518
50,0,1,1,0,0,0,-2.4442616,-1.1551152
56,1,0,1,0,0,0,1.3228723,-1.212849
38,0,1,1,0,0,0,-0.51671183,-0.45874172
35,0,0,1,0,1,0,-3.478379,-2.5619478
64,1,1,1,1,0,0,0.50473803,-0.3272576
60,1,0,0,0,1,0,-0.82088149,-0.72743815
57,0,1,1,0,1,1,-0.44017717,-0.9990105
51,0,1,1,0,0,0,-0.77056491,1.2884482
58,1,1,1,0,1,0,-0.88430709,-1.7804792
59,0,1,1,0,0,0,0.47371876,1.8308065
51,0,1,1,0,0,0,-1.2011442,-0.73590714
53,1,0,1,1,0,0,-0.19943316,0.73137653
45,0,0,0,0,0,0,0.66923839,0.29314095
52,0,1,1,0,0,0,0.68875647,0.82494074
64,1,1,1,1,0,0,1.3228723,-0.45874172
34,0,0,0,1,0,0,1.1390746,0.47114906
47,0,1,1,0,1,0,-0.015635539,-0.47776923
29,0,1,1,1,0,0,1.4561325,1.1977599
44,1,1,1,0,1,0,-0.88408631,0.079302408
43,0,0,1,1,0,0,1.6091316,1.9299638
64,0,1,1,1,0,0,-0.70028865,-0.37364653
57,0,0,1,0,1,0,-0.097192183,-2.7209284
37,0,1,1,0,1,0,-0.78323233,-0.41444236
71,1,1,1,0,0,0,0.58768171,1.8941333
69,1,1,0,0,0,0,-2.2731314,-0.79285461
49,0,0,1,0,0,0,-0.51671183,-1.462518
33,0,0,1,0,1,0,-1.2711996,-1.1087263
65,1,0,1,1,0,0,2.895715,1.346182
49,1,1,1,1,0,0,2.1915438,0.36702636
51,0,1,1,1,0,0,0.23136689,0.53656554
52,1,1,1,1,0,0,1.3423903,1.2631763
70,1,1,1,0,1,0,0.56816363,0.25731054
28,0,0,1,0,1,0,0.97340804,1.9299638
50,0,1,0,1,0,0,-1.8733506,-0.27239969000000003
68,0,0,1,0,0,0,-0.28215605,-0.31878862
48,1,1,0,0,1,0,0.23821753,0.93465656
58,1,0,0,1,0,0,1.8110603,0.3775849
55,0,0,1,0,0,0,0.27040306,1.0387793
36,1,0,1,0,0,0,2.3948596,1.9489913
62,1,0,1,1,0,0,1.6904675,1.6802949
38,1,0,1,0,0,0,-0.630454,1.6064094
45,0,1,1,0,1,0,1.3734096,0.87979865
58,0,1,1,0,0,0,-3.0785983,1.1401612
40,0,1,1,0,1,0,-1.5057554,-2.4029672
68,1,0,1,0,0,0,0.87233329,1.0493377
62,1,0,1,1,0,0,1.7915422,1.6254369
64,1,0,1,0,0,0,-1.537941,-0.80979258
38,0,1,0,0,0,0,0.80912846,0.054030534
35,0,1,1,0,0,0,0.48544076,-0.86739129
56,1,1,0,0,0,0,-0.71980673,1.0936371
31,1,1,1,0,1,0,-0.76371425,-0.27239969000000003
44,1,0,1,0,0,0,0.18768017,0.50697947
45,0,1,1,0,0,0,0.18768017,0.043471999
50,0,1,1,0,0,0,-0.5670284,-0.47776923
53,1,0,1,1,0,0,0.27062386,-0.050092168
51,0,1,1,0,1,0,-1.9055362,-2.1532984
27,0,1,1,0,1,0,-0.015635539,-0.40388381
46,1,0,0,0,0,0,-0.206063,-1.462518
70,0,0,1,0,1,0,0.30827299,1.337713
56,1,0,0,0,0,0,-0.11671027,-0.26393071
64,1,0,1,0,1,0,1.6399301,0.56392694
32,0,1,1,0,1,0,-0.28215605,2.9830048
56,0,0,1,0,0,0,-0.89093691,-3.0887823
37,0,0,1,1,0,0,1.3734096,1.5571446
47,0,0,1,0,0,0,-0.31339613,-1.1087263
51,0,0,1,0,0,0,-0.3005079,0.4817076
49,1,0,1,1,0,0,2.0075254,2.6207442
75,1,1,1,1,0,0,-1.537941,0.4626801
35,0,1,1,0,1,0,1.0495011,1.6339059
74,1,1,1,0,0,0,0.50473803,-0.27239969000000003
40,0,1,1,1,0,0,-0.028523784,0.10041948
59,1,0,0,1,0,0,1.8237277,1.4664563
44,1,0,1,0,1,0,-0.6874004,0.45212156
30,1,1,1,0,0,0,0.78961039,-1.2486794
32,1,1,1,0,0,0,0.92309147,-0.014261764
75,1,0,1,0,0,0,-1.239014,-2.4135258
36,0,0,1,0,1,0,-0.70028865,-1.9943178
34,0,0,1,0,0,0,-3.6116393,-3.7247047
45,0,1,1,1,0,0,0.87255406,-0.68313879
48,1,1,1,0,0,0,0.92287064,1.000073
66,1,1,1,0,0,0,0.067087352,0.49017659
54,0,1,1,0,1,0,-0.053284656,-0.38211551
48,1,1,1,0,0,0,-1.5252734,-1.3120064
58,1,0,1,0,0,0,0.73929381,0.56183738
49,0,0,1,0,1,0,-2.5076871,-1.1466463
53,1,0,1,1,0,0,-0.38323078,-0.63674986
68,0,0,1,0,0,0,1.6399301,1.4664563
70,1,1,0,1,0,0,1.2401494,1.1484951
59,1,1,1,0,1,0,-0.87141883,-0.67258024
61,0,1,1,0,1,0,1.1585927,2.0340865
36,1,1,1,0,0,0,-1.7217386,-1.4266876
39,0,1,1,1,0,0,-0.75104684,-1.462518
60,1,1,1,0,0,0,-0.51649106,-1.9943178
56,0,1,0,0,1,0,-1.4356999,-0.10495009
36,0,1,0,1,0,0,0.11762471,-0.78517193
48,0,1,1,0,1,0,-2.356075,-0.9990105
49,1,0,1,0,0,0,1.9248024,-0.68104923
72,0,1,1,1,0,0,1.9248024,1.7815417
35,0,0,0,1,0,0,-0.17991507,-0.26393071
47,1,0,1,1,0,0,0.80227786,0.21013531
86,1,0,1,0,0,0,0.034681022,-0.54109615
43,0,1,1,0,1,0,-1.4549972,-1.7312144
41,0,0,1,0,0,0,-2.692651,-1.7804792
45,0,1,1,1,0,0,-0.51649106,-0.40388381
31,1,1,1,1,0,0,2.1786556,-0.3272576
53,0,0,1,1,0,0,0.93575889,0.67651862
39,1,1,1,1,0,0,0.56153381,1.5213143
46,1,1,1,0,0,0,0.054419909,0.089860938
34,1,0,1,1,0,0,0.61870104,-0.3272576
43,1,1,1,1,0,0,1.5066699,1.4115984
55,0,0,0,0,0,0,-1.9758124,-0.66411126
29,0,1,0,0,0,0,0.42179435,1.3820124
33,0,0,0,0,1,0,1.2594466,0.98104548
52,1,0,0,1,0,0,1.6904675,-0.97998297
58,0,0,0,0,0,0,-0.066172905,-0.10495009
69,0,1,1,1,0,0,1.0058143,-0.20907278
65,0,1,1,0,1,0,1.1714809,-0.13453613
70,1,1,1,1,0,0,2.7624547,1.9489913
65,0,0,0,0,1,0,-1.6516831,-0.64730841
40,0,0,0,0,0,0,-1.0046791,0.50697947
66,0,1,1,0,0,1,1.2089093,-2.0048761
62,1,0,1,0,0,0,-0.64975131,-0.94127673
64,0,1,1,1,0,0,-0.2694886,0.41629115
66,0,0,0,1,0,0,0.43490341,-0.41444236
68,0,0,1,0,0,0,1.0561309,1.2631763
44,0,1,1,0,1,0,-0.5670284,-0.48623821
66,0,0,1,0,0,0,1.8742651,0.52809656
65,1,1,1,1,0,0,-0.23045245,0.33393675
64,1,0,1,0,1,0,-1.0681047,-0.69160777
36,0,0,1,0,0,0,-1.5057554,0.043471999
71,0,0,0,0,0,0,1.6270418,0.83549923
58,0,0,0,0,1,0,-2.4442616,-3.4067435
20,1,1,1,0,0,0,2.1283391,2.2922244
44,0,1,1,0,0,0,-2.2097058,-0.51359963
60,1,1,1,1,0,0,2.2615993,0.61110216
52,0,0,1,0,0,0,-1.3036059,-3.0831892
71,0,1,0,0,0,0,-0.19943316,2.0446451
59,0,0,1,0,0,1,-0.51649106,0.10888845
52,0,1,1,1,0,0,-0.11671027,-0.10495009
67,1,0,0,0,0,0,-2.2731314,-1.3774228
65,0,0,0,1,0,0,1.3228723,1.3623337
44,1,0,1,1,0,0,-0.51671183,-0.20907278
28,0,1,1,1,0,0,1.3228723,0.73137653
25,1,1,1,1,0,0,0.80249864,2.506063
67,1,0,1,0,1,0,0.73907304,0.4626801
57,0,0,1,1,0,0,0.55527538,-0.050092168
47,1,1,1,0,1,0,-0.015635539,-0.85058838
40,1,0,0,0,0,0,-1.9758124,-3.0831892
62,1,0,1,0,1,0,-0.12937771,-2.5619478
56,0,1,0,0,0,0,-0.80136341,-1.1192849
49,1,1,1,0,1,0,-2.4764471,-0.9990105
39,1,1,1,1,0,0,-0.750826,-0.47776923
63,0,1,1,1,0,0,0.034901828,0.3585574
52,0,0,1,1,0,0,0.80249864,0.86077112
34,0,0,1,0,1,0,-3.4278417,-2.4662943
67,0,0,1,0,0,0,1.443465,1.3925709
41,0,0,1,0,0,0,-0.31339613,1.0387793
62,0,1,0,0,1,0,0.42201516,-1.5666406
38,1,1,1,1,0,0,-0.33269343,0.93465656
73,0,0,1,0,1,0,-0.63686305,-1.009569
50,0,0,1,0,0,0,-1.5057554,-1.2234075
81,0,1,1,0,1,0,0.58768171,0.035003025
57,0,1,1,0,1,0,-2.4764471,-1.2402104
53,0,1,1,0,0,0,1.1261864,-0.12397759
62,1,0,1,1,0,0,1.2596674,3.2517014
24,1,0,1,0,1,0,0.32116124,0.87979865
41,0,1,1,0,1,0,0.92287064,0.44365257
49,1,0,1,0,0,0,-0.19943316,0.24884155
56,0,1,1,1,0,0,0.87233329,1.0387793
66,0,1,1,0,0,0,-3.2440438,-2.7293975
61,1,1,0,1,0,0,1.8237277,1.1041957
42,0,1,1,1,0,0,0.92264986,-1.8543646
43,0,0,1,0,1,0,-0.83376974,-1.1938215
35,0,1,1,0,0,0,-3.2945814,-0.94974571
34,0,1,1,0,1,0,-0.39611903,-0.54109615
37,1,0,1,0,0,0,1.3228723,0.17221534
34,1,0,0,0,1,0,0.92264986,0.58086491
26,0,1,1,0,1,0,-1.905757,-2.0934751
39,1,1,1,0,1,0,0.87255406,0.89035714
66,0,1,1,0,0,0,0.87233329,0.88188821
33,1,0,1,0,0,0,0.95527697,0.89882612
62,0,1,1,1,0,0,0.82201672,1.0851682
42,1,1,1,1,0,0,1.5261879,0.72081798
53,0,1,1,0,1,0,-0.4843055,-0.9990105
24,0,1,1,1,0,0,2.2613785,2.247925
64,1,1,1,0,0,0,-0.4464356,-0.59595406
51,0,1,1,0,1,0,-1.9055362,-1.4266876
59,0,1,1,1,0,0,1.1261864,0.44365257
51,0,1,1,1,0,0,0.5357573,0.73137653
29,0,1,1,1,0,0,0.60581279,-1.7804792
41,0,1,1,0,1,0,-0.24997053,0.043471999
31,1,1,1,1,0,0,-0.015635539,-2.1975977
30,1,0,1,1,0,0,0.37147778,0.66596007
56,0,0,0,1,0,0,0.90473962,-0.13453613
44,0,1,1,0,1,0,-0.64997208,-0.050092168
44,1,1,1,0,0,0,1.2401494,1.4664563
62,1,1,1,0,0,0,2.0580628,0.18342511
52,1,1,1,0,0,0,1.6904675,0.95368403
36,0,0,1,1,0,0,1.9443206,3.0378628
52,0,1,1,0,0,0,0.21869946,1.2526178
67,1,1,0,0,1,0,-0.49719375,0.33952987
46,0,1,1,1,0,0,0.13714281,0.3585574
47,1,1,1,0,1,0,2.1786556,1.3623337
51,1,0,1,1,0,0,1.8237277,1.8392755
49,1,1,1,0,0,0,0.95527697,0.82494074
59,1,0,1,0,1,1,-0.17991507,0.33393675
64,1,0,1,1,0,0,0.18768017,-0.78517193
33,0,0,1,0,0,0,-3.6116393,-3.2970276
48,0,0,1,0,1,0,-0.93462366,0.44365257
57,0,0,1,0,1,0,-0.5670284,1.4010398
58,0,0,1,0,1,0,-0.65660191,-1.2486794
56,1,1,1,1,0,0,0.50473803,0.87979865
43,0,0,1,0,1,0,-0.59943473,-0.4313803
52,1,0,0,0,1,0,-1.1381601,0.20245261
55,0,1,1,1,0,0,1.7915422,2.8430517
66,1,0,1,0,0,0,-0.18013588,-0.38211551
49,0,1,1,0,1,0,-1.3722743,-2.2166252
50,0,0,1,0,0,0,0.63799828,0.67651862
33,1,0,1,0,1,0,0.38436604,0.82494074
48,0,0,1,0,0,0,-0.17991507,-0.73590714
53,0,0,1,1,0,0,-1.0876228,-0.10495009
35,0,0,1,1,0,0,-0.18013588,-1.7889482
46,1,0,1,1,0,0,1.5261879,1.3623337
55,0,1,1,1,0,0,-1.4678855,-0.36805341
37,0,1,1,0,1,0,0.43490341,-0.41444236
68,1,1,1,1,0,0,1.0563517,0.93465656
78,1,0,0,1,0,0,0.87233329,1.6802949
31,0,1,1,0,1,0,0.32116124,0.18342511
69,0,0,1,1,0,0,1.7603021,-2.1448293
22,0,1,1,0,1,0,-2.5076871,-1.1277539
49,1,0,1,1,0,0,1.423947,1.8751059
68,0,0,1,0,1,0,-1.2711996,-0.069119677
20,0,1,0,0,0,0,1.0187026,-0.041623194
70,0,0,1,0,1,1,-1.239014,-1.8458956
40,1,0,1,0,1,0,0.87233329,0.58086491
46,0,1,1,0,1,0,-0.097192183,-0.58748507
46,0,1,0,0,0,0,-0.38323078,-0.69160777
50,0,1,0,1,0,0,-0.015635539,-0.69160777
46,1,1,1,1,0,0,3.2633102,2.3661098
58,0,1,1,0,0,0,-1.239014,-0.23369342
61,0,0,1,0,0,0,0.35195971,0.16374637
60,0,1,0,1,0,1,-0.3637127,1.6169679
66,0,0,0,1,0,0,-0.015635539,0.30369946
62,1,0,1,0,0,0,2.6289737,0.30369946
44,1,1,0,0,0,0,-0.97365981,0.16374637
58,0,1,0,0,1,0,0.60581279,0.31425801
26,1,0,1,0,0,0,0.68875647,-0.20060381
25,0,0,1,0,0,0,-0.1488958,-0.79285461
49,1,0,1,0,0,0,-0.630454,-2.2439866
56,1,1,0,1,0,0,0.38436604,-0.10495009
58,1,1,1,0,0,0,0.51762629,0.83549923
75,1,0,1,1,0,0,0.91624081,2.506063
68,1,0,1,0,0,0,0.56816363,0.93465656
61,0,1,0,0,0,0,-0.28215605,-2.7652278
46,0,1,1,0,1,0,0.32094043,0.61110216
35,0,1,0,0,0,0,0.97479504,-0.17674595
71,1,1,1,0,1,0,0.66923839,-0.56286442
67,1,1,1,0,1,0,0.95527697,1.3925709
44,0,1,1,1,0,0,0.13714281,0.45212156
54,1,1,0,0,0,0,-1.3024397,-2.4219947
41,1,0,0,0,0,0,-0.45328623,-0.46721071
40,1,1,1,0,1,0,-1.201365,-0.54109615
31,0,1,0,0,0,1,-0.71980673,0.30369946
51,1,1,0,0,0,0,-0.33269343,-0.99054152
56,0,1,1,0,0,0,1.0885372,0.19398364
53,0,0,0,0,0,0,-0.31317532,-0.63674986
57,1,1,1,1,0,0,0.68853569,1.0746096
56,1,1,0,1,0,0,1.1893911,-0.039533634
45,1,1,1,1,0,0,0.11762471,1.4115984
61,0,0,1,0,1,0,0.0041033486,-2.0934751
47,0,1,0,0,0,0,0.87233329,0.4626801
39,1,0,1,0,0,0,1.0055935,0.47323862
63,0,1,1,0,1,0,-1.3346252,-1.462518
24,0,1,0,1,0,0,-0.2692678,0.14471886
62,0,1,1,0,1,0,0.55549622,-0.014261764
37,1,0,1,0,1,0,1.1896119,0.14471886
47,0,1,1,0,0,0,0.32116124,0.39726365
19,0,0,1,0,1,0,0.35195971,0.47114906
45,1,1,1,0,0,0,-1.3658653,-1.3858917
46,0,0,0,0,1,0,-0.64997208,-0.031064659
64,0,1,1,1,0,0,-0.93484443,-1.1635842
64,1,1,0,1,0,0,1.5767252,2.9830048
60,1,0,1,1,0,0,1.2723348,0.93465656
34,0,1,0,0,0,0,-0.015635539,-0.28295821
58,1,0,1,0,1,0,-2.2421122000000002,-1.3035374
41,0,0,1,0,0,0,-2.8948004,-0.94127673
58,0,0,1,0,0,0,-3.6116393,-3.7247047
43,0,1,1,1,0,0,1.1390746,2.4617636
