country,year,company,pct_rev_change,prop_attn,prop_lead,prop_pay,prop_family,prop_harass
Greece,2007,103667,NA,0,0,0,0,0
Greece,2009,103667,1.8004103318620235,0,0,0,0,0
Greece,2014,103667,24.639318540243703,0,0,0,0,0
Greece,2008,103667,26.715084106023635,0,0,0,0,0
Greece,2011,103667,13.064784144644094,0,0,0,0,0
Greece,2010,103667,-5.09203668443724,0,0,0,0,0
Greece,2017,103667,4.686785589192399,0.06441915396177797,0.010736525660296328,0,0.05368262830148165,0
Greece,2016,103667,-3.2738710715426778,0.06507874528179097,0,0,0.06507874528179097,0
Greece,2012,103667,-2.219240592778604,0,0,0,0,0
Greece,2015,103667,8.322921797194983,0,0,0,0,0
Greece,2013,103667,4.483445000195219,0,0,0,0,0
Greece,2008,244664,NA,0,0,0,0,0
Greece,2012,244664,NA,0,0,0,0,0
Greece,2011,244664,NA,0,0,0,0,0
Greece,2014,244664,NA,0,0,0,0,0
Greece,2007,244664,NA,0,0,0,0,0
Greece,2010,244664,NA,0,0,0,0,0
Greece,2017,244664,NA,0,0,0,0,0
Greece,2016,244664,NA,0,0,0,0,0
Greece,2015,244664,NA,0,0,0,0,0
Greece,2009,244664,NA,0,0,0,0,0
Greece,2013,252564,56.72474353441122,0.25099351600083664,0.06274837900020916,0,0.18824513700062748,0
Greece,2016,252564,-1.7755601648041575,0,0,0,0,0
Greece,2008,252564,4.589836369238731,0.27994401119776047,0.03999200159968006,0,0.23995200959808036,0
Greece,2017,252564,10.73312695610953,0,0,0,0,0
Greece,2010,252564,NA,0.2556610664718773,0.08522035549062576,0,0.15826637448259068,0.012174336498660824
Greece,2011,252564,NA,0.2513136851724926,0.04569339730408956,0,0.205620287868403,0
Greece,2014,252564,3.5237949577880956,0.006810133478616181,0,0,0.006810133478616181,0
Greece,2007,252564,NA,0.36162005785920925,0,0,0.36162005785920925,0
Greece,2015,252564,-7.187274787632791,0.018383479379863964,0.012255652919909309,0,0.0061278264599546545,0
Greece,2012,252564,-34.04633332121742,0.3928571428571429,0.05952380952380953,0,0.33333333333333337,0
Greece,2009,252564,1.8949392034815826,0.17123287671232876,0.062266500622665005,0,0.09339975093399751,0.015566625155666251
Greece,2011,264824,NA,0,0,0,0,0
Greece,2008,264824,NA,0,0,0,0,0
Greece,2013,264824,NA,0,0,0,0,0
Greece,2007,264824,NA,0,0,0,0,0
Greece,2015,264824,NA,0,0,0,0,0
Greece,2016,264824,NA,0,0,0,0,0
Greece,2009,264824,NA,0,0,0,0,0
Greece,2012,264824,NA,0,0,0,0,0
Greece,2010,264824,NA,0,0,0,0,0
Italy,2012,462492,2.316657844296044,0.03323777473098176,0.012464165524118161,0,0.01661888736549088,0.00415472184137272
Italy,2016,462492,9.586286735585038,0.011058277120424639,0.011058277120424639,0,0,0
Italy,2007,462492,NA,0,0,0,0,0
Italy,2009,462492,2.4309404323715977,0,0,0,0,0
Italy,2013,462492,-2.123643562391697,0.027760152284263963,0.015862944162436547,0,0.007931472081218274,0.003965736040609137
Italy,2014,462492,7.51829521428089,0.025111957477085337,0.012555978738542669,0,0.012555978738542669,0
Italy,2017,462492,11.728651651182552,0,0,0,0,0
Italy,2008,462492,-3.9672843886708,0,0,0,0,0
Italy,2011,462492,16.85449430585684,0.012509903673741713,0.008339935782494473,0,0,0.004169967891247237
Italy,2010,462492,7.771919784728909,0.012569130216189038,0,0,0.008379420144126027,0.004189710072063014
Italy,2015,462492,16.05578883213179,0.016864117374256925,0.016864117374256925,0,0,0
Greece,2013,101248,-7.318920530788731,0,0,0,0,0
Greece,2010,101248,-8.71890248937367,0.018467220683287162,0,0,0.018467220683287162,0
Greece,2017,101248,8.05349698934692,0.03784151971543177,0,0,0.03784151971543177,0
Greece,2007,101248,NA,0.01618384851917786,0,0,0.01618384851917786,0
Greece,2011,101248,-12.717373043804137,0.01877581674802854,0,0,0.01877581674802854,0
Greece,2008,101248,8.519650467048345,0,0,0,0,0
Greece,2009,101248,0.8801992844166273,0,0,0,0,0
Greece,2012,101248,-17.24820356917246,0.009151642719868215,0,0,0.009151642719868215,0
Greece,2016,101248,-1.9103125643337382,0.03818834491713129,0,0,0.03818834491713129,0
Greece,2015,101248,-5.908638528384314,0,0,0,0,0
Greece,2014,101248,-3.661447977194776,0,0,0,0,0
Italy,2008,327839,14.823175319789318,0,0,0,0,0
Italy,2010,327839,10.005350454788653,0,0,0,0,0
Italy,2007,327839,NA,0,0,0,0,0
Italy,2011,327839,14.785992217898825,0,0,0,0,0
Italy,2016,327839,5.218914185639223,0.0238796465812306,0.018573058452068244,0,0.0053065881291623545,0
Italy,2013,327839,2.564102564102555,0.00400416433090414,0,0,0.00400416433090414,0
Italy,2015,327839,7.614021862042963,0.028419366506484783,0.020668630186534385,0,0.0077507363199503946,0
Italy,2017,327839,1.897470039946736,0.032194155522535906,0.024764735017335313,0,0.007429420505200594,0
Italy,2009,327839,22.477064220183497,0,0,0,0,0
Italy,2014,327839,5.277777777777781,0.005323112956456936,0,0,0.005323112956456936,0
Italy,2012,327839,4.110169491525428,0.008687342541916427,0,0,0.008687342541916427,0
Italy,2016,304038,5.299801516536595,0,0,0,0,0
Italy,2010,304038,13.153448335445761,0.0044628910608292055,0,0,0.0044628910608292055,0
Italy,2013,304038,3.8917211283518327,0.003812428516965307,0,0,0.003812428516965307,0
Italy,2017,304038,18.435455001462753,0.18353941267387944,0.028979907264296754,0,0.1545595054095827,0
Italy,2009,304038,32.21896059662639,0.004649865153910537,0,0,0.004649865153910537,0
Italy,2012,304038,-1.850166335209824,0.0039441508243275225,0,0,0.0039441508243275225,0
Italy,2008,304038,32.15214208893451,0.004943153732081067,0,0,0.004943153732081067,0
Italy,2011,304038,8.827923669843507,0.0044636878989421066,0,0,0.0044636878989421066,0
Italy,2015,304038,4.382297425337778,0,0,0,0,0
Italy,2007,304038,NA,0,0,0,0,0
Italy,2014,304038,-0.29894621274051403,0,0,0,0,0
Italy,2013,394062,4.635597421913729,0.03734780768368896,0,0,0.03734780768368896,0
Italy,2009,394062,0.3336497253142445,0.03810315563407115,0,0,0.03810315563407115,0
Italy,2007,394062,NA,0,0,0,0,0
Italy,2014,394062,20.421701018715943,0.031280829663851394,0.002406217666450107,0,0.028874611997401288,0
Italy,2015,394062,4.347826086956519,0.024696846212738634,0,0,0.024696846212738634,0
Italy,2008,394062,6.269948349020993,0.0032801941874959,0,0,0.0032801941874959,0
Italy,2016,394062,3.393665158371051,0.026334500829536776,0,0,0.026334500829536776,0
Italy,2011,394062,4.053333333333331,0.028401022436807723,0,0,0.028401022436807723,0
Italy,2010,394062,7.502221712582058,0.03584443515144274,0,0,0.03584443515144274,0
Italy,2017,394062,8.916849015317286,0.027010435850214856,0,0,0.027010435850214856,0
Italy,2012,394062,3.382880574064573,0.027428989394124102,0,0,0.027428989394124102,0
Greece,2011,201615,5.720531862985978,0.005540780141843972,0,0,0.005540780141843972,0
Greece,2012,201615,-11.970075193820362,0.01091167003109826,0,0,0.01091167003109826,0
Greece,2016,201615,-12.367887301722236,0.006517417799068009,0,0,0.006517417799068009,0
Greece,2014,201615,2.3778775893344983,0,0,0,0,0
Greece,2017,201615,-4.038300251607496,0.0031440608690184247,0,0,0.0031440608690184247,0
Greece,2013,201615,-11.757075618345159,0,0,0,0,0
Greece,2010,201615,-0.5317970429466135,0,0,0,0,0
Greece,2015,201615,-16.3878211028176,0.0038877225721172535,0,0,0.0038877225721172535,0
Greece,2009,201615,-13.770380201917687,0,0,0,0,0
Greece,2008,201615,27.432801554221054,0,0,0,0,0
Greece,2007,201615,NA,0.013232764324467381,0,0,0.013232764324467381,0
Greece,2017,451549,NA,0,0,0,0,0
Greece,2013,451549,NA,0,0,0,0,0
Greece,2007,451549,NA,0,0,0,0,0
Greece,2014,451549,NA,0,0,0,0,0
Greece,2011,451549,NA,0,0,0,0,0
Greece,2012,451549,NA,0,0,0,0,0
Greece,2010,451549,NA,0,0,0,0,0
Greece,2016,451549,NA,0,0,0,0,0
Greece,2015,451549,NA,0,0,0,0,0
Greece,2015,290638,11.949319249712499,0.020232675771370764,0,0,0.020232675771370764,0
Greece,2009,290638,23.00033509245796,0,0,0,0,0
Greece,2008,290638,7.271754243366013,0,0,0,0,0
Greece,2016,290638,14.296736177368153,0.02010252286661976,0,0,0.02010252286661976,0
Greece,2013,290638,-2.2940980869130323,0.019517907680296674,0,0,0.019517907680296674,0
Greece,2014,290638,5.435068308683344,0.020938023450586266,0,0,0.020938023450586266,0
Greece,2012,290638,-14.65880574801316,0.020118700331958554,0,0,0.020118700331958554,0
Greece,2011,290638,-0.701328950339053,0.011316057485572028,0,0,0.011316057485572028,0
Greece,2007,290638,NA,0,0,0,0,0
Greece,2010,290638,-5.335692171779305,0.010402579839800271,0,0,0.010402579839800271,0
Greece,2017,290638,17.160691644984148,0.018841262364578427,0,0,0.018841262364578427,0
Italy,2007,178424,NA,0.006846813949242286,0,0,0.006846813949242286,0
Italy,2009,178424,-5.856902491787519,0.010738666871212702,0,0,0.010738666871212702,0
Italy,2015,178424,8.183939277592378,0.022621022470215652,0,0,0.022621022470215652,0
Italy,2011,178424,2.61056593628175,0.006622297274924672,0,0,0.006622297274924672,0
Italy,2008,178424,11.090342679127719,0.01076773985140519,0,0,0.01076773985140519,0
Italy,2010,178424,5.517730496453899,0.004467011122857696,0,0,0.004467011122857696,0
Italy,2014,178424,-5.5431568375829965,0.015727316919733496,0.0028595121672242716,0,0.012867804752509222,0
Italy,2012,178424,-5.360792328250275,0.014147606696533836,0.0031439125992297414,0,0.011003694097304095,0
Italy,2013,178424,-0.7585825027685456,0.029645440531246292,0.008893632159373888,0,0.020751808371872404,0
Italy,2015,170184,14.67661691542288,0.05166771915724209,0.03157471726275906,0,0.020093001894483035,0
Italy,2016,170184,2.1691973969631295,0.05910747709585262,0.02955373854792631,0,0.02955373854792631,0
Italy,2007,170184,NA,0.022921760391198046,0,0,0.022921760391198046,0
Italy,2010,170184,19.329388560157803,0.05280179526103888,0.01650056101907465,0,0.03630123424196422,0
Italy,2017,170184,4.777070063694278,0.05318048866960144,0.02068130114928945,0,0.032499187520311994,0
Italy,2014,170184,5.650459921156381,0.02586652871184687,0.005748117491521527,0,0.020118411220325344,0
Italy,2009,170184,-4.699248120300748,0.0458490257082037,0.013099721630915344,0,0.032749304077288356,0
Italy,2012,170184,11.627906976744185,0.03968496245192014,0.01221075767751389,0,0.027474204774406253,0
Italy,2011,170184,13.719008264462818,0.04056415376934598,0.012481278082875687,0,0.028082875686470297,0
Italy,2013,170184,-0.911458333333337,0.07006480994920301,0.008758101243650377,0,0.06130670870555263,0
Italy,2008,170184,-5.000000000000004,0.029768549527424273,0,0,0.029768549527424273,0
Italy,2013,478596,-0.7672634271099765,0.19073569482288827,0.10899182561307902,0,0.08174386920980926,0
Italy,2017,478596,-1.8648018648018683,0.19202363367799113,0.059084194977843424,0,0.07385524372230429,0.059084194977843424
Italy,2012,478596,-7.783018867924529,0.25086696672323466,0.12543348336161733,0,0.10329816276839075,0.022135320593226593
Italy,2009,478596,46.807422559906485,0.13149984971445747,0.03757138563270213,0,0.09392846408175534,0
Italy,2010,478596,9.23115202786764,0.04641089108910891,0.03094059405940594,0,0,0.01547029702970297
Italy,2014,478596,1.0309278350515427,0.2382528127068167,0.06618133686300463,0,0.17207147584381205,0
Italy,2015,478596,9.438775510204088,0.1802451333813987,0.10814708002883922,0,0.07209805335255948,0
Italy,2011,478596,-3.4168564920273314,0.20473822755191579,0.12674271229404308,0.009749439407234084,0.058496636443404505,0.009749439407234084
Italy,2007,478596,NA,0.1511001983190103,0.05036673277300342,0.009443762394938144,0.088141782352756,0.003147920798312714
Italy,2008,478596,-11.889282265851309,0.19093443311566807,0.06109901859701379,0,0.1298354145186543,0
Italy,2014,192390,-8.960825266522587,0.2837977296181631,0.012899896800825593,0,0.2708978328173375,0
Italy,2008,192390,0.6892756398925171,0,0,0,0,0
Italy,2013,192390,-2.1466912817946437,0.17788724685276408,0.027367268746579094,0,0.150519978106185,0
Italy,2009,192390,-24.101337639110156,0,0,0,0,0
Italy,2015,192390,6.212889320503012,0.31135012737050666,0,0,0.31135012737050666,0
Italy,2016,192390,0.2723067867085538,0.12517602879048662,0,0,0.12517602879048662,0
Italy,2007,192390,NA,0,0,0,0,0
Italy,2010,192390,-0.874575989526194,0,0,0,0,0
Italy,2011,192390,5.246216454806252,0,0,0,0,0
Italy,2012,192390,0.9349623392534534,0.1814122243929668,0.027909572983533353,0,0.15350265140943342,0
Italy,2017,192390,5.128384757166615,0.038528221922558274,0.019264110961279137,0,0.019264110961279137,0
Italy,2007,361768,NA,0,0,0,0,0
Italy,2013,361768,-10.812275612308198,0,0,0,0,0
Italy,2010,361768,11.15201214642132,0,0,0,0,0
Italy,2016,361768,142.96153846153845,0,0,0,0,0
Italy,2015,361768,-6.353888654773609,0,0,0,0,0
Italy,2009,361768,-4.849079957713043,0,0,0,0,0
Italy,2011,361768,13.546932082143147,0,0,0,0,0
Italy,2014,361768,-2.4756839920053064,0,0,0,0,0
Italy,2017,361768,91.91071711255343,0,0,0,0,0
Italy,2009,223381,18.56901807097757,0.009243425613532376,0,0,0.009243425613532376,0
Italy,2016,223381,-15.195580504321482,0.006556087327083197,0,0,0.006556087327083197,0
Italy,2010,223381,10.5538595726123,0.02331654542063048,0,0,0.02331654542063048,0
Italy,2017,223381,5.240817012692278,0.11917280056081318,0,0,0.11216263582194183,0.007010164738871364
Italy,2014,223381,29.479518292126627,0.009792401096748922,0,0,0.009792401096748922,0
Italy,2012,223381,-7.165761898750156,0.005599104143337067,0,0,0.005599104143337067,0
Italy,2013,223381,19.248238909892024,0.01611516974645466,0,0,0.01611516974645466,0
Italy,2015,223381,-1.1520372034032667,0.014118975903614456,0,0,0.014118975903614456,0
Italy,2011,223381,-17.772241254022635,0.005810912894415712,0,0,0.005810912894415712,0
Italy,2007,223381,NA,0.010755001075500108,0,0,0.010755001075500108,0
Greece,2014,137225,-5.292406168169917,0.10972316002700877,0.045014629754670264,0,0.059081701553004726,0.005626828719333783
Greece,2012,137225,2.777818303838475,0,0,0,0,0
Greece,2007,137225,NA,0.1754693805930865,0.017546938059308653,0,0.15792244253377785,0
Greece,2010,137225,3.820526927073775,0,0,0,0,0
Greece,2008,137225,8.02859839985144,0.20289463005545788,0.04057892601109157,0,0.1623157040443663,0
Greece,2011,137225,0.8934879886952407,0.2553285968028419,0.03330373001776199,0,0.2220248667850799,0
Greece,2015,137225,-2.520659887561061,0.12891070454658138,0.06941345629431306,0,0.057018196241757156,0.0024790520105111807
Greece,2013,137225,-2.4230982156798753,0.030317081000107004,0.007133430823554589,0,0.02318365017655241,0
Greece,2009,137225,-6.261549701319346,0.20516142965122555,0.021595939963286903,0,0.17276751970629523,0.010797969981643452
Greece,2016,137225,-2.00280487228377,0.03138485680659082,0.01569242840329541,0,0.01569242840329541,0
Greece,2008,499776,6.177968728217076,0.27135441245870695,0.05899008966493629,0,0.2005663048607834,0.011798017932987258
Greece,2007,499776,NA,0,0,0,0,0
Greece,2011,499776,-8.993538615913387,0.20553978663012626,0.029362826661446607,0,0.16638935108153077,0.00978760888714887
Greece,2012,499776,-5.907087938769651,0,0,0,0,0
Greece,2010,499776,NA,0.21640763328742868,0.03934684241589612,0,0.16722408026755853,0.00983671060397403
Greece,2015,499776,-3.0951854150065516,0,0,0,0,0
Greece,2013,499776,-12.321292287684592,0,0,0,0,0
Greece,2009,499776,NA,0.20959966464053656,0.03143994969608049,0,0.16767973171242925,0.010479983232026828
Greece,2014,499776,-6.147089223428603,0,0,0,0,0
Italy,2010,253365,15.331217770725903,0,0,0,0,0
Italy,2014,253365,2.355488485007551,0.009742157563161656,0,0,0.009742157563161656,0
Italy,2012,253365,5.226808978182396,0,0,0,0,0
Italy,2016,253365,4.206904876871076,0,0,0,0,0
Italy,2007,253365,NA,0,0,0,0,0
Italy,2017,253365,5.183898059658265,0.2887788778877888,0.03094059405940594,0.020627062706270627,0.2372112211221122,0
Italy,2015,253365,6.205128205128196,0.013534088986635088,0.003383522246658772,0,0.010150566739976314,0
Italy,2008,253365,-1.5874673629242775,0,0,0,0,0
Italy,2013,253365,13.670942720763723,0.0034153005464480873,0.0034153005464480873,0,0,0
Italy,2009,253365,7.014751140825637,0,0,0,0,0
Italy,2011,253365,9.56147893379191,0,0,0,0,0
Italy,2009,241227,-5.260380014074595,0,0,0,0,0
Italy,2012,241227,7.0449139499090485,0.010737678513905294,0.010737678513905294,0,0,0
Italy,2007,241227,NA,0,0,0,0,0
Italy,2014,241227,5.76381232390053,0.010524100189433803,0.010524100189433803,0,0,0
Italy,2015,241227,9.521051717148321,0.011144544745347151,0.011144544745347151,0,0,0
Italy,2011,241227,11.899170189447306,0,0,0,0,0
Italy,2010,241227,18.607242339832865,0.006233248145608676,0,0,0.006233248145608676,0
Italy,2008,241227,2.3156015091731152,0,0,0,0,0
Italy,2016,241227,-2.3478398815504176,0.010433512441963588,0.010433512441963588,0,0,0
Italy,2017,241227,6.828396599339359,0.06546216286986123,0.013092432573972246,0.013092432573972246,0.03927729772191674,0
Italy,2013,241227,6.698908568067452,0.010117873223048515,0.010117873223048515,0,0,0
Italy,2011,412400,17.511615900877644,0.08659738875566213,0.01332267519317879,0,0.07327471356248334,0
Italy,2010,412400,9.225217097101623,0.11372251705837756,0,0,0.11372251705837756,0
Italy,2008,412400,21.604639922667946,0.05238344683080147,0,0,0.05238344683080147,0
Italy,2009,412400,-11.893879173290934,0.11552902666795031,0.03850967555598344,0,0.07701935111196688,0
Italy,2015,412400,-8.210953346855987,0.14009526478005044,0.02801905295601009,0.005603810591202018,0.10647240123283833,0
Italy,2016,412400,-2.4661893396976886,0.1364442625187611,0.034111065629690275,0,0.09551098376313276,0.006822213125938055
Italy,2007,412400,NA,0.07701617339641324,0.022004620970403784,0,0.05501155242600946,0
Italy,2014,412400,8.294525964326516,0.13831258644536654,0,0,0.13831258644536654,0
Greece,2015,255201,17.901872273854046,0,0,0,0,0
Greece,2007,255201,NA,0,0,0,0,0
Greece,2010,255201,-2.6285204048049238,0,0,0,0,0
Greece,2017,255201,27.09421627809434,0,0,0,0,0
Greece,2008,255201,17.43084721481385,0,0,0,0,0
Greece,2016,255201,14.96433325615798,0,0,0,0,0
Greece,2009,255201,-58.02574239724566,0,0,0,0,0
Greece,2011,255201,-4.977260005996554,0,0,0,0,0
Greece,2013,255201,-15.909043559651693,0,0,0,0,0
Greece,2014,255201,4.153383031565294,0,0,0,0,0
Greece,2012,255201,-16.631659683462495,0,0,0,0,0
Greece,2015,451554,NA,0,0,0,0,0
Greece,2012,451554,-71.3256484149856,0,0,0,0,0
Greece,2009,451554,-83.70118845500849,0,0,0,0,0
Greece,2008,451554,NA,0,0,0,0,0
Greece,2017,451554,-29.104477611940293,0,0,0,0,0
Greece,2013,451554,-4.522613065326631,0,0,0,0,0
Greece,2011,451554,51.198257080610034,0,0,0,0,0
Greece,2016,451554,NA,0,0,0,0,0
Greece,2010,451554,19.53125,0,0,0,0,0
Greece,2015,372749,NA,0.07936507936507936,0,0,0.07936507936507936,0
Greece,2014,372749,NA,0.006504065040650406,0,0,0.006504065040650406,0
Greece,2012,372749,NA,0.007485590238790328,0,0,0.007485590238790328,0
Greece,2007,372749,NA,0.00591961167347422,0,0,0.00591961167347422,0
Greece,2008,372749,NA,0.04372221817386869,0,0,0.04372221817386869,0
Greece,2009,372749,NA,0.008677542519958347,0,0,0.008677542519958347,0
Greece,2016,372749,NA,0,0,0,0,0
Greece,2017,372749,NA,0.012584156546907444,0.006292078273453722,0,0.006292078273453722,0
Greece,2013,372749,NA,0.00675310642895732,0,0,0.00675310642895732,0
Greece,2010,372749,NA,0.008100445524503848,0,0,0.008100445524503848,0
Greece,2011,372749,NA,0.007259528130671507,0,0,0.007259528130671507,0
Greece,2011,328678,15.122296060158845,0.07265933153414988,0,0,0.062279427029271334,0.010379904504878556
Greece,2014,328678,10.900470308163523,0.08167579513788796,0,0,0.07687133660036514,0.0048044585375228216
Greece,2017,328678,20.14748407933775,0.1482338479337648,0.00361545970570158,0,0.14100292852236163,0.00361545970570158
Greece,2015,328678,6.888493104195148,0.20267531414673692,0.008107012565869478,0,0.18646128901499798,0.008107012565869478
Greece,2009,328678,NA,0.1370614035087719,0.05482456140350877,0,0.05482456140350877,0.027412280701754384
Greece,2013,328678,-4.8909674546655735,0.06167400881057269,0.00881057268722467,0,0.05286343612334801,0
Greece,2008,328678,NA,0.13491635186184567,0,0,0.13491635186184567,0
Greece,2010,328678,46.27472408993787,0.08334325514942256,0.02381235861412073,0,0.059530896535301824,0
Greece,2016,328678,-3.771458957424756,0.13699803065330937,0.008562376915831836,0,0.1198732768216457,0.008562376915831836
Greece,2016,233166,-6.9048414303972905,0.13699803065330937,0.008562376915831836,0,0.1198732768216457,0.008562376915831836
Greece,2012,233166,-6.860536410221285,0.03526803708182184,0.005038291011688835,0,0.03022974607013301,0
Greece,2013,233166,-18.235186745117126,0.06167400881057269,0.00881057268722467,0,0.05286343612334801,0
Greece,2017,233166,113.02789681243026,0.008354916868577159,0,0,0,0.008354916868577159
Greece,2008,233166,NA,0.13491635186184567,0,0,0.13491635186184567,0
Greece,2010,233166,50.667078289744815,0.08334325514942256,0.02381235861412073,0,0.059530896535301824,0
Greece,2009,233166,-45.919560865721735,0.13781697905181917,0.05512679162072767,0,0.05512679162072767,0.027563395810363836
Greece,2011,233166,13.15504494296691,0.07199424046076314,0,0,0.061709348966368406,0.010284891494394734
Greece,2007,233166,NA,0,0,0,0,0
Greece,2015,233166,14.058899871015207,0.20267531414673692,0.008107012565869478,0,0.18646128901499798,0.008107012565869478
Greece,2014,233166,-11.2164515952629,0.08167579513788796,0,0,0.07687133660036514,0.0048044585375228216
Italy,2017,210402,5.732944242973703,0.183094293561184,0.033567287152883735,0,0.12511443393347574,0.024412572474824534
Italy,2008,210402,40.09571130904679,0.12566968714862095,0.03637806733249554,0,0.06283484357431048,0.026456776241814934
Italy,2012,210402,6.75981588147998,0.12146978439113272,0.010122482032594393,0,0.06073489219556636,0.05061241016297195
Italy,2016,210402,-6.69592111871844,0.20606518528694576,0.024040938283477007,0.003434419754782429,0.15454888896520932,0.024040938283477007
Italy,2011,210402,8.363656186543466,0.10586171435484847,0.009073861230415583,0,0.06956626943318613,0.027221583691246748
Italy,2015,210402,-0.17548257708699389,0.20137103684661528,0.04712939160239932,0.004284490145672665,0.12425021422450729,0.025706940874035987
Italy,2007,210402,NA,0.17300250398361028,0.04097427725927612,0.004552697473252903,0.09105394946505806,0.03642157978602322
Italy,2014,210402,-5.8906065685726645,0.14990006662225183,0.045802798134576946,0,0.06245836109260493,0.04163890739506995
Italy,2009,210402,4.659714958159,0.05007750089424109,0.007153928699177298,0,0.03100035769643496,0.01192321449862883
Italy,2010,210402,14.58889669711876,0.07934273502085946,0.015356658391134089,0,0.04095108904302424,0.023034987586701135
Italy,2013,210402,-5.129050878205654,0.14127714539436506,0.02421893921046258,0,0.08880277710502947,0.028255429078873014
Italy,2012,199591,7.0197302394318095,0,0,0,0,0
Italy,2011,199591,7.333270200525588,0.004401021036880556,0.004401021036880556,0,0,0
Italy,2017,199591,-2.41600264109606,0.15424774560987184,0.10678690080683437,0.011865211200759373,0.023730422401518746,0.011865211200759373
Italy,2016,199591,-4.642044560193471,0.14849647320876128,0.08662294270511076,0,0.024749412201460215,0.03712411830219032
Italy,2010,199591,5.718680036992407,0,0,0,0,0
Italy,2015,199591,-6.430924135714855,0,0,0,0,0
Italy,2008,199591,NA,0,0,0,0,0
Italy,2014,199591,-16.36506159014558,0,0,0,0,0
Italy,2013,199591,-7.97419567592077,0,0,0,0,0
Italy,2009,199591,17.644036405501453,0,0,0,0,0
Italy,2012,154510,16.088293533110075,0.238230289279637,0.022688598979013045,0.04537719795802609,0.1474758933635848,0.022688598979013045
Italy,2010,154510,16.809532278143347,0.1250446588067167,0.07145409074669525,0,0.05359056806002144,0
Italy,2011,154510,11.231895090486477,0.13790509622014668,0.06895254811007334,0.018805240393656365,0.04387889425186486,0.006268413464552121
Italy,2009,154510,-22.484146677695062,0.09278589654372535,0.015464316090620892,0,0.07345550143044924,0.003866079022655223
Italy,2013,154510,-9.82392705549442,0.22381796139140167,0.10258323230439242,0,0.11190898069570084,0.009325748391308402
Italy,2016,154510,-17.682314732801885,0.15025041736227046,0.01669449081803005,0.0333889816360601,0.08347245409015025,0.01669449081803005
Italy,2008,154510,23.53121487687748,0.07385104811679827,0,0,0.07385104811679827,0
Italy,2007,154510,NA,0.050262481849659334,0.022338880822070813,0,0.027923601027588514,0
Italy,2014,154510,-18.81504855215216,0.15826791592808306,0.01899214991136997,0.03798429982273994,0.06963788300835655,0.03165358318561661
Italy,2015,154510,-27.268432524131114,0.2869814766501435,0.05217845030002609,0.026089225150013044,0.20871380120010435,0
Italy,2017,154510,20.008249345432372,0.239507299270073,0.07983576642335767,0.011405109489051095,0.1482664233576642,0
Italy,2012,492977,21.918211238599582,0.027805864509605663,0.02527805864509606,0,0,0.0025278058645096056
Italy,2008,492977,24.557842853000867,0,0,0,0,0
Italy,2014,492977,-71.7495760316563,0.026770775237032907,0.024539877300613498,0,0.002230897936419409,0
Italy,2013,492977,-14.62355212355212,0.02284826467429799,0.02284826467429799,0,0,0
Italy,2016,492977,11.184631803628609,0.02302025782688766,0.02092750711535242,0,0.0020927507115352417,0
Italy,2015,492977,-53.12656328164083,0.02465280631111842,0.022598405785191882,0,0.0020544005259265346,0
Italy,2007,492977,NA,0,0,0,0,0
Italy,2011,492977,-13.938473224458791,0.0028605755478002173,0.0028605755478002173,0,0,0
Italy,2009,492977,-35.9171322160149,0,0,0,0,0
Italy,2017,492977,2.4188903820310914,0.024999519240014614,0.02307647929847503,0,0.001923039941539586,0
Italy,2010,492977,186.92335633853978,0,0,0,0,0
Italy,2013,170814,5.745341614906829,0.019394127458205655,0.0038788254916411313,0,0.015515301966564525,0
Italy,2010,170814,4.058518168947622,0.003885456735439251,0.003885456735439251,0,0,0
Italy,2009,170814,-10.703750526759382,0.003829363559776365,0.003829363559776365,0,0,0
Italy,2008,170814,-2.3456790123456805,0.0039000039000038995,0.0039000039000038995,0,0,0
Italy,2007,170814,NA,0,0,0,0,0
Italy,2017,170814,5.752794214332679,0.25506137414315316,0.015941335883947073,0,0.23912003825920614,0
Italy,2011,170814,-4.943310657596367,0.003941352672237112,0.003941352672237112,0,0,0
Italy,2012,170814,-7.82442748091603,0.0038005472788081485,0.0038005472788081485,0,0,0
Italy,2016,170814,12.917594654788411,0.1759788825340959,0,0,0.1759788825340959,0
Italy,2014,170814,12.13901125795398,0.01157809424568716,0.007718729497124773,0,0.0038593647485623867,0
Italy,2015,170814,17.590571802706243,0.15682174594877157,0,0,0.15682174594877157,0
Greece,2011,448323,-61.65130712807974,0.05696923661222939,0.0189897455374098,0,0.0379794910748196,0
Greece,2017,448323,NA,0.21295673615781213,0.11208249271463797,0,0.10087424344317418,0
Greece,2010,448323,-11.190913646233502,0.0814000814000814,0.02035002035002035,0,0.06105006105006105,0
Greece,2013,448323,-29.815950920245406,0.08223684210526315,0.013706140350877192,0,0.06853070175438596,0
Greece,2016,448323,-72.56146831351727,0.1608711793094914,0.06187353050365054,0,0.09899764880584086,0
Greece,2008,448323,NA,0.061756119470020215,0.005614192679092747,0,0.05614192679092747,0
Greece,2014,448323,202.9020979020979,0,0,0,0,0
Greece,2009,448323,-20.045405982905983,0.09484966328369535,0.009484966328369534,0,0.08536469695532581,0
Greece,2012,448323,99.85286905345758,0.08582217645039478,0.017164435290078956,0,0.06865774116031582,0
Italy,2017,268717,2.400262729531377,0.010451322963298437,0.0017418871605497396,0.0034837743210994793,0.0017418871605497396,0.0034837743210994793
Italy,2009,268717,-15.335890658242535,0.0032784735427185104,0,0,0.0032784735427185104,0
Italy,2014,268717,7.478459644803936,0,0,0,0,0
Italy,2010,268717,12.290353899750617,0,0,0,0,0
Italy,2013,268717,2.773084186462582,0,0,0,0,0
Italy,2016,268717,2.7192725139337126,0.0034678873630184493,0,0.0034678873630184493,0,0
Italy,2015,268717,11.545572043257035,0.004889855993740985,0,0.004889855993740985,0,0
Italy,2011,268717,43.01771636856828,0,0,0,0,0
Italy,2012,268717,31.19050723692789,0,0,0,0,0
Italy,2008,268717,NA,0,0,0,0,0
Greece,2015,216034,-0.6513999276903215,0,0,0,0,0
Greece,2014,216034,-2.909380819505347,0,0,0,0,0
Greece,2017,216034,-0.45526289379328455,0.02834266279316942,0.0035428328491461775,0,0.017714164245730885,0.007085665698292355
Greece,2008,216034,NA,0,0,0,0,0
Greece,2010,216034,-1.866775080663119,0,0,0,0,0
Greece,2016,216034,1.4103402334015858,0,0,0,0,0
Greece,2009,216034,-4.213453186196081,0,0,0,0,0
Greece,2013,216034,-11.296821606216934,0,0,0,0,0
Italy,2010,439749,12.286934653307258,0.024873301619873767,0,0,0,0.024873301619873767
Italy,2013,439749,3.405314625343925,0.035978772524210716,0.005996462087368453,0,0.005996462087368453,0.02398584834947381
Italy,2014,439749,10.682362698120151,0.008025199125253296,0.004012599562626648,0,0.004012599562626648,0
Italy,2009,439749,-15.624789491411251,0.026121596029517403,0,0,0,0.026121596029517403
Italy,2017,439749,-0.07566340593416765,0.015748031496062992,0.002249718785151856,0.004499437570303712,0.006749156355455568,0.002249718785151856
Italy,2012,439749,40.96442183381186,0.038823353740480814,0.008959235478572495,0,0.005972823652381663,0.023891294609526652
Italy,2008,439749,1.4539800782518153,0.029876386451058744,0,0,0,0.029876386451058744
Italy,2016,439749,0.3824766038247551,0.011084016847705607,0.0022168033695411215,0.004433606739082243,0.004433606739082243,0
Italy,2015,439749,15.095223228223542,0.010845281218141987,0.0021690562436283973,0.0021690562436283973,0.0065071687308851925,0
Italy,2011,439749,5.86760993991966,0.042224635058511276,0.012064181445288936,0,0.006032090722644468,0.024128362890577872
Italy,2007,439749,NA,0.03485079503376171,0,0,0,0.03485079503376171
Greece,2015,298691,8.310576939801372,0.0074649148999701405,0.0074649148999701405,0,0,0
Greece,2007,298691,NA,0,0,0,0,0
Greece,2009,298691,-9.744226471318596,0,0,0,0,0
Greece,2014,298691,6.061947718929295,0.007285974499089253,0.007285974499089253,0,0,0
Greece,2012,298691,13.853238391676982,0,0,0,0,0
Greece,2017,298691,4.254182983268073,0.0205761316872428,0.006858710562414267,0,0.013717421124828533,0
Greece,2013,298691,1.5036326866901373,0.00732493407559332,0.00732493407559332,0,0,0
Greece,2011,298691,29.054091234248602,0,0,0,0,0
Greece,2016,298691,8.262272968155315,0.006888475580354067,0.006888475580354067,0,0,0
Greece,2014,266243,-11.106590949282037,0.028026905829596414,0,0.009342301943198805,0.01868460388639761,0
Greece,2015,266243,-2.7912423797724517,0.019833399444664817,0,0,0.019833399444664817,0
Greece,2010,266243,958.6532146187253,0.019062142584826535,0,0,0.019062142584826535,0
Greece,2011,266243,7.251587048558927,0.03616309556098002,0,0.009040773890245005,0.027122321670735017,0
Greece,2012,266243,0.3553344963659555,0.038310506656450534,0,0.009577626664112633,0.0287328799923379,0
Greece,2008,266243,NA,0,0,0,0,0
Greece,2013,266243,-56.673167524400704,0.036700614735296816,0,0.009175153683824204,0.027525461051472612,0
Greece,2016,266243,-4.3487643985256845,0.021184196589344347,0,0,0.021184196589344347,0
Greece,2009,266243,-6.292402435300581,0.0394399526720568,0,0.0197199763360284,0.0197199763360284,0
Greece,2017,266243,0.6773886644294569,0.018811136192626032,0,0,0.018811136192626032,0
Greece,2009,494259,24.381888265347996,0,0,0,0,0
Greece,2015,494259,-11.166220000910332,0,0,0,0,0
Greece,2013,494259,-6.050508357847917,0,0,0,0,0
Greece,2014,494259,-0.1154444147171585,0,0,0,0,0
Greece,2008,494259,19.417777521901503,0,0,0,0,0
Greece,2010,494259,26.84115104596698,0,0,0,0,0
Greece,2016,494259,-7.963762565503563,0.015148454857604526,0,0,0.015148454857604526,0
Greece,2007,494259,NA,0,0,0,0,0
Greece,2012,494259,-0.6939951189075644,0,0,0,0,0
Greece,2011,494259,7.744947413724623,0,0,0,0,0
Greece,2017,494259,-5.585039434867822,0.004809542131589073,0,0,0.004809542131589073,0
Greece,2017,411877,1.3995439976826063,0.06220194899440182,0.02073398299813394,0,0.02073398299813394,0.02073398299813394
Greece,2013,411877,-4.041127508601939,0.051194539249146756,0.025597269624573378,0,0.008532423208191127,0.017064846416382253
Greece,2010,411877,-15.108244803265036,0,0,0,0,0
Greece,2007,411877,NA,0,0,0,0,0
Greece,2008,411877,17.06783826981595,0,0,0,0,0
Greece,2016,411877,3.2877941907432096,0.0374139479197845,0.014965579167913799,0,0.0074827895839568994,0.014965579167913799
Greece,2011,411877,-31.32508031027188,0.010024057738572574,0,0,0.010024057738572574,0
Greece,2012,411877,-4.106113191359251,0,0,0,0,0
Greece,2009,411877,-4.171728619014415,0.01414227124876255,0,0,0.01414227124876255,0
Greece,2014,411877,2.5042713212703127,0.06894174422612892,0.03447087211306446,0,0.01723543605653223,0.01723543605653223
Greece,2015,411877,0.2593318334663808,0.06616491605326276,0.024811843519973533,0,0.024811843519973533,0.01654122901331569
Greece,2008,467492,-7.827300405953997,0,0,0,0,0
Greece,2014,467492,2.599771949828966,0,0,0,0,0
Greece,2017,467492,-5.097795942198225,0.0048339536907236426,0.0048339536907236426,0,0,0
Greece,2013,467492,-64.60569860359998,0,0,0,0,0
Greece,2011,467492,59.18091544744109,0,0,0,0,0
Greece,2009,467492,-43.348855347066106,0,0,0,0,0
Greece,2012,467492,-23.781575677039115,0,0,0,0,0
Greece,2007,467492,NA,0,0,0,0,0
Greece,2016,467492,10.884518896172214,0.006522731720044354,0.006522731720044354,0,0,0
Greece,2010,467492,3.3688984269026,0,0,0,0,0
Greece,2015,467492,9.864414314292059,0,0,0,0,0
Italy,2016,299780,-6.370091669294597,0.30450090398705876,0.11418783899514702,0.009515653249595586,0.17128175849272054,0.009515653249595586
Italy,2017,299780,3.601500528436863,0.00745489786789921,0,0,0.00745489786789921,0
Italy,2009,299780,NA,0.2922077922077922,0.01855287569573284,0,0.26437847866419295,0.00927643784786642
Italy,2015,299780,4.167327428014778,0.292675788395405,0.0878027365186215,0,0.19023926245701325,0.014633789419770251
Italy,2013,299780,-3.9572204591911686,0.24956043332766148,0.03403096818104475,0,0.19284215302592025,0.0226873121206965
Italy,2014,299780,3.8086615006526214,0.21509231044990143,0.0358487184083169,0,0.1702814124395053,0.008962179602079226
Italy,2012,299780,9.316339241512717,0.2885709640708828,0.04877255730775484,0,0.21541212810925053,0.02438627865387742
Italy,2011,299780,-10.771740663059381,0.30923606071124293,0.015777350036287906,0,0.29030324066769747,0.003155470007257581
Italy,2008,299780,NA,0.29104378886096044,0.03086828063676853,0,0.26017550822419194,0
Italy,2010,299780,NA,0.2918807810894142,0.008221993833504625,0.0041109969167523125,0.27543679342240496,0.0041109969167523125
Italy,2012,248307,8.789277736411027,0,0,0,0,0
Italy,2009,248307,NA,0,0,0,0,0
Italy,2015,248307,-1.2495749744984685,0,0,0,0,0
Italy,2010,248307,9.583111138994326,0,0,0,0,0
Italy,2014,248307,-5.314839159713469,0,0,0,0,0
Italy,2007,248307,NA,0,0,0,0,0
Italy,2017,248307,-3.130108373191254,0,0,0,0,0
Italy,2016,248307,-5.2136237123755365,0,0,0,0,0
Italy,2011,248307,-3.890192935249326,0,0,0,0,0
Italy,2013,248307,2.0451185456934695,0,0,0,0,0
Italy,2016,218941,-3.8919539414497883,0.1516530178950561,0,0,0.1516530178950561,0
Italy,2010,218941,3.9529828516222443,0.041858518208455424,0,0,0.041858518208455424,0
Italy,2011,218941,17.865938661710047,0.2070393374741201,0,0,0.2070393374741201,0
Italy,2017,218941,6.687982499991607,0.24271844660194172,0.06934812760055478,0,0.17337031900138697,0
Italy,2014,218941,-6.506974505588248,0.1065340909090909,0,0,0.1065340909090909,0
Italy,2008,218941,21.520686592697793,0,0,0,0,0
Italy,2007,218941,NA,0,0,0,0,0
Italy,2009,218941,-16.334366159234815,0,0,0,0,0
Italy,2013,218941,-1.1089608942368767,0.18355359765051393,0,0,0.18355359765051393,0
Italy,2015,218941,-4.399882823757551,0.17825311942959002,0,0,0.17825311942959002,0
Italy,2012,218941,15.274478689257066,0.16409583196586808,0,0,0.16409583196586808,0
Greece,2017,170509,NA,0.1081938834391229,0.007212925562608194,0.014425851125216388,0.08655510675129832,0
Greece,2009,170509,NA,0.1901931649331352,0,0.01188707280832095,0.17830609212481427,0
Greece,2012,170509,NA,0.12189645217168153,0.012831205491755952,0.012831205491755952,0.09623404118816963,0
Greece,2008,170509,NA,0.19095683011662007,0,0.0068198867898792885,0.1773170565368615,0.0068198867898792885
Greece,2015,170509,NA,0.12987950068547516,0.01443105563171946,0.02164658344757919,0.0938018616061765,0
Greece,2011,170509,NA,0.18581405779457935,0.006407381303261357,0.012814762606522714,0.16659191388479527,0
Greece,2010,170509,NA,0.10626992561105207,0,0.012502344189535539,0.09376758142151653,0
Greece,2014,170509,NA,0.12244309997118986,0.007202535292422933,0.021607605877268798,0.09363295880149813,0
Greece,2016,170509,NA,0.10197392381091121,0.007283851700779372,0.021851555102338115,0.07283851700779372,0
Greece,2013,170509,NA,0.10789149198520344,0.02311960542540074,0.0077065351418002465,0.07706535141800247,0
Greece,2008,105790,NA,0.20289463005545788,0.04057892601109157,0,0.1623157040443663,0
Greece,2010,105790,3.8202933985330034,0.23103581055063535,0.048132460531382364,0,0.18290335001925298,0
Greece,2012,105790,2.786693901371451,0.05785602115877345,0.016530291759649558,0,0.033060583519299115,0.008265145879824779
Greece,2011,105790,0.8831321754489307,0.2553285968028419,0.03330373001776199,0,0.2220248667850799,0
Greece,2013,105790,NA,0.22602062438197484,0.05650515609549371,0,0.16951546828648115,0
Greece,2009,105790,-6.1119081779053115,0.20516142965122555,0.021595939963286903,0,0.17276751970629523,0.010797969981643452
Greece,2011,463851,9.80059114253542,0.19038553069966682,0.015865460891638903,0.007932730445819451,0.1665873393622085,0
Greece,2012,463851,12.476795799381613,0,0,0,0,0
Greece,2009,463851,-33.30701806336985,0.3538311371400683,0.012201073694485115,0,0.3416300634455832,0
Greece,2014,463851,NA,0,0,0,0,0
Greece,2016,463851,-8.531031136916244,0,0,0,0,0
Greece,2013,463851,NA,0.13016373227375488,0.02055216825375077,0.006850722751250257,0.10276084126875386,0
Greece,2017,463851,19.682367596153426,0,0,0,0,0
Greece,2008,463851,NA,0.1466275659824047,0,0,0.1466275659824047,0
Greece,2010,463851,25.45839915721748,0.1509433962264151,0.009433962264150943,0,0.1320754716981132,0.009433962264150943
Greece,2015,463851,-22.952132227610356,0,0,0,0,0
Greece,2013,401157,NA,0.19546832615286422,0.03590234561991383,0,0.15158768150630286,0.007978299026647519
Greece,2017,401157,NA,0.14680694886224616,0.024467824810374357,0,0.12233912405187179,0
Greece,2014,401157,NA,0.21343474717684038,0.027164422367961506,0,0.1785090612751756,0.0077612635337032864
Greece,2016,401157,NA,0.22399203583872573,0.008296001327360213,0,0.19080803052928488,0.024888003982080638
Greece,2010,401157,NA,0.152114390021296,0.020281918669506134,0,0.1216915120170368,0.010140959334753067
Greece,2015,401157,NA,0.22587810111809659,0.0263524451304446,0,0.18823175093174718,0.011293905055904831
Greece,2009,401157,NA,0.0759589821496392,0,0,0.063299151791366,0.0126598303582732
Greece,2012,401157,NA,0.30909823948394033,0.03359763472651525,0,0.25534202392151595,0.020158580835909153
Greece,2011,401157,NA,0.13659647125782584,0.022766078542970976,0,0.11383039271485487,0
Greece,2007,401157,NA,0.13776002204160354,0,0,0.13776002204160354,0
Greece,2008,401157,NA,0.09076763485477178,0,0,0.09076763485477178,0
Italy,2012,318204,22.46361009649458,0.005543390892208764,0.002771695446104382,0,0.002771695446104382,0
Italy,2013,318204,1.9364747256660708,0.02514774299006664,0.01257387149503332,0,0.01257387149503332,0
Italy,2009,318204,30.20612598728569,0.024521824423737126,0,0,0.024521824423737126,0
Italy,2010,318204,80.92419983232233,0.0022552490922622404,0,0,0.0022552490922622404,0
Italy,2008,318204,NA,0.024432703173197325,0,0,0.024432703173197325,0
Italy,2008,376108,-5.946691853437258,0.0064472454143967,0,0,0.0064472454143967,0
Italy,2012,376108,-9.16746727605775,0.00303951367781155,0,0,0.00303951367781155,0
Italy,2007,376108,NA,0.007666947788085563,0,0,0.007666947788085563,0
Italy,2017,376108,5.1371971488198165,0.08778211554898473,0.03234077941278385,0.0023100556723417032,0.04158100210215066,0.011550278361708516
Italy,2016,376108,1.6032164180638686,0.023518344308560677,0.020578551269990593,0,0.0029397930385700846,0
Italy,2015,376108,6.8599229391398175,0.030494312810660812,0.02744488152959473,0,0.003049431281066081,0
Italy,2009,376108,-7.049879424276828,0.005985873338920148,0,0,0.005985873338920148,0
Italy,2014,376108,1.338348662366906,0.02481663265868858,0.022059229029945403,0,0.0027574036287431754,0
Italy,2010,376108,-0.614346733901816,0.0031730921783277802,0,0,0.0031730921783277802,0
Italy,2013,376108,-14.339362808497247,0.0026957084321759758,0,0,0.0026957084321759758,0
Italy,2011,376108,0.7578921385909876,0.0031362709738121373,0,0,0.0031362709738121373,0
Italy,2014,222200,20.754537286612763,0,0,0,0,0
Italy,2015,222200,33.17400769941623,0,0,0,0,0
Italy,2009,222200,-19.29411764705883,0,0,0,0,0
Italy,2013,222200,5.557663125948409,0,0,0,0,0
Italy,2017,222200,17.742285044288252,0.0049522111622839595,0.0049522111622839595,0,0,0
Italy,2007,222200,NA,0,0,0,0,0
Italy,2011,222200,16.09790538950342,0,0,0,0,0
Italy,2016,222200,3.116451826292166,0,0,0,0,0
Italy,2010,222200,23.877551020408163,0,0,0,0,0
Italy,2012,222200,6.872085951753504,0,0,0,0,0
Italy,2008,222200,-1.620370370370372,0,0,0,0,0
Italy,2009,408244,-3.72858952470122,0.11441250910099504,0.024269320112332283,0,0.09014318898866276,0
Italy,2014,408244,3.700521632402576,0.1747067422540735,0.017827218597354443,0,0.1568795236567191,0
Italy,2016,408244,-1.2828736369467575,0.18246254254535246,0.04210674058738904,0.007017790097898172,0.13333801186006528,0
Italy,2011,408244,0.9624060150375868,0.25213701494373036,0.036898099747862984,0,0.2152389151958674,0
Italy,2010,408244,-4.891304347826086,0.27549974372116864,0.04484879548949257,0,0.23065094823167606,0
Italy,2017,408244,1.4649418158189986,0.24739053815914328,0.033889114816320995,0.0033889114816320993,0.20333468889792597,0.006777822963264199
Italy,2015,408244,1.4853828855485807,0.1600434835125015,0.021137818577122842,0,0.13890566493537868,0
Italy,2013,408244,-8.869750013981326,0.2594551441971859,0.034926654026544254,0,0.22452849017064166,0
Italy,2012,408244,6.529639559130174,0.2368265245707519,0.011841326228537596,0,0.22498519834221434,0
Italy,2007,408244,NA,0.1072961373390558,0.0071530758226037204,0,0.10014306151645207,0
Italy,2008,408244,0.8274100399822348,0.1053914303593189,0.009880446596186147,0,0.09551098376313276,0
Greece,2009,493137,-23.442903517319024,0,0,0,0,0
Greece,2015,493137,-10.65403551345171,0,0,0,0,0
Greece,2016,493137,-14.409391240761538,0.016849199663016005,0.004212299915754001,0,0.004212299915754001,0.008424599831508003
Greece,2008,493137,12.520734395237332,0,0,0,0,0
Greece,2011,493137,-19.460698890213703,0,0,0,0,0
Greece,2017,493137,1.963476589317592,0.2022342064714946,0.08667180277349769,0,0.0963020030816641,0.019260400616332822
Greece,2007,493137,NA,0,0,0,0,0
Greece,2012,493137,5.983236915227996,0.006660450246436659,0,0,0.006660450246436659,0
Greece,2014,493137,-43.1804471903111,0,0,0,0,0
Greece,2010,493137,7.849408475224551,0,0,0,0,0
Greece,2013,493137,8.061662332824726,0.005361930294906166,0,0,0.005361930294906166,0
Greece,2016,359147,6.077151148385718,0,0,0,0,0
Greece,2014,359147,6.9695281741346315,0,0,0,0,0
Greece,2015,359147,5.577094666465454,0,0,0,0,0
Greece,2008,359147,19.314160505765177,0,0,0,0,0
Greece,2011,359147,0.581646911092526,0,0,0,0,0
Greece,2007,359147,NA,0,0,0,0,0
Greece,2012,359147,-1.6388813724875217,0,0,0,0,0
Greece,2017,359147,5.9931249092611605,0.00790076637433831,0,0,0.00790076637433831,0
Greece,2009,359147,14.98622038503803,0,0,0,0,0
Greece,2010,359147,3.3850476228207693,0,0,0,0,0
Greece,2013,359147,1.1561208581026383,0,0,0,0,0
Greece,2007,221276,NA,0,0,0,0,0
Greece,2011,221276,NA,0,0,0,0,0
Greece,2013,221276,NA,0,0,0,0,0
Greece,2012,221276,NA,0,0,0,0,0
Greece,2017,221276,19.041593826231583,0,0,0,0,0
Greece,2009,221276,NA,0,0,0,0,0
Greece,2016,221276,NA,0,0,0,0,0
Greece,2009,438749,12.299465240641716,0,0,0,0,0
Greece,2010,438749,-1.6666666666666718,0,0,0,0,0
Greece,2017,438749,77.23577235772359,0.1244296972210701,0,0,0.08295313148071339,0.04147656574035669
Greece,2015,438749,-0.4524886877828038,0.0343878954607978,0,0,0.0343878954607978,0
Greece,2008,438749,-13.924050632911388,0,0,0,0,0
Greece,2014,438749,-31.472868217054263,0.03746721618583739,0,0,0.03746721618583739,0
Greece,2016,438749,11.818181818181817,0.12014417300760913,0,0,0.08009611533840609,0.040048057669203045
Greece,2011,438749,-0.9685230024213065,0.03274394237066143,0,0,0.03274394237066143,0
Greece,2007,438749,NA,0,0,0,0,0
Greece,2013,438749,-17.519181585677746,0.036603221083455345,0,0,0.036603221083455345,0
Greece,2012,438749,-4.400977995110022,0.03650967506389193,0,0,0.03650967506389193,0
Italy,2013,112522,-6.882332442792427,0.1354846655992117,0.0061583938908732604,0.0061583938908732604,0.11700948392659194,0.0061583938908732604
Italy,2014,112522,-8.544876192852247,0.039658059398960076,0.004406451044328897,0,0.035251608354631175,0
Italy,2015,112522,-11.37557116551865,0.08622813500862281,0.03695491500369549,0,0.04927322000492732,0
Italy,2009,112522,20.875174569395494,0.005027146591594611,0.005027146591594611,0,0,0
Italy,2007,112522,NA,0,0,0,0,0
Italy,2008,112522,26.191675058744536,0.0031020256227316436,0,0,0.0031020256227316436,0
Italy,2010,112522,2.855413732394374,0.04630701551285019,0,0,0.04051863857374392,0.005788376939106274
Italy,2012,112522,-0.5774338838202997,0.06947075912593154,0.012631047113805733,0,0.05683971201212581,0
Italy,2016,112522,-7.641400538668719,0.0939207650273224,0.03415300546448088,0,0.059767759562841534,0
Italy,2011,112522,-7.365605776945705,0.05317734645041213,0.02127093858016485,0,0.031906407870247275,0
Italy,2017,112522,-3.957673721046495,0.1348799568384138,0.02697599136768276,0.017983994245121843,0.0899199712256092,0
Italy,2017,180759,12.444725205306373,0.261079979623026,0.1400916963830871,0,0.12098828323993888,0
Italy,2016,180759,-1.2353381582231093,0.32328297156429375,0.10556178663323876,0,0.21772118493105494,0
Italy,2015,180759,6.814168138349275,0.24342745861733206,0.07650577270830435,0,0.16692168590902767,0
Italy,2009,180759,-10.402090872537196,0.25611409631898757,0.08537136543966253,0,0.17074273087932507,0
Italy,2007,180759,NA,0.4344633459796843,0.14686084934524538,0,0.2876024966344389,0
Italy,2013,180759,-0.35506885681101386,0.25120510557403763,0.088261253309797,0,0.1629438522642406,0
Italy,2010,180759,22.62262711484091,0.2869153266164009,0.06672449456195369,0.013344898912390738,0.20684593314205646,0
Italy,2011,180759,5.160298638559513,0.3280801452926358,0.17575722069248345,0.005858574023082781,0.14646435057706952,0
Italy,2012,180759,4.875756942994358,0.3099351432015153,0.12626987315617288,0,0.18366527004534236,0
Italy,2008,180759,25.295984684366978,0.45063710763493214,0.11913394799544183,0,0.3315031596394903,0
Italy,2014,180759,-0.05661382709470919,0.21608643457382953,0.09003601440576231,0.006002400960384154,0.12004801920768307,0
Italy,2011,415943,7.312866505691629,0,0,0,0,0
Italy,2009,415943,-2.0626878865028564,0.006914672935970129,0,0,0.006914672935970129,0
Italy,2008,415943,NA,0,0,0,0,0
Italy,2013,415943,3.197854925204635,0.011138751717224223,0.0037129172390747414,0,0.007425834478149483,0
Italy,2010,415943,13.813075665869313,0.0035911800617682973,0,0,0.0035911800617682973,0
Italy,2012,415943,13.886210221793638,0.0036103689797097266,0,0,0.0036103689797097266,0
Italy,2012,136356,0.8639295023279425,0,0,0,0,0
Italy,2010,136356,4.7907368546801,0,0,0,0,0
Italy,2009,136356,NA,0,0,0,0,0
Italy,2011,136356,4.709942354778374,0,0,0,0,0
Italy,2015,136356,2.7491823773704738,0,0,0,0,0
Italy,2013,136356,8.312274597450099,0.005181078700585462,0.005181078700585462,0,0,0
Italy,2014,136356,5.6183776654209705,0,0,0,0,0
Italy,2017,136356,5.190235690235689,0.01683671751355356,0.0033673435027107112,0,0.013469374010842845,0
Italy,2016,136356,4.280891289669153,0,0,0,0,0
Italy,2012,395340,-12.458237259423088,0.007300202580621612,0.005475151935466209,0,0.001825050645155403,0
Italy,2010,395340,10.548816606144884,0.004105427374989736,0.002052713687494868,0,0.002052713687494868,0
Italy,2017,395340,-0.9817289337332946,0.21613832853025938,0,0,0.21613832853025938,0
Italy,2014,395340,-0.008785544850209437,0.0269855108564786,0.024909702329057166,0,0.0020758085274214305,0
Italy,2015,395340,3.2333645735707517,0.02512036843207034,0.020933640360058615,0,0.004186728072011723,0
Italy,2011,395340,-0.985439720442638,0.010404528050607625,0.00416181122024305,0,0.0062427168303645746,0
Italy,2008,395340,4.15717400357658,0.006851035648222156,0.0022836785494073854,0,0.004567357098814771,0
Italy,2009,395340,-8.676325321040501,0.00900515545149598,0.002251288862873995,0,0.006753866588621986,0
Italy,2007,395340,NA,0.00478217206255081,0,0,0.00478217206255081,0
Italy,2016,395340,4.034271448025417,0.024344227375083682,0.02028685614590307,0,0.0040573712291806134,0
Italy,2013,395340,-8.224258876017954,0.02998500749625187,0.025371929419905428,0,0.004613078076346442,0
Italy,2009,194935,19.920467254877593,0.2584572971110218,0.022973981965424158,0,0.2354833151455976,0
Italy,2010,194935,7.233160621761647,0.23751259536490574,0.021592054124082338,0,0.21592054124082338,0
Italy,2008,194935,-16.063419213518305,0.3105211885046274,0.024354603019970774,0,0.2861665854846566,0
Italy,2013,194935,9.810872121889268,0.24846649584595076,0.023293733985557886,0.007764577995185961,0.21740818386520694,0
Italy,2011,194935,-20.883262466177044,0.2651640702684786,0.033145508783559825,0,0.23201856148491878,0
Italy,2012,194935,62.12324416758275,0.2068680182043856,0.0330988829127017,0,0.1737691352916839,0
Italy,2014,194935,1.366908103680009,0.14646649578908824,0.007323324789454412,0.007323324789454412,0.13181984621017942,0
Italy,2007,194935,NA,0.3321583514099783,0.027114967462039046,0,0.3050433839479393,0
Italy,2010,221781,-2.3829131112785396,0.1266089892382359,0,0,0.1266089892382359,0
Italy,2007,221781,NA,0.10819583446037327,0,0,0.09917951492200883,0.00901631953836444
Italy,2013,221781,-20.77126381547333,0.01791080419510836,0.00597026806503612,0,0.01194053613007224,0
Italy,2016,221781,-17.898571565525835,0.03641451214136497,0.005749659811794468,0,0.030664852329570502,0
Italy,2012,221781,-9.311446833236491,0.17565872020075282,0.02509410288582183,0,0.150564617314931,0
Italy,2017,221781,-5.987856141989722,0.04655172413793104,0.010344827586206896,0,0.034482758620689655,0.0017241379310344827
Italy,2014,221781,6.8587313621430335,0.0209595040319467,0.005515658955775447,0,0.015443845076171251,0
Italy,2009,221781,11.036964980544738,0.08320096815672037,0.00756372437788367,0,0.0756372437788367,0
Italy,2015,221781,23.344527480843812,0.03130686598704678,0.005870037372571272,0,0.025436828614475514,0
Italy,2008,221781,6.418219461697716,0.13682564503518374,0,0,0.08795934323690383,0.0488663017982799
Italy,2011,221781,-1.1505393714213885,0.14009526478005044,0,0,0.14009526478005044,0
Greece,2015,274056,-29.05024507496933,0.12987950068547516,0.01443105563171946,0.02164658344757919,0.0938018616061765,0
Greece,2011,274056,46.45887311739101,0.18581405779457935,0.006407381303261357,0.012814762606522714,0.16659191388479527,0
Greece,2008,274056,35.992743470050684,0.19095683011662007,0,0.0068198867898792885,0.1773170565368615,0.0068198867898792885
Greece,2016,274056,-14.48976853455759,0.10197392381091121,0.007283851700779372,0.021851555102338115,0.07283851700779372,0
Greece,2014,274056,-5.186020393735957,0.12244309997118986,0.007202535292422933,0.021607605877268798,0.09363295880149813,0
Greece,2009,274056,-30.931079841613396,0.1901931649331352,0,0.01188707280832095,0.17830609212481427,0
Greece,2013,274056,-4.8126758136272425,0.10789149198520344,0.02311960542540074,0.0077065351418002465,0.07706535141800247,0
Greece,2007,274056,NA,0.18213792237156137,0,0.006280618012812461,0.16957668634593642,0.006280618012812461
Greece,2017,274056,27.20425007535594,0.1081938834391229,0.007212925562608194,0.014425851125216388,0.08655510675129832,0
Greece,2010,274056,39.673618382897246,0.10626992561105207,0,0.012502344189535539,0.09376758142151653,0
Greece,2012,274056,15.310998223091188,0.12189645217168153,0.012831205491755952,0.012831205491755952,0.09623404118816963,0
Greece,2010,260897,NA,0.13497789155224577,0.004654410053525715,0.004654410053525715,0.11636025133814289,0.00930882010705143
Greece,2016,260897,-49.09077468953282,0.005045154129458655,0,0,0,0.005045154129458655
Greece,2013,260897,5.473815461346643,0.15398330496798768,0.016208768943998704,0,0.11346138260799092,0.024313153415998056
Greece,2008,260897,-92.90457295665524,0.06743088334457181,0.04495392222971454,0,0.02247696111485727,0
Greece,2014,260897,-14.824447334200263,0,0,0,0,0
Greece,2007,260897,NA,0.01783007934385308,0,0,0.01783007934385308,0
Greece,2017,260897,NA,0.09041591320072333,0,0,0.08036970062286518,0.010046212577858147
Greece,2015,260897,-6.12074947952811,0,0,0,0,0
Greece,2011,260897,NA,0.39480177660799476,0.032900148050666225,0,0.35641827054888414,0.005483358008444371
Greece,2009,260897,NA,0.09167303284950344,0.02291825821237586,0,0.06875477463712758,0
Greece,2012,260897,159.84124412765266,0.1606610052788616,0,0,0.15301048121796343,0.007650524060898172
Greece,2012,371449,NA,0.09977273987029545,0.01662878997838257,0,0.08314394989191287,0
Greece,2007,371449,NA,0.27717283706196794,0.0593941793704217,0,0.21777865769154622,0
Greece,2008,371449,19.42187633779502,0.17438480914551444,0.019376089905057157,0,0.15500871924045725,0
Greece,2013,371449,NA,0.15689932999745568,0.025443134594182,0,0.1314561954032737,0
Greece,2017,371449,NA,0,0,0,0,0
Greece,2011,371449,1.726125607262552,0.08867667121418826,0.013642564802182811,0,0.07503410641200546,0
Greece,2010,371449,-1.2508625697678522,0.16021690904609318,0.012324377618930243,0,0.1417303426176978,0.0061621888094651215
Greece,2015,371449,-10.06369426751592,0.12046485260770974,0.0248015873015873,0,0.09566326530612244,0
Greece,2016,371449,NA,0.008106355382619973,0,0,0.008106355382619973,0
Greece,2009,371449,-6.925939761409761,0.14280614066404856,0.01785076758300607,0,0.12495537308104249,0
Greece,2014,371449,-6.436233611442188,0.009872642906506073,0,0,0.009872642906506073,0
Greece,2013,252726,-7.781365630631909,0,0,0,0,0
Greece,2011,252726,25.37507578726723,0,0,0,0,0
Greece,2014,252726,1.6406404682401288,0,0,0,0,0
Greece,2009,252726,-2.295264738528058,0,0,0,0,0
Greece,2008,252726,-9.87449330381237,0,0,0,0,0
Greece,2010,252726,22.128890145735557,0,0,0,0,0
Greece,2016,252726,5.692827097438458,0.004507346975570179,0,0,0.004507346975570179,0
Greece,2017,252726,7.121409217832109,0,0,0,0,0
Greece,2012,252726,6.527714935483653,0,0,0,0,0
Greece,2015,252726,8.370190949234857,0,0,0,0,0
Greece,2007,252726,NA,0,0,0,0,0
Greece,2013,387425,NA,0,0,0,0,0
Greece,2011,387425,NA,0,0,0,0,0
Greece,2017,387425,36.98412698412699,0,0,0,0,0
Greece,2014,387425,NA,0,0,0,0,0
Greece,2012,387425,NA,0,0,0,0,0
Greece,2010,387425,NA,0,0,0,0,0
Greece,2016,387425,NA,0,0,0,0,0
Greece,2009,387425,NA,0.07836990595611285,0,0,0.07836990595611285,0
Greece,2015,387425,NA,0,0,0,0,0
Greece,2015,291190,20.63463445416027,0,0,0,0,0
Greece,2009,291190,NA,0,0,0,0,0
Greece,2012,291190,-21.261238643674197,0,0,0,0,0
Greece,2016,291190,16.178448662382294,0,0,0,0,0
Greece,2011,291190,NA,0,0,0,0,0
Greece,2008,291190,-5.03891472093062,0.10070493454179255,0,0,0.10070493454179255,0
Greece,2014,291190,20.212400888615957,0,0,0,0,0
Greece,2013,291190,10.33458878858533,0,0,0,0,0
Greece,2010,291190,NA,0,0,0,0,0
Greece,2017,291190,-21.07909350142578,0,0,0,0,0
Greece,2007,291190,NA,0,0,0,0,0
Italy,2014,264640,0.06597938144330406,0.22333297883654152,0.026587259385302563,0,0.19142826757417847,0.005317451877060513
Italy,2017,264640,2.24295506473724,0.14720571999369117,0.02628673571315914,0,0.09463224856737291,0.02628673571315914
Italy,2007,264640,NA,0.003922183871979918,0,0,0.003922183871979918,0
Italy,2008,264640,-7.209975769753562,0.12903225806451613,0.03795066413662239,0,0.09108159392789374,0
Italy,2009,264640,-5.299025539774538,0.0911854103343465,0.022796352583586626,0,0.06838905775075987,0
Italy,2010,264640,-0.10417647454434853,0.10848464085874159,0.0171291538198013,0,0.09135548703894027,0
Italy,2015,264640,6.758427429324976,0.18187519598620258,0.03135779241141424,0,0.1442458450925055,0.0062715584822828465
Italy,2012,264640,-7.273326739202113,0.10654967094954561,0.01880288310874334,0,0.08774678784080225,0
Italy,2016,264640,1.3664788079981394,0.14784151389710232,0.029568302779420463,0,0.10053222945002956,0.017740981667652277
Italy,2011,264640,2.0970800841013437,0.10972933430870518,0.0243842965130456,0,0.08534503779565959,0
Italy,2013,264640,-13.774711989759636,0.2218718981724762,0.017516202487300753,0,0.19851696152274187,0.005838734162433585
Greece,2017,295571,-7.755618919177143,0.10053888844204939,0,0,0.10053888844204939,0
Greece,2012,295571,-12.419932920514643,0.11636025133814289,0,0,0.1047242262043286,0.011636025133814289
Greece,2016,295571,-3.5428452711989022,0.13109464024605455,0.005042101547925175,0,0.11596833560227904,0.01008420309585035
Greece,2014,295571,20.352626772248538,0.1403461872619127,0,0,0.12029673193878233,0.020049455323130388
Greece,2010,295571,9.233005455776343,0.16843741902047163,0,0,0.16843741902047163,0
Greece,2008,295571,39.14500549641786,0.07618080243778569,0.012696800406297611,0,0.06348400203148806,0
Greece,2015,295571,-6.159926336426979,0.1469258589511754,0,0,0.12997287522603979,0.016952983725135623
Greece,2009,295571,-65.79590300247533,0.13179571663920922,0,0,0.13179571663920922,0
Greece,2011,295571,-2.7892166529400186,0.1182033096926714,0.01074575542660649,0,0.1074575542660649,0
Greece,2013,295571,61.76366396761133,0.11188364101334612,0.007991688643810438,0,0.09590026372572524,0.007991688643810438
Greece,2007,295571,NA,0.0703977472720873,0,0,0.0703977472720873,0
Italy,2013,413804,1.2290961017271673,0.02038597444957869,0.016988312041315574,0,0.003397662408263115,0
Italy,2012,413804,7.369712737495426,0.08610697135287299,0.08610697135287299,0,0,0
Italy,2009,413804,-4.248080812415845,0,0,0,0,0
Italy,2008,413804,NA,0.029228940548334924,0.007794384146222647,0.0019485960365556618,0.017537364329000955,0.0019485960365556618
Italy,2011,413804,16.631713684752427,0.008105698305909055,0,0,0.008105698305909055,0
Italy,2010,413804,8.655156517839725,0,0,0,0,0
Greece,2010,311163,-8.363018323205518,0,0,0,0,0
Greece,2017,311163,0.7619525482044365,0.010951702989814916,0.010951702989814916,0,0,0
Greece,2016,311163,-4.890785634425021,0.006171315724512466,0.006171315724512466,0,0,0
Greece,2013,311163,-1.2844472656734829,0,0,0,0,0
Greece,2011,311163,-13.045442098517634,0,0,0,0,0
Greece,2009,311163,-5.428990825688073,0,0,0,0,0
Greece,2008,311163,6.847940023996668,0,0,0,0,0
Greece,2007,311163,NA,0,0,0,0,0
Greece,2012,311163,-8.451074605545095,0,0,0,0,0
Greece,2014,311163,5.388929003797149,0,0,0,0,0
Italy,2013,123586,9.136233329178612,0.009213702618534284,0,0,0.009213702618534284,0
Italy,2017,123586,2.7435906872115057,0,0,0,0,0
Italy,2016,123586,12.18090608996032,0,0,0,0,0
Italy,2008,123586,NA,0.058799029816008035,0,0,0.058799029816008035,0
Italy,2015,123586,-20.420302268920352,0,0,0,0,0
Italy,2011,123586,-0.6594312405550196,0.04839601769911504,0,0,0.04839601769911504,0
Italy,2012,123586,10.952841930576685,0.01101945721302185,0,0,0.01101945721302185,0
Italy,2009,123586,12.58437666302552,0.0625130235465722,0,0,0.0625130235465722,0
Italy,2010,123586,8.65260224897999,0.039528448857162786,0,0,0.039528448857162786,0
Italy,2016,102859,2.7985328080423866,0.0619299628420223,0.028149983110010133,0,0.03377997973201216,0
Italy,2017,102859,4.41390247125677,0.06731891212638004,0.022439637375460012,0,0.044879274750920024,0
Italy,2015,102859,7.616959064327489,0.037206994915044034,0.012402331638348009,0,0.024804663276696018,0
Italy,2007,102859,NA,0,0,0,0,0
Italy,2014,102859,-5.953526742747151,0.037136066547831255,0.007427213309566251,0,0.029708853238265005,0
Italy,2010,102859,22.51407129455909,0.009979044007584073,0,0,0.009979044007584073,0
Italy,2008,102859,0.5080109417741285,0.012162490878131841,0,0,0.012162490878131841,0
Italy,2009,102859,-27.468895800933126,0.0053106744556558685,0,0,0.0053106744556558685,0
Italy,2013,102859,-7.326707441386338,0.043932870573763286,0.008786574114752659,0,0.035146296459010636,0
Italy,2011,102859,17.326624371034782,0.008890732892748126,0,0,0.005927155261832084,0.002963577630916042
Italy,2012,102859,46.33600596680962,0.049370525796099726,0.008228420966016621,0,0.041142104830083105,0
Greece,2013,474969,0.8050859712485536,0.1472874560183291,0.04909581867277637,0,0.09000900090009001,0.008182636445462728
Greece,2012,474969,17.28570312564244,0.21827911561751864,0.04224757076468103,0,0.16899028305872413,0.007041261794113504
Greece,2009,474969,1.0404201403888536,0,0,0,0,0
Greece,2010,474969,-5.07096138917783,0.055257341332491314,0,0,0.055257341332491314,0
Greece,2014,474969,-1.8542919919124157,0.1266954836786406,0.044716053063049634,0,0.07452675510508272,0.007452675510508272
Greece,2008,474969,NA,0,0,0,0,0
Greece,2011,474969,-6.735534726071535,0.08442776735459662,0,0,0.075046904315197,0.009380863039399626
Greece,2017,474969,-8.032287238780633,0.09860109693720343,0.012325137117150428,0,0.086275959820053,0
Greece,2016,474969,-9.957904552461061,0.08359053497942387,0.019290123456790122,0,0.057870370370370364,0.006430041152263375
Greece,2015,474969,-1.924776703260489,0.11036004966202234,0.027590012415505585,0,0.07587253414264036,0.006897503103876396
Greece,2016,371146,NA,0.11900511722004047,0.03570153516601214,0,0.08330358205402832,0
Greece,2012,371146,NA,0,0,0,0,0
Greece,2011,371146,NA,0,0,0,0,0
Greece,2017,371146,NA,0.10981540553260472,0.020917220101448517,0,0.0888981854311562,0
Greece,2010,371146,-62.026651069544435,0,0,0,0,0
Greece,2014,371146,NA,0,0,0,0,0
Greece,2008,371146,21.95530568956132,0,0,0,0,0
Greece,2007,371146,NA,0,0,0,0,0
Greece,2013,371146,NA,0,0,0,0,0
Greece,2015,371146,NA,0.07147962830593281,0.07147962830593281,0,0,0
Italy,2014,148385,4.856047492114746,0.09423378954453668,0.08525914292124748,0,0.008974646623289208,0
Italy,2016,148385,10.143021315750289,0.08204406938584154,0.06641662759806219,0,0.01562744178777934,0
Italy,2013,148385,13.679907571618122,0.10991527364323335,0.08701625830089306,0,0.02289901534234028,0
Italy,2015,148385,6.109245297542132,0.103106648137356,0.08965795490204868,0,0.0134486932353073,0
Italy,2017,148385,11.628054096306407,0.10357045516489506,0.06541291905151267,0.005451076587626056,0.02998092123194331,0.002725538293813028
Italy,2008,148385,9.73831820315545,0,0,0,0,0
Italy,2012,148385,8.697883039646426,0.0977421561919656,0.08308083276317076,0,0.014661323428794839,0
Italy,2009,148385,8.394307705246561,0,0,0,0,0
Italy,2010,148385,-2.593896650809868,0.010646792653713068,0,0,0.010646792653713068,0
Italy,2011,148385,4.656011118832515,0.037727713700549746,0.005389673385792821,0,0.03233804031475693,0
Italy,2007,148385,NA,0,0,0,0,0
Greece,2013,446588,-14.040697956637537,0,0,0,0,0
Greece,2012,446588,0.4312917029269725,0,0,0,0,0
Greece,2014,446588,-6.279387987927598,0,0,0,0,0
Greece,2017,446588,10.67108448918901,0,0,0,0,0
Greece,2009,446588,1.5885843669463773,0,0,0,0,0
Greece,2011,446588,17.488938080027694,0,0,0,0,0
Greece,2016,446588,-1.5314917521909166,0,0,0,0,0
Greece,2010,446588,31.2700411901929,0,0,0,0,0
Greece,2015,446588,-10.381027745040916,0,0,0,0,0
Greece,2008,446588,NA,0,0,0,0,0
Italy,2012,306365,6.661221526454297,0,0,0,0,0
Italy,2011,306365,2.03722566904343,0,0,0,0,0
Italy,2015,306365,8.509374734877406,0,0,0,0,0
Italy,2017,306365,-16.433873413680267,0.004820438659918052,0,0,0.004820438659918052,0
Italy,2009,306365,NA,0,0,0,0,0
Italy,2010,306365,6.793908227848111,0,0,0,0,0
Italy,2016,306365,-2.0406567630961714,0,0,0,0,0
Italy,2014,306365,0.289287841402186,0,0,0,0,0
Italy,2012,281450,5.977357295542718,0.022166395744052016,0,0,0.022166395744052016,0
Italy,2013,281450,-7.119378455102343,0.23954554787488877,0.006844158510711108,0,0.23270138936417767,0
Italy,2008,281450,NA,0.04304778303917348,0.006149683291310498,0,0.036898099747862984,0
Italy,2009,281450,1.7853620043400964,0.03319391887406227,0.006638783774812454,0,0.026555135099249817,0
Italy,2010,281450,8.31475918209128,0.04384234293480644,0.017536937173922577,0,0.026305405760883863,0
Italy,2011,281450,13.00885747517222,0.1317137421337626,0.014634860237084735,0,0.11707888189667788,0
Italy,2012,274706,8.211964514445658,0.030896473048768896,0.028519821275786672,0,0.0023766517729822225,0
Italy,2010,274706,-23.77800454377962,0.0071219998575600026,0,0,0.0071219998575600026,0
Italy,2013,274706,NA,0.06760672203979139,0.009658103148541626,0,0.04829051574270813,0.009658103148541626
Italy,2011,274706,2.2100827174819093,0,0,0,0,0
Italy,2009,274706,-8.519179454998637,0.005011400937131975,0,0,0.005011400937131975,0
Italy,2008,274706,NA,0.005781516491775792,0,0,0.005781516491775792,0
Italy,2012,379605,7.7207788024733714,0.0035018910211514214,0,0,0.0035018910211514214,0
Italy,2009,379605,-38.69790605514801,0,0,0,0,0
Italy,2010,379605,62.03317578244247,0.003531572255968357,0,0,0.003531572255968357,0
Italy,2011,379605,28.120287817085288,0.010435508557117017,0,0,0.003478502852372339,0.006957005704744678
Italy,2016,379605,-17.91536883726017,0.007509480719408252,0,0,0.007509480719408252,0
Italy,2013,379605,-5.545219887311637,0.003265412748171369,0,0,0.003265412748171369,0
Italy,2014,379605,-8.53301043529614,0.006114151202959249,0,0,0.0030570756014796246,0.0030570756014796246
Italy,2015,379605,-19.801152875227203,0.006244536030972898,0,0,0.003122268015486449,0.003122268015486449
Italy,2007,379605,NA,0.010316191262186001,0,0.0051580956310930005,0.0051580956310930005,0
Italy,2017,379605,11.778223539262722,0.05992124636192433,0,0,0.05992124636192433,0
Italy,2008,379605,29.444699834924883,0.008926180487369454,0,0,0.004463090243684727,0.004463090243684727
Greece,2015,254865,29.0767820906378,0,0,0,0,0
Greece,2007,254865,NA,0,0,0,0,0
Greece,2016,254865,30.1816963847539,0.008735150244584206,0,0,0.004367575122292103,0.004367575122292103
Greece,2009,254865,25.411500964796186,0,0,0,0,0
Greece,2010,254865,2.069205132213181,0,0,0,0,0
Greece,2017,254865,2.0300702174383956,0.014220031284068823,0,0,0.009480020856045884,0.004740010428022942
Greece,2011,254865,27.882712797616627,0.013646288209606986,0,0,0.013646288209606986,0
Greece,2008,254865,-1.3488669107870943,0,0,0,0,0
Greece,2013,254865,31.422340921779067,0,0,0,0,0
Italy,2010,170186,12.66002521350913,0.004662439388287952,0,0,0.004662439388287952,0
Italy,2013,170186,4.818305274865842,0.0039603960396039604,0,0,0.0039603960396039604,0
Italy,2014,170186,-0.28279199795590015,0,0,0,0,0
Italy,2011,170186,9.05034024594633,0.004486115472612265,0,0,0.004486115472612265,0
Italy,2012,170186,-2.054439403758912,0.00843846251213029,0.004219231256065145,0,0.004219231256065145,0
Italy,2007,170186,NA,0.005483658697082694,0,0,0.005483658697082694,0
Italy,2008,170186,24.70147845920947,0.005121638924455826,0,0,0.005121638924455826,0
Italy,2009,170186,31.89864586940785,0.00487044613286577,0,0,0.00487044613286577,0
Italy,2015,170186,4.203114484394788,0,0,0,0,0
Italy,2016,170186,-2.703324297662202,0,0,0,0,0
Italy,2017,170186,4.667395134134655,0.08830579033682352,0.012615112905260501,0,0.07569067743156302,0
Italy,2016,483027,-29.843792819950675,0.23459812321501428,0.07139942880456956,0,0.1631986944104447,0
Italy,2013,483027,0.13404825737264314,0.1407349491790461,0.007818608287724784,0,0.13291634089132134,0
Italy,2014,483027,-4.5247657295850114,0.2035892022319409,0.007540340823405218,0.007540340823405218,0.18850852058513043,0
Italy,2015,483027,2.3275378575434713,0.21357149791282398,0,0,0.21357149791282398,0
Italy,2007,483027,NA,0.049617238446271625,0,0,0.049617238446271625,0
Italy,2008,483027,2.24839400428265,0.053062909026590416,0,0,0.053062909026590416,0
Italy,2009,483027,29.214659685863875,0.039286556140488725,0,0,0.039286556140488725,0
Italy,2010,483027,42.13938411669369,0.09516256938937351,0.007930214115781126,0,0.0872323552735924,0
Italy,2011,483027,2.7651083238312335,0.14203200454502415,0.00946880030300161,0,0.13256320424202253,0
Italy,2012,483027,3.4674063800277377,0.1283806915439918,0.008558712769599451,0,0.11982197877439234,0
Italy,2017,483027,-4.648437500000002,0.2554278416347382,0.06811409110259685,0.008514261387824606,0.16177096636866753,0.017028522775649212
Italy,2016,117235,1.1019283746556363,0.10962508221881166,0.07308338814587444,0,0.029233355258349778,0.0073083388145874445
Italy,2017,117235,19.70457478846981,0.1463771651622347,0.08945271204358787,0,0.032528258924941045,0.02439619419370578
Italy,2009,117235,-13.533834586466165,0.12748738983426638,0.022171719971176763,0,0.06651515991353028,0.03880050994955934
Italy,2015,117235,-6.847649918962729,0.06977393245883338,0.041864359475300025,0,0.006977393245883338,0.020932179737650013
Italy,2007,117235,NA,0.06122199093914534,0.036733194563487205,0,0.012244398187829068,0.012244398187829068
Italy,2008,117235,-1.5898410158984078,0.09044862518089725,0.03014954172696575,0,0.04220935841775205,0.01808972503617945
Italy,2013,117235,-4.839279406570118,0.18876828692779613,0.12584552461853074,0,0.06292276230926537,0
Italy,2010,117235,21.574618096357234,0.10480349344978165,0.05240174672489083,0,0.048034934497816595,0.004366812227074236
Italy,2011,117235,-5.905664024743862,0.28774908279979855,0.06474354362995467,0,0.2158118120998489,0.007193727069994963
Italy,2012,117235,-12.758089368258862,0.16880227115783011,0.06905547456456687,0,0.09974679659326327,0
Italy,2014,117235,-8.389012620638459,0.11876484560570072,0.09897070467141725,0,0.009897070467141725,0.009897070467141725
Italy,2007,129490,NA,0.11243934193395667,0.005917860101787194,0,0.10652148183216947,0
Italy,2017,129490,4.220762155059132,0.17520805957074026,0.029201343261790042,0.0036501679077237553,0.12045554095488392,0.021901007446342532
Italy,2008,129490,-3.6177692553531426,0.09689922480620156,0.006056201550387597,0,0.09084302325581395,0
Italy,2009,129490,-9.931029909145172,0.13240390980957203,0.0038942326414580005,0,0.12850967716811404,0
Italy,2010,129490,1.5020432205573808,0.12701292810161036,0.013608528010886821,0,0.10886822408709457,0.00453617600362894
Italy,2011,129490,8.65402052881652,0.2084574151280524,0.02977963073257892,0,0.1786777843954735,0
Italy,2012,129490,-1.5155055579664234,0.20949363854682948,0.03065760564099944,0,0.17883603290583006,0
Italy,2013,129490,-20.662305528251366,0.13206716558707,0.03144456323501667,0,0.10062260235205332,0
Italy,2014,129490,-7.835262955526123,0.1252415372504115,0.021469977814356257,0,0.1001932298003292,0.0035783296357260433
Italy,2015,129490,-8.598711352153154,0.18703241895261846,0.014843842774017336,0.0029687685548034676,0.15734473340458377,0.01187507421921387
Italy,2016,129490,-3.514555228725025,0.18817357586816444,0.025660033072931514,0.011404459143525118,0.14255573929406398,0.008553344357643839
Italy,2010,359564,22.699197035206907,0.031624553303184595,0.009487365990955378,0,0.022137187312229214,0
Italy,2011,359564,2.9197080291970767,0.09235209235209235,0.008658008658008658,0.0404040404040404,0.04329004329004329,0
Italy,2012,359564,10.418195157740273,0.09490238611713665,0.0067787418655097615,0.030504338394793926,0.05761930585683297,0
Italy,2009,359564,NA,0.050715450099619634,0.018112660749864156,0,0.03260278934975548,0
Italy,2013,359564,5.005537098560353,0.13647701068285567,0.014118311449950587,0.03764883053320156,0.08470986869970351,0
Italy,2014,359564,5.273149124657239,0.107084725434764,0.01285016705217168,0.01713355606956224,0.07710100231303006,0
Italy,2016,359564,5.349629332799033,0.12004801920768307,0.028011204481792715,0.008003201280512205,0.07202881152460984,0.012004801920768308
Italy,2017,359564,6.884747052111062,0.1409982677355678,0.0322281754824155,0.020142609676509687,0.08459896064134069,0.004028521935301938
Greece,2012,102381,NA,0,0,0,0,0
Greece,2013,102381,6.1013041611102325,0.14674710582096853,0.07337355291048427,0,0.06522093592043046,0.008152616990053808
Greece,2014,102381,12.465063567265421,0.1301102513182223,0.047935355748818735,0,0.06847907964116963,0.013695815928233926
Greece,2015,102381,3.4943497153074876,0.08928571428571429,0.053571428571428575,0,0.026785714285714288,0.008928571428571428
Greece,2007,102381,NA,0.17902431746978964,0.02983738624496494,0,0.1491869312248247,0
Greece,2008,102381,NA,0.110803324099723,0.013850415512465375,0,0.09695290858725762,0
Greece,2009,102381,NA,0.061447708000491576,0.02457908320019663,0,0.02457908320019663,0.012289541600098316
Greece,2010,102381,NA,0.07395082270290257,0.009243852837862821,0,0.06470696986503975,0
Greece,2011,102381,NA,0.11121703209405784,0.023832221163012392,0,0.07944073721004132,0.00794407372100413
Greece,2016,102381,-3.9232337578195664,0.026292725679228746,0.026292725679228746,0,0,0
Greece,2017,102381,-10.92294504238499,0.10392849719393059,0.020785699438786113,0,0.07967851451534677,0.003464283239797686
Italy,2016,425049,-9.442599950848663,0.020998005189506997,0.008999145081217285,0.001499857513536214,0.010499002594753499,0
Italy,2017,425049,14.524885971014179,0.027586206896551724,0.015763546798029555,0.003940886699507389,0.007881773399014778,0
Italy,2014,425049,-4.643698633020654,0.0313723350565384,0.00954810197372908,0,0.01909620394745816,0.0027280291353511655
Italy,2015,425049,-29.96967669243079,0.017202552233204053,0.00781934192418366,0,0.009383210309020392,0
Italy,2007,425049,NA,0.01196372598282009,0,0,0.01196372598282009,0
Italy,2008,425049,13.369280387018744,0.0043871194173905415,0,0,0.0043871194173905415,0
Italy,2009,425049,-27.030826332399872,0.004237647258242224,0,0,0.004237647258242224,0
Italy,2010,425049,21.27666054962041,0.00977096849839756,0,0,0.00977096849839756,0
Italy,2011,425049,15.962930639358564,0.019921310822252104,0.006640436940750701,0,0.013280873881501402,0
Italy,2012,425049,8.320835115570159,0.027151368881514443,0.00754204691153179,0,0.018100912587676297,0.0015084093823063578
Italy,2013,425049,-5.257896341615808,0.027306304882079878,0.011497391529296791,0,0.014371739411620987,0.001437173941162099
Greece,2012,472744,-27.797553656898632,0,0,0,0,0
Greece,2008,472744,NA,0,0,0,0,0
Greece,2009,472744,-90.3322932046255,0,0,0,0,0
Greece,2010,472744,65.77155727155728,0,0,0,0,0
Greece,2013,472744,-26.61290322580645,0,0,0,0,0
Greece,2014,472744,-14.652014652014655,0,0,0,0,0
Greece,2015,472744,8.58369098712446,0,0,0,0,0
Greece,2016,472744,-27.667984189723317,0,0,0,0,0
Greece,2017,472744,-10.77950819672131,0,0,0,0,0
Italy,2007,163924,NA,0.12165978709537259,0.026069954377579842,0,0.09558983271779274,0
Italy,2008,163924,-9.367728882144666,0.20070451380355533,0.06144015728680265,0,0.13516834603096584,0.004096010485786844
Italy,2009,163924,2.5858540759757354,0.1594978390615353,0.04630582424367154,0,0.10804692323523359,0.005145091582630171
Italy,2010,163924,-5.433048019730158,0.18313620755436857,0.09156810377718429,0,0.09156810377718429,0
Italy,2011,163924,-3.3519981590856784,0.286049956581703,0.10216069877917965,0,0.18388925780252338,0
Italy,2012,163924,-0.5992063492063493,0.24104204329485932,0.13442729337597922,0,0.10661474991888009,0
Italy,2013,163924,-4.295580661902676,0.3362872074528516,0.1499659168370825,0.0045444217223358325,0.1817768688934333,0
Italy,2014,163924,-6.090184791223463,0.2192517151142231,0.0990169035999717,0.007072635971426551,0.10608953957139827,0.007072635971426551
Italy,2015,163924,-0.4797228268111797,0.2075765438505449,0.1260286159092594,0.007413447994662318,0.07413447994662317,0
Italy,2016,163924,-16.08569515733095,0.16176277707340533,0.0655795042189481,0.004371966947929874,0.08743933895859747,0.004371966947929874
Italy,2017,163924,4.350832402531779,0.27702499247214696,0.09033423667570009,0.01806684733514002,0.15055706112616682,0.01806684733514002
Italy,2007,215583,NA,0.2552881108679796,0,0,0.2552881108679796,0
Italy,2008,215583,-1.8809585158464315,0.059426533947407524,0,0,0.059426533947407524,0
Italy,2009,215583,24.352240896358545,0.1203079884504331,0,0,0.1203079884504331,0
Italy,2010,215583,-6.007144868365478,0,0,0,0,0
Italy,2011,215583,-2.230834760955247,0.0942951438000943,0,0,0.0942951438000943,0
Italy,2012,215583,40.34163810107432,0.10473397570171764,0.020946795140343526,0,0.0837871805613741,0
Italy,2013,215583,40.55400150098929,0.12784998934583422,0.04261666311527807,0,0.08523332623055614,0
Italy,2014,215583,8.0224260958206,0.08171269815329302,0.02179005284087814,0,0.059922645312414875,0
Italy,2015,215583,-12.994243653864302,0.09268377454671842,0.04634188727335921,0.005792735909169901,0.04054915136418931,0
Italy,2016,215583,-11.053093688668525,0.1734195175784329,0.04729623206684534,0.031530821377896895,0.09459246413369068,0
Italy,2017,215583,-14.862471620436768,0.11409013120365087,0.028522532800912718,0.014261266400456359,0.06417569880205362,0.0071306332002281795
Italy,2008,341186,NA,0.050928699820251645,0.02396644697423607,0,0.02696225284601558,0
Italy,2009,341186,-7.575038661605515,0.05094531869127137,0.016981772897090457,0,0.03396354579418091,0
Italy,2010,341186,20.61851749740937,0,0,0,0,0
Italy,2011,341186,25.58581280788177,0.023631012481471137,0.010741369309759607,0,0.01288964317171153,0
Italy,2012,341186,20.923577072494147,0.035996310378186236,0.011248846993183199,0,0.024747463385003037,0
Italy,2013,341186,2.2478149847412254,0.039970204029723296,0.009084137279482566,0,0.030886066750240727,0
Italy,2014,341186,2.766906759658294,0.03794232766195383,0.009984823068935217,0,0.027957504593018608,0
Italy,2015,341186,5.351233342224071,0.04672169444011836,0.01384346501929433,0,0.03287822942082403,0
Italy,2016,341186,1.863642330701576,0.04852854518354189,0.024264272591770945,0,0.024264272591770945,0
Italy,2017,341186,6.174430539382425,0.056447688564476885,0.038929440389294405,0,0.01751824817518248,0
