cds7_ID,year,baseline_enroll_ratio,baseline_freelunch,studentachievement,baseline_achievement,minoritycandidate_electoral_result
1061994,2009,0.54587156,0.62385321,-0.19144189,NA,0.22689077
1062000,2009,0.69041097,0.78356165,0.0088137686,NA,-0.072351426
1062109,2007,0.34513277,0.24778761,NA,NA,-0.11981566
1062117,2003,0.36424416,NA,NA,NA,-0.47055197
1062117,2009,0.42142922,0.27184606,0.045864612,0.4636437,-0.55561435
1062125,2002,0.7067225,NA,NA,NA,0.10769233
1062125,2008,0.77121246,0.66485465,-0.042122811,-0.41583347,0.42857143
1062125,2009,0.78458679,0.63927579,0.015538812,-0.46970665,0.11468104
1062166,2001,0.78510809,NA,NA,NA,-0.057595611
1062166,2005,0.78984588,0.60427088,NA,NA,-0.067153156
1062166,2007,0.80855685,0.73697847,NA,NA,0.050525069
1062166,2007,0.80855685,0.73697847,NA,NA,0.25751665
1062166,2009,0.82537341,0.79100335,0.13826162,-0.43857327,-0.028530896
1062166,2011,0.84457153,0.81536067,0.11891651,-0.42120501,0.1332716
1062166,2011,0.84457153,0.81536067,0.11891651,-0.42120501,-0.12531757
1062166,2013,0.85346586,0.78612345,0.056721181,-0.34480628,-0.1653825
1062166,2013,0.85346586,0.78612345,0.056721181,-0.34480628,-0.080682278
1062166,2015,0.86305451,0.80583823,NA,-0.28391686,-0.12404141
1062174,2001,0.9918946,NA,NA,NA,0.022094138
1062240,2001,0.47647351,NA,NA,NA,-0.011523128
1062240,2007,0.49830014,0.40456533,NA,NA,-0.062091008
1062240,2007,0.49830014,0.40456533,NA,NA,-0.066398397
1062257,2013,0.53545237,0.17359413,NA,NA,0.069899529
1062281,2007,0.77608144,0.77226466,NA,NA,-0.025723487
1062281,2013,0.82608694,0.76214832,-0.050624639,NA,-0.042767897
1062281,2015,0.95329672,0.85302198,NA,NA,-0.10457517
1062331,2005,0.93565685,0.922252,NA,NA,-0.12299465
1062331,2011,0.9612903,0.93870968,-0.010775983,NA,0.035294116
1062331,2011,0.9612903,0.93870968,-0.010775983,NA,0.3922652
1062364,2007,0.99749374,0.99436092,NA,NA,0.10442215
1062380,2003,0.86956525,NA,NA,NA,0.012032092
1062380,2003,0.86956525,NA,NA,NA,0.29310346
1062380,2007,0.83268481,0.96498054,NA,NA,-0.05325444
1062380,2009,0.88363636,0.79272729,-0.025193572,NA,-0.19533527
1062380,2015,0.94444442,0.65359479,NA,NA,-0.033395171
1062414,2001,0.76678956,NA,NA,NA,0.012468815
1062414,2003,0.75976563,NA,NA,NA,0.20660147
1062414,2003,0.75976563,NA,NA,NA,0.1873199
1062414,2005,0.77301091,0.55694228,NA,NA,0.27334082
1062414,2015,0.83039713,0.72059804,NA,0.12179411,-0.57632136
1062414,2015,0.83039713,0.72059804,NA,0.12179411,-0.21928462
1062430,2005,0.83913124,0.70139503,NA,NA,0.020554155
1062430,2009,0.88227558,0.7885564,0.13020262,-0.21745589,0.0019383729
1062430,2011,0.89375192,0.68264771,0.12488844,-0.1613631,-0.02777487
1062430,2013,0.90972221,0.74722224,0.072164372,-0.10600292,-0.0087154806
1062513,2001,0.74266362,NA,NA,NA,-0.024311185
1062521,2001,0.78588051,NA,NA,NA,-0.13152352
1062521,2015,0.8942548,0.90258116,NA,NA,0.007706061
1062521,2015,0.8942548,0.90258116,NA,NA,0.18840578
1062521,2015,0.8942548,0.90258116,NA,NA,-0.28421053
1062539,2003,0.86834735,NA,NA,NA,-0.011577427
1062539,2007,0.81142241,0.27370688,NA,NA,0.084905669
1062547,2010,0.98972601,0.90753424,-0.096087277,NA,-0.0024093688
1073809,2013,0.94421953,0.85425103,0.066131413,NA,-0.014590338
1073965,2003,0.62501335,NA,NA,NA,-0.22209644
1073965,2003,0.62501335,NA,NA,NA,0.28831899
1073965,2011,0.73940063,0.45669788,0.089908838,-0.11771848,-0.057826757
1073965,2011,0.73940063,0.45669788,0.089908838,-0.11771848,-0.023112804
1073965,2011,0.73940063,0.45669788,0.089908838,-0.11771848,0.17474613
1073965,2013,0.7706629,0.53794074,0.10573649,-0.15822738,-0.041513681
1073999,2007,0.81767493,0.76860887,NA,NA,0.31280386
1073999,2011,0.85120577,0.78783989,0.10593625,-0.17469211,-0.45588234
1073999,2011,0.85120577,0.78783989,0.10593625,-0.17469211,0.22968197
1073999,2013,0.86777252,0.64597154,-0.096132472,-0.10834046,0.49955076
1073999,2015,0.8760826,0.77619892,NA,0.0050945804,-0.21907601
1073999,2015,0.8760826,0.77619892,NA,0.0050945804,0.12371132
1075234,2001,0.93953252,NA,NA,NA,0.22680414
1075234,2001,0.93953252,NA,NA,NA,-0.087546229
1075234,2003,0.94153225,NA,NA,NA,-0.1951952
1075234,2003,0.94153225,NA,NA,NA,-0.14432991
1075234,2003,0.94153225,NA,NA,NA,-0.16200292
1075234,2007,0.97230929,0.86833858,NA,NA,-0.12803888
1075234,2007,0.97230929,0.86833858,NA,NA,-0.14900661
1075234,2011,0.96910572,0.98373985,-0.011852354,NA,0.14720809
1075234,2011,0.96910572,0.98373985,-0.011852354,NA,-0.067226887
1075234,2015,NA,NA,NA,NA,0.34023666
1075234,2015,NA,NA,NA,NA,0.16129032
1075275,2005,0.19982845,0.29459691,NA,NA,-0.0053568035
1075408,2011,0.78814626,0.7824716,0.11448988,-0.074643299,-0.1264368
1075408,2015,0.81452143,0.81716174,NA,0.032709625,-0.18828452
1075598,2009,0.78566647,0.86202276,0.2058925,-0.34036326,-0.043894231
1075598,2011,0.79395604,0.8125,0.098172545,-0.26018879,0.034309253
1075598,2015,0.84873325,0.87928462,NA,NA,-0.090774894
1162570,2002,0.88396627,NA,NA,NA,0.28676471
1162570,2003,0.87659574,NA,NA,NA,0.066400006
1162570,2008,0.90131581,0.84868419,-0.041220576,NA,0.10554090000000001
1162570,2011,0.94834709,0,NA,NA,-0.022441655
1162646,2013,0.56696427,0.33035713,NA,NA,-0.21818182
1162661,2015,0.51752824,0.61021984,NA,-0.25549152,0.02569738
1262893,2008,0.17831326,0.12289157,-0.067370951,NA,0.11713031
1263032,2001,0.19478261,NA,NA,NA,0.10431728
1263032,2005,0.19244605,0.63848919,NA,NA,0.16174231
1263032,2009,0.21158129,0.59020042,-0.27839556,NA,-0.0086558163
1263032,2013,0.33865249,0.53546101,0.060124204,NA,0.037204683
1363073,2004,0.85611701,0.69015956,NA,NA,-0.046926811
1363073,2008,0.88590425,0.69441491,-0.063644171,-0.14024283,0.034973636
1363073,2010,0.89451367,0.72064668,-0.069434419,-0.21207705,0.053160921
1363073,2012,0.91896272,0.74257159,-0.044258595,-0.1934001,-0.095331624
1363073,2016,0.939089,0.79089463,NA,-0.2782979,0.037345514
1363081,2006,0.81919909,0.40812722,NA,NA,0.0085106343
1363081,2008,0.86366165,0.44574291,NA,NA,-0.0039460808
1363081,2010,0.88049662,0.1422659,NA,NA,0.068685055
1363099,2005,0.99298608,0.83413428,NA,NA,0.052369803
1363099,2013,0.99472153,0.70063555,-0.12487611,NA,0.040933743
1363107,2002,0.78365046,NA,NA,NA,-0.0032336265
1363107,2004,0.81914896,0.68156028,NA,NA,-0.0023946315
1363107,2012,0.87833333,0.79333335,-0.067144036,NA,0.013521463
1363107,2014,0.89579833,0.96806723,NA,NA,-0.053398058
1363123,2001,0.902264,NA,NA,NA,0.011209309
1363123,2006,0.91369337,0.71166825,NA,NA,0.026934594
1363123,2008,0.92415231,0.72215974,0.064061895,-0.19831669,-0.024981737
1363123,2016,0.94818121,0.79855871,NA,-0.16111761,-0.08897154
1363164,2002,0.64920998,NA,NA,NA,-0.01551044
1363164,2003,0.64654028,NA,NA,NA,-0.0057995021
1363164,2004,0.66441822,0.42369309,NA,NA,-0.10956788
1363164,2006,0.6841687,0.36077964,NA,NA,0.033033028
1363164,2008,0.71488231,0.32611996,0.060063921,0.057022005,0.10649088
1363164,2014,0.79039425,0.41948918,NA,0.035272777,-0.015212983
1363180,2008,0.58867925,0.24339622,0.17735624,0.11314104,0.027180076
1363214,2008,0.90387017,0.72409487,0.10534731,NA,-0.02439025
1363214,2012,0.91361254,0.98429322,-0.21201056,NA,0.042372882
1363214,2014,0.95040214,0.9839142,NA,NA,-0.11111112
1363222,2015,0.90588236,0.9929412,NA,NA,-0.088288292
1363230,2004,0.91363639,0.94999999,NA,NA,-0.049618319
1363230,2014,0.91758239,0.8901099,NA,NA,-0.014285713
1363230,2016,0.93565685,0.91443849,NA,NA,0.055876687
1563313,2007,0.95566863,0.88699126,NA,NA,0.011360049
1563313,2009,0.9612245,0.69999999,-0.079878926,NA,-0.0087237358
1563313,2009,0.9612245,0.69999999,-0.079878926,NA,0.26900268
1563313,2013,0.96829712,0.94172704,0.25097656,NA,-0.024183795
1563313,2015,0.97520906,0.88918757,NA,NA,0.23959827
1563321,2001,0.78160876,NA,NA,NA,-0.0236305
1563321,2007,0.80937922,0.84738195,NA,NA,-0.067187592
1563321,2011,0.86102545,0.87472212,0.089884371,-0.44077772,-0.030677736
1563339,2009,0.27562028,0.82362461,-0.127232,0.48956761,-0.22777255
1563347,2005,0.76666665,0.81666666,NA,NA,0.028571457
1563404,2003,0.96279144,NA,NA,NA,0.0035999566
1563404,2009,0.98404253,0.99631751,0.076489002,-0.41885683,0.06686686
1563404,2015,0.98411047,0.83589476,NA,NA,-0.018137962
1563412,2001,0.96625966,NA,NA,NA,-0.077687263
1563412,2007,0.97225398,0.76115561,NA,NA,0.0045693666
1563412,2009,0.97078252,0.72230691,NA,NA,-0.09847866
1563446,2005,0.16438359,0.9041096,NA,NA,-0.24324328
1563479,2005,0.2239396,0.19949676,NA,NA,-0.010689408
1563479,2007,0.26207608,0.19801302,NA,NA,-0.0035700202
1563529,2003,0.52099776,NA,NA,NA,-0.02375783
1563529,2005,0.54716718,0.40162379,NA,NA,-0.23996979
1563529,2007,0.571841,0.45306835,NA,NA,-0.08489269
1563545,2007,0.15462869,0.62461853,NA,NA,-0.0374704
1563560,2001,0.93154764,NA,NA,NA,-0.10009223
1563560,2003,0.92792463,NA,NA,NA,-0.040816337
1563560,2007,0.93857676,0.935206,NA,NA,-0.0073816776
1563560,2009,0.95449698,0.9900462,0.14207909,NA,-0.0058639497
1563560,2011,0.96902192,0.88687783,0.14098087,NA,0.028253421
1563578,2003,0.81460214,NA,NA,NA,0.011727065
1563578,2007,0.87943262,0.8503173,NA,NA,-0.060109288
1563578,2013,0.93764436,0.80468494,0.093845397,-0.4193919,0.03879191
1563594,2003,0.98163265,NA,NA,NA,0.046666667
1563594,2007,0.99263352,0.96685082,NA,NA,-0.007042259
1563594,2013,0.98381293,NA,-0.095514238,NA,-0.012048185
1563610,2001,0.33035713,NA,NA,NA,0.15923569
1563610,2013,0.50367647,0.5147059,0.0023990497,NA,-0.33333334
1563677,2013,0.67247617,0.75600129,-0.069050074,-0.4514955,-0.080527499
1563685,2005,0.28814226,0.27154151,NA,NA,0.022512704
1563750,2011,0.33092785,0.19463918,0.054405369,0.40405169,-0.061766334
1563750,2015,0.37958413,0.18809074,NA,0.417164,-0.059607372
1563768,2005,0.89338237,0.89705884,NA,NA,-0.375
1563776,2002,0.43768287,NA,NA,NA,0.031111106
1563776,2010,0.53878284,0.51223153,-0.16326579,-0.14568399,0.013779789
1563826,2001,0.22262049,NA,NA,NA,-0.35974169
1563826,2005,0.23704296,0.23925272,NA,NA,-0.13366508
1563826,2007,0.25210756,0.2647531,NA,NA,0.025402069
1563826,2011,0.34125847,0,-0.03789898,0.31091771,-0.21843493
1563834,2009,0.9695946,0.97747749,0.015077531,NA,0.014732957
1563834,2011,0.97048408,0.99291617,-0.066685259,NA,0.01435408
1563834,2011,0.97048408,0.99291617,-0.066685259,NA,-0.071672365
1563834,2015,0.97309417,0.85313904,NA,NA,-0.051146373
1563842,2005,0.88830781,0.81882703,NA,NA,0.024267584
1563842,2011,0.92790473,0.87801737,0.045171201,-0.51230794,0.0042648315
1563842,2013,0.93824828,0.89918083,0.190047,-0.53710622,0.036966339
1563842,2015,0.94748223,0.91380906,NA,-0.5153659,-0.021918789
1563859,2005,0.82857144,0.62490845,NA,NA,-0.028943032
1563859,2015,0.93774539,0.71845204,NA,NA,0.044410139
1575168,2001,0.17157215,NA,NA,NA,0.0076057687
161119,2011,NA,NA,NA,NA,-0.1619107
161127,2005,NA,NA,NA,NA,-0.12425901
161143,2007,NA,NA,NA,NA,-0.08085338
161143,2009,NA,NA,NA,NA,-0.0082940608
161143,2013,NA,NA,NA,NA,-0.11553971
161143,2015,NA,NA,NA,NA,0.074575469
161168,2002,NA,NA,NA,NA,-0.049629956
161176,2001,NA,NA,NA,NA,0.0031200647
161176,2007,NA,NA,NA,NA,-0.10055588
161176,2013,NA,NA,NA,NA,-0.030957311
161176,2015,NA,NA,NA,NA,-0.11888678
161192,2002,NA,NA,NA,NA,-0.029243946
161192,2008,NA,NA,NA,NA,-0.0341582
161192,2013,NA,NA,NA,NA,0.029674046
161192,2013,NA,NA,NA,NA,0.23724303
161192,2015,NA,NA,NA,NA,0.05414328
161234,2007,NA,NA,NA,NA,-0.059027478
161242,2003,NA,NA,NA,NA,-0.10878465
161242,2005,NA,NA,NA,NA,0.003566131
161242,2011,NA,NA,NA,NA,-0.098441899
161242,2015,NA,NA,NA,NA,0.015754461
161259,2001,NA,NA,NA,NA,-0.1153276
161259,2001,NA,NA,NA,NA,-0.5059278
161259,2001,NA,NA,NA,NA,-0.062151074
161259,2003,NA,NA,NA,NA,-0.15044522
161259,2007,NA,NA,NA,NA,0.083913416
161259,2007,NA,NA,NA,NA,-0.11241278
161259,2011,NA,NA,NA,NA,-0.041534305
161259,2013,NA,NA,NA,NA,0.21678644
161259,2015,NA,NA,NA,NA,0.38419819
161275,2005,NA,NA,NA,NA,-0.018876567
161291,2001,NA,NA,NA,NA,0.37707856
161291,2001,NA,NA,NA,NA,-0.20944843
161291,2005,NA,NA,NA,NA,0.10185444
161291,2009,NA,NA,NA,NA,-0.18960202
161291,2013,NA,NA,NA,NA,0.18156227
161291,2015,NA,NA,NA,NA,-0.17151788
161309,2015,NA,NA,NA,NA,-0.017264396
1663875,2013,0.61038184,0.70883054,0.067246854,-0.44302222,-0.10107017
1663875,2015,0.628286,0.57360673,NA,NA,-0.016734511
1663883,2005,0.52754116,0.53889835,NA,NA,0.10021788
1663883,2005,0.52754116,0.53889835,NA,NA,0.049614102
1663883,2007,0.5721103,0.51484621,NA,NA,-0.14932129
1663883,2009,0.56827116,0.48772103,-0.052875616,0.18538794,-0.031168848
1663883,2011,0.60020983000000006,0.56453305,0.013169117,0.067540936,0.081802994
1663883,2015,0.60506862,0.55015838,NA,0.074307211,-0.28818443
1663891,2009,0.86896551,0.77115989,0.25289762,-0.42845172,0.11645964
1663891,2011,0.89721304,0.76475877,0.10052735,-0.36043242,0.56810629
1663891,2013,0.89068824,0.67704767,-0.28215942,-0.19916403,-0.14285716
1663891,2013,0.89068824,0.67704767,-0.28215942,-0.19916403,-0.25230768
1663917,2001,0.63162041,NA,NA,NA,-0.092500925
1663917,2003,0.61110008,NA,NA,NA,-0.21008405
1663917,2006,0.64400399,0.70683843,NA,NA,0.018750012
1663917,2007,0.66261804,0.72970891,NA,NA,0.21276593
1663917,2007,0.66261804,0.72970891,NA,NA,0.061183572
1663925,2009,0.58817208,0.2669355,NA,NA,-0.059333667
1663925,2013,0.65866256,0.38755485,NA,NA,-0.23084068
1663958,2001,0.42718446,NA,NA,NA,0.014705896
1663974,2011,0.6902439,0.60000002,-0.031573161,-0.12337989,-0.097871423
1663974,2015,0.73286259,0.56781405,NA,-0.189436,-0.020666122
1663982,2007,0.54069221,0.14499532,NA,NA,-0.016362339
175093,2011,NA,NA,NA,NA,0.0552959
175093,2013,NA,NA,NA,NA,-0.018847495
175101,2013,NA,NA,NA,NA,0.069030836
1764014,2006,0.32248217,0.45218718,NA,NA,0.3312732
1864105,2003,0.078393877,NA,NA,NA,0.016842797
1864105,2005,0.125498,0.21115538,NA,NA,-0.029914528
1864105,2007,0.10315788,0.31578946,NA,NA,-0.0092344359
1864105,2013,0.1630435,0.2173913,-0.14647707,NA,0.18472812
1864188,2009,0.2109375,0.52604169,-0.12514389,NA,0.0060160458
1864188,2011,0.20461094,0.47838616,-0.30943269,NA,-0.060335189
1864188,2013,0.24458206,0.51083589,-0.25879815,NA,-0.028416783
1864196,2001,0.21877158,NA,NA,NA,-0.025866911
1875036,2011,0.17045456,0.40454546,NA,NA,0.02527073
1875036,2015,0.33678758,0.67875648,NA,NA,0.12266111
1964212,2002,0.81829804,NA,NA,NA,0.018241867
1964212,2010,0.90216005,0.41733503,0.054847419,0.27874276,-0.029063374
1964212,2010,0.90216005,0.41733503,0.054847419,0.27874276,-0.062820032
1964212,2014,0.91933233,0.41079417,NA,0.32534194,0.018620983
1964212,2016,0.92196113,0.47920898,NA,0.3799881,-0.0026466846
1964246,2004,0.49681342,0.28065252,NA,NA,0.096837327
1964261,2008,0.73677325,0.093643129,0.19232231,0.91350561,0.032863513
1964261,2014,0.81728321,0.12707633,NA,1.0510429,0.048365831
1964279,2006,0.87686813,0.69320822,NA,NA,0.0061478019
1964279,2008,0.89468926,0.69278198,0.030991524,-0.37140384,0.063373089
1964279,2010,0.91083491,0.70314455,0.084369868,-0.35182628,0.014771789
1964279,2012,0.92838895,0.71751958,0.082504839,-0.32254794,0.046726108
1964287,2002,0.95110869,NA,NA,NA,0.023716092
1964287,2003,0.95324087,NA,NA,NA,0.29531464
1964287,2004,0.9579376,0.70503217,NA,NA,-0.09875682
1964287,2006,0.96823668,0.70943743,NA,NA,-0.0050133169
1964287,2008,0.94692898,0.73135728,-0.046773449,-0.22239356,9.8250806e-4
1964287,2010,0.947725,0.77177256,0.11431037,-0.2524201,0.01952599
1964287,2016,0.95889175,0.60708731,NA,-0.1112469,-0.0043233484
1964295,2002,0.96214187,NA,NA,NA,-0.013647407
1964295,2004,0.95923591,0.76377279,NA,NA,0.1387755
1964295,2004,0.95923591,0.76377279,NA,NA,0.049892694
1964295,2008,0.97585249,0.80796212,0.082409963,NA,0.090731084
1964295,2014,0.98410493,0.77866083,NA,NA,0.012378901
1964303,2002,0.63805938,NA,NA,NA,0.013330966
1964303,2008,0.75319368,0.51455808,0.091356158,-0.10936889,-0.017647058
1964311,2002,0.19830346,NA,NA,NA,-0.023379713
1964311,2012,0.25959712,0.045800075,-0.032574654,1.3521718,-0.0024169236
1964311,2014,0.26536584,0.064780489,NA,1.2459131,0.044097155
1964311,2016,0.25710624,0.058773242,NA,1.2863209,0.032185316
1964329,2004,0.42153877,0.24270414,NA,NA,0.082602024
1964329,2010,0.54660892,0.22157693,0.10683158,0.31636679,0.11422214
1964337,2002,0.48236376,NA,NA,NA,-0.029368043
1964345,2002,0.32254696,NA,NA,NA,0.006822601
1964345,2006,0.30570704,0.16612141,NA,NA,-0.0097087473
1964352,2002,0.9305371,NA,NA,NA,0.026776522
1964352,2004,0.94238061,0.45852917,NA,NA,0.12980342
1964352,2010,0.95899326,0.5659914,NA,NA,0.088784099
1964352,2010,0.95899326,0.5659914,NA,NA,0.19187936
1964352,2014,0.96645302,0.76626211,NA,NA,-0.01007688
1964352,2016,0.97113931,NA,NA,NA,-0.1589404
1964378,2006,0.54515052,0.25708884,NA,NA,-0.14465603
1964378,2008,0.58027327,0.25775689,-0.07115265,0.19566922,-0.10164005
1964378,2014,0.65709758,0.35479778,NA,0.16999477,-0.07860823
1964394,2002,0.42949307,NA,NA,NA,0.14606228
1964394,2004,0.45018226,0.27840218,NA,NA,-0.24712443
1964394,2014,0.60373563,0.28462642,NA,0.33191866,-0.026461884
1964436,2008,0.77157223,0.46663949,-0.043909699,-0.010067323,0.13181448
1964436,2014,0.85164338,0.475714,NA,-0.070779122,0.049272448
1964444,2004,0.68784392,0.38135734,NA,NA,-0.023346305
1964444,2008,0.72987556,0.33593166,0.053870007,0.12075757,-0.03550294
1964444,2010,0.76524436,0.29588071,3.0402839e-4,0.15316591,0.010475308
1964451,2004,0.78487206,0.4968932,NA,NA,-0.14396885
1964451,2008,0.84456003,0.52121264,-0.025341,-0.048605889,-0.49340999
1964451,2010,0.86938596,0.54298246,-0.011503376,-0.063234806,-0.25271738
1964469,2002,0.80723155,NA,NA,NA,0.1411325
1964469,2012,0.89967936,0.6124599,0.12860785,-0.10663768,0.013955981
1964477,2002,0.51112103,NA,NA,NA,0.0046250522
1964477,2014,0.78620261,0.87663144,NA,-0.50526291,-0.041159183
1964485,2010,0.7745055,0.34857142,0.24478123,-0.11529212,-0.029483065
1964501,2006,0.94061172,0.83823282,NA,NA,-0.082714051
1964501,2016,0.97063142,0.86847073,NA,-0.14409825,0.14313266
1964519,2016,0.97708946,0.85899705,NA,NA,-0.036099404
1964535,2002,0.27701151,NA,NA,NA,-0.010120094
1964550,2002,0.96675938,NA,NA,NA,-0.070089653
1964550,2010,0.97784662,0.76653755,0.070458919,-0.033470239,-0.21615541
1964550,2012,0.98235005,0.83984309,0.16841081,NA,-0.11028683
1964568,2008,0.42724127,0.45312446,0.02590698,0.55561537,-0.071634352
1964576,2004,0.23421741,0.1331092,NA,NA,-0.16588786
1964592,2004,0.94627869,0.82786793,NA,NA,-0.0030827522
1964592,2008,0.96878493,0.83680731,0.19905733,-0.33134666,-0.10328263
1964592,2010,0.97935826,0.87144899,0.1329017,-0.21916576,-0.017994702
1964592,2012,0.98062593,0.892591,0.015163183,-0.14021984,-0.040091917
1964600,2006,0.21084338,0.043172691,NA,NA,-0.027600855
1964600,2010,0.23507106,0.036966823,0.042318225,1.1085154,0.054124668
1964600,2014,0.27040815,0.024659865,NA,1.1511776,0.10448204
1964626,2004,0.087759793,0.27944574,NA,NA,0.09439528
1964626,2006,0.10619467,0.18362832,NA,NA,-0.062043801
1964626,2008,0.14418602,0.22093023,0.0087589622,NA,-0.10955711
1964634,2002,0.99415451,NA,NA,NA,-0.22515371
1964634,2004,0.99624789,0.58445215,NA,NA,-0.20131961
1964634,2006,0.99624169,0.62017924,NA,NA,0.053315282
1964634,2006,0.99624169,0.62017924,NA,NA,-0.5668931
1964634,2006,0.99624169,0.62017924,NA,NA,-0.23241901
1964634,2010,0.99478751,0.60871804,0.08349131,NA,-0.027162999
1964634,2010,0.99478751,0.60871804,0.08349131,NA,-0.40354991
1964634,2012,0.99548447,0.74092191,-0.045687482,NA,-0.30859974
1964642,2006,0.59625578,0.71918052,NA,NA,0.010914043
1964642,2008,0.66313267,0.7127223,-0.057802618,-0.29837942,-0.035953179
1964642,2008,0.66313267,0.7127223,-0.057802618,-0.29837942,-0.065789461
1964659,2002,0.30386472,NA,NA,NA,-0.078276858
1964659,2004,0.30056578,0.0070721358,NA,NA,0.10992846
1964659,2006,0.29330254,0.0085450346,NA,NA,0.027869269
1964659,2010,0.39562994,0,0.0064650774,1.4281569,0.036716908
1964659,2016,0.41403335,0.011445633,NA,1.2762743,0.0014808178
1964667,2002,0.50323576,NA,NA,NA,0.0042579621
1964667,2010,0.73081028,0.66158289,-0.099152565,-0.35415205,0.011819556
1964667,2012,0.79818594,0.62536007,-0.017091393,-0.41641009,-0.23806943
1964683,2012,0.20115614,0.029909518,-0.15155286,1.4448688,0.16275676
1964691,2008,0.91601503,0.74350953,0.10835433,-0.28561446,-0.037166595
1964717,2008,0.8962878,0.62743974,0.10102827,-0.10670972,-0.023754537
1964725,2013,0.83586967,0.66881365,-0.012506334,-0.049240783,-0.31031576
1964725,2014,0.8391937,0.68195271,NA,-0.053260326,-0.035856575
1964733,2012,0.91097701,0.7320891,0.11460333,-0.29666349,0.19321617
1964733,2012,0.91097701,0.7320891,0.11460333,-0.29666349,-0.33130586
1964733,2014,0.91184002,0.74620748,NA,-0.27127358,0.02026549
1964733,2016,0.9116959,0.61686444,NA,-0.20943747,-0.48507223
1964733,2016,0.9116959,0.61686444,NA,-0.20943747,-0.34495628
1964733,2016,0.9116959,0.61686444,NA,-0.20943747,-0.17989016
1964733,2016,0.9116959,0.61686444,NA,-0.20943747,-0.028831393
1964758,2002,0.94790697,NA,NA,NA,-0.032458231
1964758,2004,0.96647549,0.85178649,NA,NA,-0.10746811
1964758,2008,0.95829785,0.99489361,-0.053824037,NA,0.013446569
1964766,2013,0.62908393,0.20884049,0.075081944,0.27447003,0.03101936
1964766,2015,0.66441876,0.29543996,NA,0.42306837,-0.0012788922
1964774,2004,0.99507713,0.71441281,NA,NA,0.0099551082
1964774,2006,0.99446183,0.79810274,NA,NA,-0.019722611
1964774,2008,0.99691737,0.61683106,0.1206367,NA,-0.0070557296
1964790,2008,0.71874535,0.56161314,0.20289257,-0.086067393,0.024012491
1964790,2016,0.75465995,0.58656591,NA,0.056379348,-0.081432804
1964808,2004,0.96529311,0.77864057,NA,NA,-0.037182465
1964808,2014,0.97975767,0.85283542,NA,-0.26669875,0.036908492
1964832,2008,0.43340963,0.28710908,0.096845776,0.33837155,0.11693877
1964832,2010,0.50372314,0.25054753,0.12063086,0.40463686,0.034578145
1964840,2004,0.77199894,0.45409879,NA,NA,-0.1333189
1964840,2016,0.89319819,0.63708925,NA,-0.0070510004,0.039121762
1964857,2002,0.5906285,NA,NA,NA,0.010902748
1964857,2004,0.66230285,0.51242143,NA,NA,0.10181712
1964857,2008,0.76940155,0.66924173,0.020819545,-0.36893785,-0.034890667
1964857,2012,0.87533873,0.73295128,0.13621271,-0.39708608,-0.017028034
1964857,2016,0.9142952,0.72967839,NA,-0.2674076,-0.054218799
1964865,2012,0.3765586,0.013466334,-0.13365144,1.2981818,0.0075330734
1964865,2016,0.43100268,0.023054997,NA,1.1533159,0.031657964
1964873,2004,0.95083833,0.6934132,NA,NA,0.040753558
1964881,2002,0.82814586,NA,NA,NA,0.40750074
1964881,2004,0.83475506,0.66286594,NA,NA,0.03022635
1964881,2008,0.84073532,0.62202561,0.1359674,-0.22418095,-0.05550918
1964881,2010,0.84625715,0.67693412,0.12714294,-0.14471942,-0.23427212
1964881,2012,0.84557766,0.6154511,0.040834833,-0.10757475,-0.028093576
1964881,2014,0.83508718,0.51066941,NA,-0.052649461,0.4646112
1964907,2002,0.90196705,NA,NA,NA,0.015171774
1964907,2004,0.90444559,0.7255553,NA,NA,-0.1313661
1964907,2006,0.91415066,0.72510803,NA,NA,-0.075585946
1964907,2012,0.93613476,0.75720525,-0.089489311,-0.22080146,0.11222084
1964907,2016,0.95483303,0.77461302,NA,-0.28528669,-0.019803032
1964931,2002,0.90719259,NA,NA,NA,0.025239781
1964931,2016,1,0.85915011,NA,NA,-0.028047472
1964964,2006,0.70786881,0.0065573771,NA,NA,-0.067882478
1964964,2012,0.67674279,0.0095619988,-0.1004256,1.3332916,-0.080236137
1964964,2016,0.70200121,0.025015635,NA,1.1995916,-0.31224942
1964980,2005,0.41373628,0.22440912,NA,NA,0.013374209
1964980,2007,0.41934216,0.20396601,NA,NA,0.022383645
1964980,2009,0.42197478,0.2445102,0.025821894,0.25457183,-0.035001308
1964980,2015,0.47794932,0.2526657,NA,0.40649295,0.013410091
1964998,2002,0.22122473,NA,NA,NA,0.040190861
1965029,2002,0.57792377,NA,NA,NA,0.11892311
1965029,2008,0.63219512,0.081707314,0.0094979405,0.83540159,0.027196661
1965029,2012,0.64249301,0.078544952,0.016183734,0.83472908,0.052487209
1965029,2016,0.65709764,0.11641049,NA,0.80312133,-0.092046082
1965037,2002,0.9035306,NA,NA,NA,0.035143778
1965037,2010,0.95600182,0.79693139,-0.088354304,-0.22339451,0.066238701
1965045,2006,0.33011872,0.27503708,NA,NA,0.054971322
1965045,2008,0.39505041,0.29257563,-0.11045514,0.43025106,0.052220047
1965045,2016,0.6291734,0.44349223,NA,0.13396762,-0.067703575
1965052,2004,0.63824189,0.29789633,NA,NA,0.0055045784
1965052,2006,0.68203926,0.24590164,NA,NA,-0.074172586
1965052,2008,0.73492706,0.33960274,-0.02245754,0.73160982,0.01134488
1965060,2002,0.50670683,NA,NA,NA,0.056856737
1965060,2006,0.54482126,0.15034415,NA,NA,0.0051445365
1965060,2008,0.57042933,0.16284773,-0.0093730986,0.58273041,0.15637495
1965060,2010,0.59814513,0.16823201,-0.0044645369,0.55756217,0.0017713308
1965060,2012,0.63662606,0.1435068,0.034712195,0.50716466,-0.10214539
1965060,2014,0.67335808,0.18454641,NA,0.52710372,-0.076029979
1965078,2004,0.94331986,0.7651822,NA,NA,-0.094559595
1965078,2006,0.96192694,0.84226882,NA,NA,-0.008547008
1965078,2012,0.98430139,0.80376768,0.12784143,NA,0.16125
1965078,2014,0.98701298,0.7904762,NA,NA,0.067817509
1965094,2004,0.83109528,0.44639111,NA,NA,0.051028803
1965094,2010,0.89373744,0.50743264,0.13894576,0.089427441,-0.018188298
1965094,2014,0.81089813,0.56809533,NA,0.16309859,0.0094093084
1965102,2016,0.58477628,0.40476468,NA,0.17540255,-0.071032435
1965110,2002,0.86252773,NA,NA,NA,-0.069935188
1965110,2016,0.95687413,0.64734668,NA,-0.18965362,-0.082958639
1965128,2010,0.83425289,0.38326657,NA,NA,-0.12039681
1965128,2012,0.85442209,0.43739054,NA,NA,0.16207892
1965136,2008,0.36180079,0.10320072,-0.050143212,0.4718307,0.0010092109
1965136,2012,0.43321818,0.074882805,-0.092288792,0.48570883,0.037428856
1965151,2006,0.62909836,0.70850408,NA,NA,0.032967031
1965151,2008,0.71688187,0.72835964,-0.095533311,-0.25659162,-0.0024096668
1965151,2008,0.71688187,0.72835964,-0.095533311,-0.25659162,-0.039379478
1965169,2002,0.57041419,NA,NA,NA,0.10192373
1965169,2006,0.68372631,0.32719955,NA,NA,-0.022203058
1965169,2010,0.78401524,0.41294006,0.0096160471,0.23008902,0.095789656
1973437,2006,0.99797016,0.74298418,NA,NA,-0.0039555803
1973437,2010,0.99621612,0.95090467,0.23919371,NA,-0.015541278
1973437,2012,0.99733686,0.9617703,0.17506421,NA,0.020397536
1973437,2016,0.99781179,0.83685601,NA,NA,-0.031398103
1973445,2008,0.91895646,0.69063693,0.058283038,-0.023663532,-0.029823095
1973452,2002,0.87776774,NA,NA,NA,-0.13161516
1973452,2010,0.94901085,0.58640289,0.017175235,0.099942088,0.012507319
1973460,2004,0.73912144,0.073877722,NA,NA,0.020833328
1973460,2006,0.77547312,0.065728329,NA,NA,0.0093580931
1973460,2008,0.80292159,0.086213641,0.081298769,0.66910821,0.11487447
1973460,2012,0.85513234,0.10251775,0.11204535,0.71939397,-0.013791904
1975291,2004,0.83519161,0.52369338,NA,NA,0.060018763
1975291,2006,0.84747201,0.46352223,NA,NA,-0.14289574
1975291,2010,0.86471158,0.50939727,-0.025114372,0.26011854,0.046724036
1975291,2012,0.88779366,0.53228194,0.051002875,0.22441131,0.024361253
1975309,2010,0.25579053,0.17724068,-0.062792808,0.41748199,-0.0019491017
1975333,2004,0.18324971,0.052950338,NA,NA,0.015125722
1975333,2010,0.27554858,0.024294671,-0.12217951,1.4311734,-0.0046820566
1975341,2004,0.39219058,0.24169424,NA,NA,0.040063307
1975713,2005,NA,NA,NA,NA,0.11840677
1975713,2005,NA,NA,NA,NA,-0.2796061
1975713,2009,NA,NA,NA,NA,-0.39666247
2065201,2003,0.40762812,NA,NA,NA,0.0018906891
2065201,2007,0.44485295,0.31004903,NA,NA,0.0015775636
2065243,2001,0.73787355,NA,NA,NA,0.035248756
2065243,2004,0.73787355,0.67476112,NA,NA,-0.15349956
2065243,2009,0.82675248,0.77126455,0.14210142,-0.34187856,-0.019493818
2065243,2015,0.88840252,0.80657125,NA,-0.21507964,0.035122603
2075606,2010,0.31043047,0.32698676,-0.063759848,0.41462713,0.11302212
2165318,2002,0.14112049,NA,NA,NA,-0.08483465
2165318,2010,0.22171944,0.081447966,-0.10576707,0.99472237,-0.047859833
2165359,2014,0.15625,0.15972222,NA,NA,0.094228506
2165391,2006,0.19861829,0.025906736,NA,NA,-0.43081853
2165391,2012,0.220985,0.031691648,-0.05692929,1.3055706,-0.050950289
2165417,2006,0.24565411,0.14046441,NA,NA,-0.049029559
2165417,2014,0.39869201,0.28600177,NA,0.19244778,0.056711778
2165425,2002,0.087548614,NA,NA,NA,0.0014858842
2165425,2010,0.13645041,0.028625954,0.08708173,NA,0.058627903
2165433,2008,0.03191489,0,-0.10632795,NA,0.03122361
2173361,2006,0.33167702,0.35900623,NA,NA,0.087105036
2173361,2010,0.43484849,0.35909089,-0.12291001,0.10301764,-0.092830181
2173361,2012,0.52302635,0.48026314,-0.1059258,-0.0066405726,-0.46099293
2175002,2008,0.14581007000000001,0.06703911,-0.031671882,0.93629068,-0.018663198
2365557,2012,0.41780823,0.46917808,-0.07256785,NA,-0.052232139
2365557,2012,0.41780823,0.46917808,-0.07256785,NA,0.086889058
2365565,2002,0.20461786,NA,NA,NA,-0.01200895
2365599,2012,0.49720669,0.57541901,NA,NA,0.09912537
2365599,2014,0.52972972,0.47027028,NA,NA,0.042476222
2365607,2010,0.81696427,0.90401787,-0.085809827,NA,-0.050000012
2365623,2016,0.343476,0.70654976,NA,0.044834606,0.030821145
2375218,2014,0.1610738,0.45637584,NA,NA,-0.017094016
2465631,2012,0.73374027,0.74423963,0.16033468,-0.16263112,0.0067735314
2465649,2010,0.69062501,0.69999999,0.2403286,NA,0.19812205
2465698,2010,0.29333335,0.44083333,0.048378397,0.13268578,-0.447597
2465698,2012,0.33107251,0.48240781,-0.0099407807,0.12611906,-0.10672855
2465722,2004,0.82735425,0.85874438,NA,NA,-0.073459715
2465730,2002,0.89090908,NA,NA,NA,0.038564533
2465730,2008,0.93050849,0.85762709,NA,NA,0.0046728998
2465730,2014,0.90734267,0.93706292,NA,NA,-0.16831681
2465748,2006,0.91420239,0.90212411,NA,NA,0.0030715242
2465748,2010,0.91663259,0.85451573,0.045963451,-0.22022341,-2.6983023e-4
2465755,2002,0.60334319,NA,NA,NA,-0.04314135
2465755,2009,0.74316275,0.5404157,0.039980456,-0.27787495,0.010073379
2465755,2011,0.78147811,0.47308394,0.025148794,-0.19941768000000001,-0.10761362
2465755,2015,0.99922454,0.55090284,NA,-0.21013474,-0.10441273
2465755,2015,0.99922454,0.55090284,NA,-0.21013474,-0.10237584
2465763,2012,0.46535945,0.25098041,-0.073499605,0.41573501,-0.18516131
2465771,2010,0.76273447,0.71864164,0.078959212,-0.27985215,-0.03935203
2465771,2014,0.78585875,0.74898863,NA,-0.25623602,-0.20471466
2465789,2002,0.63648653,NA,NA,NA,-0.24283436
2465789,2006,0.6607573,0.75837165,NA,NA,0.064277336
2465789,2008,0.69265151,0.753456,NA,NA,-0.24475288
2465813,2008,0.33673471,0.45918366,NA,NA,-0.027272746
2465821,2006,0.96103895,0.86363637,NA,NA,-0.071503684
2465821,2010,0.98901099,0.80586082,0.18476096,NA,-0.027027026
2465862,2002,0.64759886,NA,NA,NA,-0.022727281
2465862,2010,0.77230293,0.69139004,0.051603079,-0.20377037,-0.013219625
2465862,2012,0.84696108,NA,0.13311715,-0.25141329,-0.019332141
2465870,2004,0.83222693,0.84731442,NA,NA,0.027027026
2465870,2006,0.84781307,0.79688436,NA,NA,-0.10914454
2465870,2010,0.89415658,0.92392504,0.23483106,-0.43011966,-0.080058247
2465870,2012,0.89889413,0.77883095,0.12374794,-0.30503139,0.0074866265
2465870,2014,0.89520621,0.90858418,NA,-0.23909147,-0.18381113
2473726,2006,0.41552514,0.62557077,NA,NA,0.05665721
2473726,2008,0.44444442,0.63555557,-0.040106531,NA,0.048672557
2475317,2006,0.72296011,0.60303605,NA,NA,-0.076181293
2475317,2008,0.74323332,0.67337233,0.10731487,-0.3478629,-0.094086021
2475317,2008,0.74323332,0.67337233,0.10731487,-0.3478629,-0.054320984
2475366,2006,0.7151463,0.73537004,NA,NA,0.005665727
2573593,2003,0.53641456,NA,NA,NA,0.32086334
2573593,2011,0.60000002,0.75185186,-0.076997943,-0.17746285,-0.15362595
2673668,2003,0.27131784,NA,NA,NA,-0.24608293
2765961,2006,0.94865,0.80166543,NA,NA,0.32142857
2765961,2010,0.95806909,0.87317199,-0.0052570701,-0.4537968,-0.41419071
2765961,2014,0.97800028,0.0071136872,NA,NA,-0.28596699
2765961,2014,0.97800028,0.0071136872,NA,NA,0.076404482
2765995,2008,0.99390244,0.99085367,-0.080344319,NA,-0.375
2765995,2010,0.99096388,0.98192769,0.23974371,NA,0.1047619
2766050,2014,0.90209788,0.98313451,NA,-0.53340536,0.10784653
2766092,2006,0.61990809,0.4081471,NA,NA,0.14551082
2766142,2002,0.76701075,NA,NA,NA,-0.13882864
2766142,2006,0.82036579,0.72622013,NA,NA,-0.23000002
2766142,2008,0.84722984,0.71153212,0.12451994,-0.48811671,-0.081784368
2766159,2005,0.82446456,0.44522241,NA,NA,0.10640299
2766159,2006,0.82692307,0.47928995,NA,NA,0.13688841
2766159,2006,0.82692307,0.47928995,NA,NA,-0.25141239
2766159,2008,0.83300245,0.51018459,0.15155296,-0.4024899,-0.37981355
2766159,2010,0.85335934,0.57292342,-4.1854382e-4,-0.32560894,-0.37890044
2766191,2006,0.80246913,0.45578912,NA,NA,0.0015378743
2766191,2016,0.84168863,0.73680741,NA,-0.15813741,-0.029309481
2766225,2002,0.30973452,NA,NA,NA,0.0076225102
2766225,2004,0.31838077,0.12910284,NA,NA,-0.068758368
2773825,2002,0.5422858,NA,NA,NA,-0.27057245
2773825,2008,0.61368471,0.55099034,-0.16597201,-0.28284115,0.039819121
2773825,2016,0.8048504,0.72529465,NA,-0.40126139,-0.030065358
2775440,2004,0.95195055,0.91960037,NA,NA,0.0038197041
2775440,2006,0.95262522,0.88442969,NA,NA,-0.15286624
2775440,2010,0.96182632,0.90294409,0.065576524,NA,-0.074739277
2775440,2014,0.97205919,0.90749002,NA,NA,0.0090090036
2775473,2001,0.93471611,NA,NA,NA,-0.0015610382
2775473,2004,0.93471611,0.57021421,NA,NA,-0.38348624
2775473,2006,0.93494505,0.73802197,NA,NA,-0.17362639
2775473,2008,0.94526315,0.66821051,-0.047012806,NA,-0.037207156
2866241,2015,0.77320802,0.75088131,NA,NA,0.033142865
2866258,2001,1,NA,NA,NA,0.11391222
2866258,2005,0.41071427,0.44642857,NA,NA,-0.0094554871
2866266,2009,0.51536155,0.37196735,0.094869614,-0.12008796,0.16505131
2866290,2014,0.5099926,0.39452258,NA,0.048856847,0.36669338
2866290,2015,0.50111687,0.38570365,NA,-0.024800526,0.061718747
2966357,2011,0.097665548,0.11386374,NA,NA,0.24316666
3066423,2003,0.85413355,NA,NA,NA,-0.016097963
3066431,2003,0.67654908,NA,NA,NA,-0.013299376
3066431,2005,0.70223874,0.44252533,NA,NA,0.0035695583
3066431,2009,0.75341874,0.44305161,0.017215174,-0.083581492,-0.097330496
3066431,2011,0.78578764,0.47919184,-0.018524308,-0.051046006,-0.0031670779
3066449,2007,0.37921906,0.17968233,NA,NA,-2.2309273e-4
3066449,2011,0.48167288,0.20975295,-0.0573259,0.65420622,-0.32632574
3066456,2007,0.78672093,0.73911685,NA,NA,-0.0053881407
3066456,2015,0.89045411,0.72585726,NA,0.08296068,0.032294959
3066464,2001,0.25165892,NA,NA,NA,0.28698826
3066464,2007,0.27463853,0.1552528,NA,NA,0.1293298
3066464,2013,0.33693451,0.15686199,0.052981526,0.52907914,0.31308344
3066472,2013,0.82258737,0.51102328,0.30388314,0.16505519,-0.10122833
3066472,2015,0.84099865,0.48116514,NA,0.21279386,-0.0024257153
3066506,2001,0.60937375,NA,NA,NA,-0.017441541
3066506,2003,0.58987713,NA,NA,NA,-0.033555999
3066506,2009,0.68534607,0.38082826,0.22820783,0.079421803,0.22497323
3066506,2015,0.76263219,0.4175235,NA,0.3766202,-0.035781637
3066514,2009,0.72899133,0.077570438,NA,NA,0.12148935
3066522,2007,0.81292534,0.58692205,NA,NA,0.0015512407
3066522,2009,0.83221716,0.60414177,0.037092082,0.075869918,0.045129985
3066522,2013,0.86798579,0.63929814,0.10548297,0.088442944,-0.068458602
3066548,2015,0.56162608,0.2106175,NA,NA,-0.079738513
3066555,2001,0.13924545,NA,NA,NA,0.020072982
3066555,2003,0.13697016,NA,NA,NA,0.0061476231
3066563,2009,0.78741968,0.68258339,-0.011856899,-0.15754697,-0.44452778
3066563,2015,0.88231075,0.73286688,NA,-0.19058019,0.0075571239
3066589,2007,0.81547451,0.7187233,NA,NA,-0.055612907
3066589,2015,0.90190172,0.77638668,NA,-0.046362031,-0.034751743
3066597,2003,0.41662961,NA,NA,NA,0.63583791
3066597,2007,0.45700079,0.36986175,NA,NA,0.41715357
3066597,2011,0.47861856,0.40190759,0.066532359,-0.0066744545,0.10515526
3066597,2015,0.49696106,0.40477943,NA,0.066706628,0.19488966
3066613,2015,0.55302799,0.34706426,NA,0.37087572,0.0093844682
3066621,2002,0.51166326,NA,NA,NA,-0.068393707
3066621,2002,0.51166326,NA,NA,NA,-0.025078535
3066621,2006,0.53796184,0.34090105,NA,NA,0.2113812
3066621,2009,0.58413458,0.3435939,0.022114173,0.0292161,-0.081596732
3066621,2011,0.60690594,0.32704443,0.050933897,0.053676628,0.16491309
3066621,2013,0.63162613,0.3572211,0.098917723,0.072910227,-0.13016427
3066621,2015,0.65471697,0.39721945,NA,0.071079582,0.44473159
3066647,2015,0.51427472,0.29367283,NA,0.41918921,0.17882259
3066670,2001,0.96845073,NA,NA,NA,0.037494302
3066670,2008,0.96508408,0.74886024,0.10831827,-0.41909441,-0.4564839
3066670,2009,0.96739513,0.77119321,0.16166924,-0.40415779,-0.1048829
3066746,2009,0.79118305,0.63181508,0.062541179,0.057561696,0.014662459
3066746,2011,0.82531923,0.61602157,0.046194151,0.08836668,0.0071460828
3066746,2013,0.83997989,0.62950653,0.11585052,0.078656234,-0.1480591
3073650,2003,0.37795413,NA,NA,NA,0.052299649
3073650,2005,0.41304719,0.070023939,NA,NA,0.05091282
3073924,2011,0.34739727,0.10213698,0.17237484,0.96337593,0.052631557
3166761,2009,0.11428571,0.25974026,-0.13163912,NA,0.13330477
3166829,2011,0.19931525,0.034482758,-0.12570697,1.3170503,-0.1227022
3166886,2015,0.12973487,0.19128788,NA,NA,-0.071110278
3166910,2007,0.2768302,0.24905661,NA,NA,0.019504994
3166910,2011,0.33633959,0.23075998,0.04064396,0.5732711,0.062211394
3166910,2013,0.34609634,0.25560537,-0.022953838,0.5785293,-0.051398695
3166928,2013,0.3020097,0.17855565,NA,NA,-0.28363428
3366977,2004,0.62739837,0.45162418,NA,NA,-0.14093575
3366977,2014,0.85640925,0.64735502,NA,-0.1352466,0.028452933
3366985,2016,0.84069639,0.90380847,NA,-0.15636756,-0.0031539053
3366993,2006,0.43826181,0.58532059,NA,NA,0.0020310804
3366993,2013,0.61299467,0.49168494,0.11132251,0.06550169,0.0097691715
3366993,2015,0.62099683,0.56405008,NA,0.12111705,-0.010060117
3367033,2002,0.51158226,NA,NA,NA,0.073099211
3367033,2006,0.54845679,0.40176594,NA,NA,0.1333385
3367033,2011,0.62410021,0.38800251,0.11113423,0.054305941,0.073703349
3367058,2011,0.72134954,0.45866135,0.15089035,-0.20746362,0.032060161
3367058,2013,0.72938311,0.53466552,0.053459197,-0.053115241,-6.9980323e-4
3367058,2015,0.74320495,0.56900728,NA,-0.003226707,0.040700927
3367082,2005,0.36535603,0.67045385,NA,NA,-0.092631474
3367082,2015,0.60735583,0.70040888,NA,-0.039865278,0.023086995
3367090,2001,0.6268689,NA,NA,NA,-0.16086632
3367090,2001,0.6268689,NA,NA,NA,0.08686316
3367090,2005,0.64941204,0.52378201,NA,NA,-0.097689718
3367090,2005,0.64941204,0.52378201,NA,NA,0.15751514
3367090,2007,0.69266123,0.56047362,NA,NA,-0.21785405
3367090,2008,0.71586299,0.56534272,0.058811799,-0.23457202,0.015863508
3367090,2009,0.73948574,0.61503536,0.10059567,-0.28268662,0.036116511
3367090,2011,0.79028654,0.60970396,0.086451337,-0.25219157,0.076988578
3367090,2011,0.79028654,0.60970396,0.086451337,-0.25219157,-0.018737584
3367090,2015,0.84479803,0.71662182,NA,-0.18579455,-0.089817584
3367090,2015,0.84479803,0.71662182,NA,-0.18579455,-0.045849562
3367090,2015,0.84479803,0.71662182,NA,-0.18579455,0.0098880827
3367116,2002,0.28591818,NA,NA,NA,-0.14225404
3367116,2006,0.33962655,0.24211618,NA,NA,-0.089475691
3367124,2001,0.67726439,NA,NA,NA,-0.0061112046
3367124,2006,0.72578675,0.55395663,NA,NA,-0.021474004
3367124,2007,0.74936175,0.53824902,NA,NA,-0.012135342
3367124,2011,0.83611119,0.63054109,0.11646734,-0.35765353,0.036711603
3367124,2013,0.87036037,0.64819801,0.061066523,-0.28901675,-0.07808277
3367124,2015,0.88315356,0.69939166,NA,-0.29354665,-0.025031105
3367173,2004,0.65678275,0.63549954,NA,NA,0.07322444
3367173,2008,0.72288942,0.68980831,0.035787851,-0.30407205,0.12358601
3367181,2006,0.64458001,0.55808151,NA,NA,-0.038117647
3367181,2010,0.67211771,0.54946852,-0.069915682,-0.284015,-0.034470111
3367181,2012,0.69076306,0.59759039,-0.062443703,-0.33225027,-0.015407339
3367181,2016,0.72926623,0.648018,NA,-0.37462002,2.7196109e-4
3367199,2002,0.80568832,NA,NA,NA,-0.043196067
3367199,2006,0.87484169,0.83811736,NA,NA,0.0039032102
3367199,2016,0.96654743,0.91091233,NA,-0.36833513,-0.12295082
3367207,2004,0.61820483,0.33104569,NA,NA,-0.043829918
3367207,2012,0.74066818,0.52269018,0.020963758,NA,0.038125262
3367215,2004,0.56198078,0.46939775,NA,NA,-0.042399064
3367215,2006,0.5803169,0.47035989,NA,NA,-0.16722058
3367215,2008,0.60922521,0.48173058,-0.039391376,-0.033382017,-0.027194768
3367215,2012,0.67156726,0.52972573,0.081128702,-0.076183446,-0.023396298
3367249,2013,0.7780211,0.59389013,0.03286323,-0.23667346,-0.033201501
3367249,2015,0.7957958,0.57074839,NA,-0.30029923,-0.018141881
3373676,2007,0.98276776,0.89858043,NA,NA,0.028081954
3373676,2011,0.98684371,0.89487147,0.24451384,-0.66320068,0.30852452
3375176,2004,0.39380866,0.38346866,NA,NA,0.24410073
3375176,2015,0.62684548,0.49456033,NA,0.08329244,-0.056602955
3375192,2015,0.5044893,0.15604293,NA,0.51835108,-0.1125807
3375242,2002,0.71840072,NA,NA,NA,-0.050382815
3375242,2008,0.85172689,0.64248997,0.10157318,-0.16529787,0.052015617
3375242,2013,0.92162478,0.64071214,0.083751753,-0.066342182,0.071776032
3467314,2007,0.63360012,0.35937563,NA,NA,-0.19975331
3467314,2011,0.69837821,0.40179467,-0.056181729,0.097505182,0.14311469
3467348,2007,0.45659083,0.45438984,NA,NA,-0.043968439
3467355,2009,0.4622243,0.3561708,NA,NA,-0.092876747
3467355,2013,0.52040404,0.48040405,NA,NA,0.0047829449
3467413,2011,0.50064075,0,0.14245056,-0.068923742,0.02327624
3467413,2015,0.53302538,0.473903,NA,-0.061360974,-0.38389397
3467421,2003,0.56443417,NA,NA,NA,-0.0034202039
3467439,2003,0.73672664,NA,NA,NA,0.12558585
3467439,2009,0.77630848,0.670614,0.079073116,-0.15658312,0.0029704347
3467439,2013,0.78993106,0.63480991,-0.068272695,-0.10075484,0.49299723
3467447,2003,0.22934133,NA,NA,NA,0.061497092
3467447,2009,0.2929517,0.29566258,-0.069054246,0.47514868,-0.0046954155
3467447,2011,0.31621313,0.30220383,-0.098428823,0.37674528,0.10637596
3467447,2015,0.34963131,0.37012699,NA,0.31611225,0.17917018
3473973,2001,0.36988944,NA,NA,NA,-0.0035161674
3473973,2007,0.42769068,0.29135108,NA,NA,0.0070893764
3473973,2009,0.43390805,0.25862068,-0.047800068,0.2906675,-0.11178425
3473973,2010,0.4285714,0.33447951,-0.10525902,0.28328487,-0.22680661
3473973,2013,0.47530866,0.38906527,-0.064672895,0.16775355,-0.10217848
3475283,2001,0.71856737,NA,NA,NA,0.0069129616
3475283,2013,0.77511835,0.44722077,0.091192298,-0.12092365,0.038632788
3567470,2015,0.78389382,0.6375221,NA,-0.22509125,0.016478717
3567538,2001,0.54661179,NA,NA,NA,-0.037407592
3567538,2015,0.66119158,0.38743961,NA,NA,0.018740281
3575259,2001,0.46902019,NA,NA,NA,0.010516822
3575259,2003,0.44296873,NA,NA,NA,0.093620554
3575259,2005,0.49249464,0.33738384,NA,NA,0.047175974
3575259,2007,0.50146627,0.37829912,NA,NA,-0.11565539
3575259,2015,0.96591789,0.53137106,NA,-0.39479849,8.0710649e-4
3667587,2004,0.62786049,0.64007998,NA,NA,-0.057142854
3667587,2006,0.66646349,0.68962014,NA,NA,0.014523938
3667587,2010,0.76427418,0.6637311,0.16005224,-0.39709124,-0.025859356
3667587,2010,0.76427418,0.6637311,0.16005224,-0.39709124,-0.015375726
3667587,2013,0.8733387,0.74448168,-0.29603723,-0.1465589,0.041058451
3667587,2013,0.8733387,0.74448168,-0.29603723,-0.1465589,-0.027202576
3667587,2015,0.89285713,0.81573325,NA,-0.247527,0.0035801455
3667595,2015,0.51332092,0.29135689,NA,0.41827652,-0.029673681
3667611,2004,0.5578022,0.53421247,NA,NA,-0.0072322637
3667611,2006,0.57485116,0.53035712,NA,NA,-0.0079644918
3667645,2010,0.65779173,0.39291307,-0.029827707,0.16748248,0.011284143
3667645,2015,0.6924656,0.51098335,NA,0.15123004,0.018876195
3667652,2002,0.61702126,NA,NA,NA,0.043798745
3667678,2011,0.6968807,0.24364111,0.054114223,0.21449436,0.0042055249
3667678,2015,0.75409478,0.36065266,NA,0.30823967,-0.048975036
3667686,2002,0.75182629,NA,NA,NA,0.026101112
3667686,2008,0.83349991,0.50266469,-0.03185758,-0.30375117,-0.23533671
3667686,2010,0.85957807,0.58362746,0.10261095,-0.35020512,0.0077237189
3667686,2013,0.89359099,0.65908349,0.081748724,-0.34075555,0.053051829
3667686,2015,0.90791255,0.74682313,NA,-0.25297362,-0.38591921
3667694,2002,0.76496065,NA,NA,NA,-0.017206475
3667694,2003,0.78674465,NA,NA,NA,-0.12706736
3667694,2006,0.8067047,0.65620542,NA,NA,-0.01941748
3667694,2008,0.83506227,0.63934994,0.10020161,-0.24204777,0.0083217919
3667694,2013,0.89245415,0.71368122,0.0038609803,-0.13514291,0.025151983
3667702,2006,0.58729219,0.14988123,NA,NA,-0.10477027
3667702,2010,0.68390608,0.21036066,0.26195377,0.22293995,-0.042991489
3667710,2006,0.86105144,0.74718076,NA,NA,-0.019987196
3667710,2015,0.94093257,0.73080677,NA,-0.18714412,-0.0048170835
3667777,2004,0.29682195,0.50498819,NA,NA,-0.024137706
3667777,2008,0.32481253,0.3556565,-0.038167428,0.3340649,0.037892088
3667777,2015,0.41864848,0.61697221,NA,0.19427878,0.066383362
3667801,2002,0.35334241,NA,NA,NA,-0.1120476
3667801,2005,0.34723276,0.57846856,NA,NA,-0.039770693
3667819,2002,0.8282361,NA,NA,NA,0.0297281
3667819,2004,0.85137767,0.7954753,NA,NA,-0.070580795
3667819,2008,0.90234691,0.76600659,0.19978404,-0.50779831,-0.14598666
3667819,2010,0.91883773,0.78682542,0.25331312,-0.44895807,0.0074098408
3667827,2013,0.66006887,NA,0.25602135,-0.29886934,0.061224461
3667843,2004,0.51387036,0.35344231,NA,NA,-0.076084793
3667843,2011,0.58853042,0.43486825,0.063775338,0.10493301,-0.18808644
3667850,2008,0.89811748,0.63403153,-0.0064790547,-0.28305173,-0.12899177
3667850,2011,0.92547613,0.59973955,0.07995756,-0.32621884,-0.036972389
3667850,2015,0.94585943,0.80828118,NA,-0.19306314,0.032917991
3667868,2013,0.2824074,0.40123457,-0.10653027,0.50274622,-0.45155966
3667876,2004,0.77217984,0.75077188,NA,NA,-0.081502758
3667876,2006,0.79717863,0.74816936,NA,NA,0.011913642
3667876,2008,0.82512122,0.80470979,-0.048030287,-0.39676797,-0.024435133
3667876,2011,0.87074888,0.79144579,0.12852138,-0.47235236,0.0016886145
3667918,2006,0.59447366,0.53428793,NA,NA,-0.0017315894
3667934,2008,0.63881427,0.48138911,0.0060483813,-0.20890383,-0.041456014
3667934,2011,0.7144357,0.45536795,-0.023486868,-0.15253544,0.0062165707
3667934,2013,0.77536392,0.48511449,0.070855692,-0.22417244,0.0065746307
3667959,2010,0.34643006,0.29985639,0.041333772,0.25550362,-0.044413865
3673858,2012,0.74876845,0.4848485,NA,NA,-0.090909094
3675069,2006,0.52409399,0.28936404,NA,NA,0.10235889
3675077,2006,0.35758352,0.40791455,NA,NA,0.076911181
3675077,2015,0.54161406,0.59958935,NA,0.0078364611,0.0062238872
3767975,2015,0.4633283,0.34446129,NA,0.23442854,-0.086045519
3767983,2003,0.5958904,NA,NA,NA,0.04756242
3767991,2007,0.37219518,0.49063295,NA,NA,-0.031181887
3768007,2001,0.26222223,NA,NA,NA,0.035027891
3768023,2005,0.78141212,0.45350778,NA,NA,-0.19468433
3768023,2005,0.78141212,0.45350778,NA,NA,-0.14797649
3768023,2007,0.80465114,0.45623296,NA,NA,-0.069384933
3768023,2009,0.83002532,0.4547683,0.23578319,-0.090856671,-0.037087828
3768023,2011,0.85399669,0.39188576,0.26526016,-7.2523591e-4,-0.15749943
3768023,2011,0.85399669,0.39188576,0.26526016,-7.2523591e-4,0.39591241
3768023,2011,0.85399669,0.39188576,0.26526016,-7.2523591e-4,-0.29051909
3768023,2013,0.87654048,0.39264232,0.15952018,0.10782718,0.08651197
3768023,2013,0.87654048,0.39264232,0.15952018,0.10782718,0.12531078
3768023,2015,0.60870671,0.42456231,NA,0.22734679,-0.31627226
3768023,2015,0.60870671,0.42456231,NA,0.22734679,-0.20665756
3768049,2001,0.29787236,NA,NA,NA,-0.034408599
3768098,2011,0.72555208,0.58858246,-0.086520016,-0.30382475,-0.54176354
3768098,2015,0.77307749,0.66142631,NA,-0.34761506,-0.0022560358
3768114,2011,0.56745148,0.45849803,-0.076023966,-0.041725382,-0.10483037
3768114,2015,0.60463482,0.60656601,NA,-0.078783974,-0.096984327
3768163,2005,0.19354838,0.050691243,NA,NA,0.0067390501
3768213,2005,0.37555802,0.55636162,NA,NA,0.24284843
3768213,2007,0.40129799,0.56462955,NA,NA,-0.21345517
3768213,2007,0.40129799,0.56462955,NA,NA,0.16076294
3768213,2009,0.42396563,0.54809242,-0.088175684,-0.041299224,-0.46652773
3768213,2011,0.4697057,0.51298326,-0.074093334,-0.024417043,0.07859078
3768213,2011,0.4697057,0.51298326,-0.074093334,-0.024417043,-0.14806068
3768213,2013,0.50884688,0.59487492,-0.13730289,-0.10733338,-0.15276274
3768213,2015,0.53807741,0.44985434,NA,-0.15826038,-0.15088141
3768221,2001,0.94577497,NA,NA,NA,0.038358837
3768221,2005,0.9528358,0.99552238,NA,NA,-0.022927046
3768221,2015,0.99116814,0.84285951,NA,-0.12340467,0.0061134249
3768304,2011,0.31816244,0.3383587,-0.0262153,0.29904068,0.004475221
3768338,2001,0.71818858,NA,NA,NA,0.055721253
3768338,2001,0.71818858,NA,NA,NA,-0.47118321
3768338,2005,0.72486734,0.62588549,NA,NA,0.17598334
3768338,2005,0.72486734,0.62588549,NA,NA,0.25904167
3768338,2007,0.73445433,0.61398035,NA,NA,0.046361685
3768338,2009,0.7408669,0.50942302,0.065348446,-0.093149453,-0.037551165
3768338,2009,0.7408669,0.50942302,0.065348446,-0.093149453,-0.016252041
3768338,2011,0.74418414,0.59428453,0.071849421,-0.07148423,0.19624618
3768338,2011,0.74418414,0.59428453,0.071849421,-0.07148423,0.061348736
3768338,2013,0.74642986,0.61878598,0.11501023,-0.063159257,-0.22722742
3768361,2003,0.14824992,NA,NA,NA,-0.39359725
3768361,2007,0.17148513,0.22072607,NA,NA,-0.15286162
3768361,2015,0.37573731,0.34034753,NA,0.59001911,-0.1630671
3768379,2001,0.97682279,NA,NA,NA,-0.047298729
3768379,2005,0.97296071,0.96478075,NA,NA,-0.006255582
3768379,2009,0.97542423,0.88726354,0.3149845,NA,-0.13607152
3768379,2015,0.97608465,0.82814813,NA,NA,-0.029235706
3768411,2001,0.8288976,NA,NA,NA,0.017435849
3768411,2001,0.8288976,NA,NA,NA,0.064899296
3768411,2005,0.83231401,0.36245221,NA,NA,0.27577198000000003
3768411,2007,0.84449226,0.44266307,NA,NA,0.30936909
3768411,2007,0.84449226,0.44266307,NA,NA,-0.10150149
3768411,2009,0.8608647,0.51440299,0.11977453,-0.11569321,0.0022337437
3768411,2009,0.8608647,0.51440299,0.11977453,-0.11569321,0.12366939
3768411,2011,0.88104624,0.42871132,0.18749484,-0.11314607,-0.2042731
3768411,2011,0.88104624,0.42871132,0.18749484,-0.11314607,-0.22951674
3768411,2011,0.88104624,0.42871132,0.18749484,-0.11314607,0.20050171
3768411,2015,0.90873986,0.52436686,NA,0.074758127,-0.1520544
3768411,2015,0.90873986,0.52436686,NA,0.074758127,-0.17006108
3768452,2011,0.64322507,0.35303545,0.093420744,-0.16316977,0.0071089268
3773791,2013,0.60529345,0.37744534,0.16836628,0.19002503,-0.083692878
3773791,2015,0.59827578,0.42876256,NA,0.37368184,-0.15334702
3868478,2015,0.89256436,0.56637651,NA,0.13524547,0.0022346377
3968486,2001,0.32727271,NA,NA,NA,0.56744182
3968569,2001,0.5375756,NA,NA,NA,-0.084851429
3968569,2003,0.52088428,NA,NA,NA,-0.0084524304
3968569,2009,0.59487635,0.35610515,0.11100295,-0.029247016,0.0092832744
3968569,2011,0.60588437,0.38978219,-0.069146559,0.059426036,-0.00946863
3968569,2013,0.63485765,0.41028932,-0.097858608,0.096897125,0.079476342
3968569,2015,0.65911424,0.52089262,NA,0.062823281,-0.13525522
3968585,2013,0.70789969,0.57607013,0.0021252781,-0.17626987,0.062338889
3968585,2015,0.71171868,0.58144271,NA,-0.20296997,-0.22466317
3968593,2003,0.42151999,NA,NA,NA,0.10116705
3968593,2007,0.5139612,0.30015486,NA,NA,-0.02622202
3968593,2011,0.66956818,0.40410411,-0.061768234,-0.1160453,-0.015331447
3968635,2015,0.49285716,0.49047619,NA,0.32676387,-0.0081545115
3968650,2013,0.39438504,0.25735295,-0.070390165,0.39180398,-0.019331187
3968676,2003,0.84311962,NA,NA,NA,0.46205616
3968676,2003,0.84311962,NA,NA,NA,0.30735034
3968676,2005,0.85238367,0.67118108,NA,NA,-0.16505089
3968676,2005,0.85238367,0.67118108,NA,NA,0.06422019
3968676,2009,0.88384873,0.65040648,-0.092673957,-0.3083857,-0.12270936
3968676,2009,0.88384873,0.65040648,-0.092673957,-0.3083857,0.26170161
3968676,2011,0.89780664,0.69585985,-0.063719898,-0.36730507,0.13235891
3968676,2011,0.89780664,0.69585985,-0.063719898,-0.36730507,-0.046285391
3968676,2013,0.90809208,0.71651739,-0.093613535,-0.35807294,-0.010096073
3968676,2015,0.90896934,0.80336124,NA,-0.42649403,0.15697962
4068759,2001,0.35680968,NA,NA,NA,0.21380958
4068759,2005,0.36011004,0.3912884,NA,NA,0.25190994
4068759,2009,0.39839721,0.42020836,-0.061523348,0.19985144,-0.035649151
4068759,2011,0.41579431,0.37337005,0.0042790771,0.1888397,-0.098763317
4068791,2013,0.27329195,0.37888199,NA,NA,-0.069984436
4068825,2013,0.56777996,0.54027504,0.19886899,-0.23053601,-0.056465507
4068833,2003,0.43235296,NA,NA,NA,0.0036540776
4068833,2007,0.56456459,0.76276278,NA,NA,-0.10012062
4075457,2003,0.33968461,NA,NA,NA,0.0073776245
4075457,2011,0.44810349,0.35827696,0.0082989857,-0.023278141,-0.03181681
4168858,2005,0.93275487,0.64859003,NA,NA,0.094752192
4168866,2004,0.32871836,0.03243671,NA,NA,0.0341077
4168874,2015,0.73472953,0.31413612,NA,0.02981214,0.0039715618
4168924,2005,0.74074739,0.19816744,NA,NA,-0.10643615
4168924,2007,0.73859906,0.18496899,NA,NA,-0.04554148
4168932,2015,0.53269541,0.20031898,NA,0.3597793,-0.088184163
4168965,2015,0.33096367,0.041864138,NA,0.88570237,-0.10605749
4168999,2003,0.98875761,NA,NA,NA,-0.030011818
4168999,2007,0.99559641,0.66609228,NA,NA,-0.051378161
4168999,2009,0.9948197,0.84339511,-0.011040449,NA,-0.025367469
4169005,2006,0.71915722,0.48414421,NA,NA,0.022586465
4169005,2014,0.78772146,0.60975057,NA,-0.18677099,0.11367941
4169005,2016,0.79592061,0.64316261,NA,-0.22376062,-0.12109643
4169013,2008,0.61035717,0.30642858,0.0074063726,0.097679764,-0.01429981
4169013,2010,0.65494013,0.32223055,0.038274437,0.16096009,-0.012962461
4169013,2012,0.68552732,0.34988454,0.03184925,0.12113443,0.047104254
4169013,2016,0.76644862,0.41323587,NA,0.098886289,0.13137878
4169039,2006,0.55001926,0.23573631,NA,NA,0.1844303
4169039,2010,0.62159193,0.31439129,0.093801111,0.15601996,0.027296618
4169039,2012,0.63615447,0.28971589,8.7466836e-4,0.23474135,-0.11226958
4169039,2014,0.67878556,0.30032876,NA,0.29739487,0.066193521
4169039,2016,0.69369042,0.32134995,NA,0.24119179,0.018918365
4169062,2001,0.6074267,NA,NA,NA,-0.035703629
4169062,2008,0.5809896,0.20585938,NA,NA,0.063084275
4169062,2016,0.62692523,0.36451575,NA,NA,0.0011700988
4169070,2001,0.7680397,NA,NA,NA,0.07202825
4169070,2003,0.75685233,NA,NA,NA,-0.011098549
4169070,2007,0.79793811,0.27123711,NA,NA,-0.075594619
4269120,2001,0.84112942,NA,NA,NA,-0.08529447
4269120,2005,0.85111171,0.8082636,NA,NA,0.0094017535
4269120,2013,0.93273473,0.80588949,-0.11356649,-0.30895397,0.0097852349
4269146,2001,0.58138061,NA,NA,NA,-0.055846095
4269146,2003,0.57055414,NA,NA,NA,-0.10119465
4269146,2005,0.60329008,0.42201835,NA,NA,-0.14254919
4269146,2011,0.70531762,0.50110781,0.056165613,-0.14834179,-0.13698629
4269179,2011,0.41703057,0.32969433,0.11716348,NA,-0.083024457
4269203,2005,0.97117114,0.9054054,NA,NA,0.039084852
4269203,2007,0.97721517,0.77890295,NA,NA,0.027928293
4269237,2005,0.56378603,0.59670782,NA,NA,-0.013458937
4269252,2005,0.13035017,0.019455252,NA,NA,-0.053861782
4269260,2011,0.40953183,0.28279206,-0.24763201,0.39388517,-0.070116132
4269310,2001,0.63677812,NA,NA,NA,-0.051221177
4269310,2003,0.64574301,NA,NA,NA,0.0045141727
4269310,2011,0.73713672,0.37549987,NA,NA,-0.024649903
4269336,2015,0.45833331,0.29166666,NA,0.10646194,-0.057413757
4275010,2013,0.68120801,0.76510066,-0.095768541,NA,-0.0077691376
4369369,2003,0.92242509,NA,NA,NA,-0.047860384
4369369,2003,0.92242509,NA,NA,NA,7.891804e-4
4369377,2001,0.82186604,NA,NA,NA,0.43556735
4369377,2007,0.86100477,0.035287082,NA,NA,-0.044729263
4369377,2009,0.88949168,0.25097299,-0.015058234,0.19912474,-0.0070807636
4369377,2011,0.91081274,0.27715176,0.073328882,0.19041775,-0.098821685
4369377,2013,0.92599738,0.323852,0.097440913,0.20162722,0.0037672222
4369401,2003,0.38595462,NA,NA,NA,-0.28319055
4369401,2011,0.47623366,0.12822174,NA,NA,-0.028203681
4369401,2013,0.51747894,0.15322787,NA,NA,-0.099791735
4369427,2001,0.82221031,NA,NA,NA,-0.062551677
4369427,2003,0.80152929,NA,NA,NA,0.14995769
4369427,2003,0.80152929,NA,NA,NA,-0.085223794
4369427,2005,0.83110225,0.2335517,NA,NA,-0.13391075
4369427,2011,0.87647676,0.31103536,NA,NA,-0.010641843
4369435,2001,0.83878839,NA,NA,NA,-0.033499181
4369435,2003,0.83585167,NA,NA,NA,-0.031084567
4369450,2001,0.94474572,NA,NA,NA,0.014273673
4369450,2007,0.95835412,0.71487069,NA,NA,-0.058860242
4369450,2009,0.96817672,0.72960371,0.12700944,-0.26746887,-0.082974523
4369468,2007,0.61032915,0.033913333,NA,NA,-0.039184272
4369468,2011,0.66238624,0.066531852,NA,NA,0.0038792342
4369468,2015,0.72668934,0.12600875,NA,NA,0.12188406
4369484,2003,0.6858896,NA,NA,NA,9.6451491e-4
4369484,2011,0.78064454,0.51601243,0.18881822,-0.1224881,0.031606615
4369518,2010,0.33544785,0.017000761,-0.031573176,1.5100987,-0.081341758
4369526,2009,0.21309572,0.02247191,0.035153508,1.4515688,-0.048507035
4369542,2013,0.97610295,0.77205884,-0.05360689,NA,0.17978533
4369575,2015,0.68415964,0.34365174,NA,0.51917106,-0.05255343
4369583,2003,0.42748988,NA,NA,NA,5.0263107e-4
4369591,2009,0.64707208,0.4108108,0.08670646,-0.0062904186,0.053647041
4369617,2009,0.92670339,0.61596698,-0.21876086,-0.039679553,-0.050675228
4369617,2009,0.92670339,0.61596698,-0.21876086,-0.039679553,0.38510776
4369617,2015,0.9673084,0.73301852,NA,NA,-0.013868123
4369625,2015,0.79326057,0.49935529,NA,0.052288815,-0.47164178
4369633,2004,0.77745241,0.43045387,NA,NA,0.01039502
4369633,2006,0.81542349,0.29582807,NA,NA,-0.0067365319
4369633,2008,0.85750002,0.33500001,-0.046103649,NA,-0.023985252
4369633,2008,0.85750002,0.33500001,-0.046103649,NA,-0.041800618
4369641,2002,0.29209167,NA,NA,NA,-0.1105381
4369666,2001,0.69335932,NA,NA,NA,0.35833335
4369666,2003,0.6909951,NA,NA,NA,0.46025515
4369666,2003,0.6909951,NA,NA,NA,0.058580428
4369666,2013,0.72657704,0.43563882,0.0086884946,0.030331252,0.38741076
4369674,2009,0.65662563,0.42429879,0.027466848,0.16098435,-0.034039944
4369682,2003,0.43777198,NA,NA,NA,0.0051673949
4369682,2009,0.50973892,0.0078740157,-0.080149174,1.5118656,0.022435203
4369682,2015,0.62142861,0.010714286,NA,1.4299657,0.18653622
4369682,2015,0.62142861,0.010714286,NA,1.4299657,-0.10401954
4369690,2010,0.76983857,0.45359784,-0.027099751,0.096623071,-0.059569985
4373387,2003,0.7428112,NA,NA,NA,0.0013116896
4373387,2005,0.78287154,0.33148614,NA,NA,3.3831596e-4
4373387,2013,0.89066249,0.27751696,0.10532486,0.33394992,-0.080569312
4469732,2001,0.025531888,NA,NA,NA,-0.014325336
4469799,2001,0.76360822,NA,NA,NA,-0.27193177
4469799,2007,0.7838695,0.53305143,NA,NA,-0.31099692
4469799,2007,0.7838695,0.53305143,NA,NA,-0.074454427
4469799,2009,0.79295152,0.58702999,0.032104284,-0.45749691,-0.20338571
4469799,2009,0.79295152,0.58702999,0.032104284,-0.45749691,-0.018800914
4469799,2011,0.80195558,0.63241762,0.053015143,-0.47524118,-0.058608055
4469799,2013,0.81246138,0.63022655,0.0043349564,-0.44018054,-0.021855831
4469799,2015,0.81951398,0.69671327,NA,-0.37378505,-0.095766544
4469849,2013,0.40357143,0.23988095,-0.1829201,0.26762539,0.060652852
4569971,2010,0.27185267,0.57724023,0.033148471,0.53685546,0.026414469
4569971,2012,0.33150762,0.62352264,-0.047753911,0.45296299,0.024457186
4569971,2014,0.34616512,0.66735232,NA,0.49195889,0.11704946
4569989,2014,0.35177541,0.53096616,NA,0.15063758,-0.071645081
4570011,2008,0.20689654,0.57871062,0.0047726557,0.66266096,0.60779226
4570136,2002,0.15256733,NA,NA,NA,0.0061949641
461507,2015,NA,NA,NA,NA,-0.16959789
461523,2005,NA,NA,NA,NA,-0.055441469
475507,2005,NA,NA,NA,NA,-0.18024588
475507,2011,NA,NA,NA,NA,0.17721817
475507,2011,NA,NA,NA,NA,-0.068361282
475507,2015,NA,NA,NA,NA,-0.13361534
4870532,2008,0.52148485,0.40071192,0.022234572,-0.13032302,-0.074340522
4870532,2012,0.55454993,0.39652643,-0.24838185,0.02282127,-0.093141168
4870532,2014,0.57740283,0.41990706,NA,-0.082860798,0.030913219
4870532,2016,0.60771704,0.43595928,NA,-0.14406039,0.008756578
4870540,2004,0.56808549,0.30435783,NA,NA,0.013787366
4870540,2006,0.59884113,0.32565242,NA,NA,0.016792022
4870540,2008,0.63829881,0.34215567,0.023077086,-0.14302655,-1.0995567e-4
4870540,2014,0.7455548,0.49270982,NA,-0.11107581,-0.0033408403
4870540,2016,0.80003715,0.4856506,NA,-0.012807252,0.019191831
4870573,2006,0.36308426,0.2344864,NA,NA,-0.012983978
4870581,2004,0.79547137,0.43974149,NA,NA,-0.13281147
4870581,2010,0.85812128,0.41920868,0.020916626,-0.24607658,0.0036875308
4870581,2014,0.89179462,0.54744482,NA,-0.20281684,0.034128532
4870581,2016,0.90046787,0.59811586,NA,-0.2544851,0.13856053
4970615,2011,0.85327965,0.86651325,0.061996162,-0.39178979,0.024905324
4970656,2005,0.33333331,0.32447818,NA,NA,0.0021635145
4970904,2001,0.77123052,NA,NA,NA,0.27629516
4970904,2015,0.96171588,0.88099629,NA,NA,0.0057034194
4970938,2003,0.11033028,NA,NA,NA,0.019786462
4975358,2011,0.42446482,0.32640162,0.083290376,-0.11637641,-0.0058988482
5071043,2014,0.75032079,0.6986686,NA,-0.084772542,-0.33070865
5071043,2016,0.78504527,0.77463776,NA,-0.09168002,0.099341393
5071050,2012,0.56661785,0.82430452,-0.04787986,-0.24167062,-0.12464182
5071068,2002,0.28536385,NA,NA,NA,0.035508633
5071068,2006,0.28057551,0.33253399,NA,NA,0.19230768
5071084,2014,0.1885246,0.073770493,NA,NA,-0.011286676
5071100,2016,0.29493088,0.3235023,NA,0.71857524,-0.11022045
5071134,2012,0.57529241,0.55409354,0.044823706,-0.25927335,-0.26845637
5071134,2012,0.57529241,0.55409354,0.044823706,-0.25927335,-0.18216319
5071134,2014,0.64682925,0.66341466,NA,-0.31329173,0.037349403
5071134,2016,0.60335195,0.72998136,NA,-0.18530253,-0.035087705
5071167,2012,0.75089931,0.75053954,-0.14165199,-0.23502055,-0.084504947
5071175,2002,0.45026463,NA,NA,NA,0.046232626
5071217,2002,0.65785736,NA,NA,NA,0.033177212
5071217,2008,0.74641263,0.69348389,-0.056277648,-0.26588756,0.01568839
5071266,2016,0.69409204,0.58808571,NA,-0.16348787,-0.039282262
5071274,2010,0.47183096,0.54929578,NA,NA,0.094955504
5073601,2008,0.65467942,0.53726172,0.10948116,-0.2801927,0.048163757
5073601,2010,0.69987798,0.56283045,-0.15996638,-0.092253588,0.042179927
5073601,2014,0.74620229,0.63986659,NA,-0.2519407,-0.10857908
5075556,2004,0.59299779,0.55829948,NA,NA,0.017061621
5075556,2016,0.80755395,0.71510792,NA,-0.2926515,-0.049935967
5075739,2002,NA,NA,NA,NA,-0.073366076
5075739,2012,0.59731781,NA,0.022986889,-0.1319599,-0.030394211
5075739,2016,0.62346578,NA,NA,-0.065741576,-0.016369492
5171399,2009,0.69898772,0.73361748,0.10857849,-0.2376173,0.079965591
5171399,2013,0.73032528,0.76390344,0.09494485,-0.1854322,-0.30925509
5171415,2009,0.28571427,0.5714286,NA,NA,-0.053240746
5171464,2003,0.44350541,NA,NA,NA,0.34819478
5171464,2007,0.50610775,0.51964146,NA,NA,0.2318213
5171464,2009,0.53477061,0.51103097,0.079990834,-0.016143082,0.0091204047
5171464,2013,0.60635883,0.53398943,0.020178882,0.099682443,0.011033297
5271506,2003,0.28979146,NA,NA,NA,-0.0027659535
5271506,2013,0.46306819,0.57386363,NA,NA,0.07976009
5271522,2001,0.077764273,NA,NA,NA,-0.059381753
5271522,2007,0.084198356,0.52941179,NA,NA,0.082592785
5271563,2015,0.2724359,0.56730771,NA,NA,-0.056595579
5271621,2001,0.20421326,NA,NA,NA,0.055265218
5471803,2001,0.67235494,NA,NA,NA,-0.013812155
5471803,2003,0.69108284,NA,NA,NA,-0.057784908
5471811,2005,0.67628866,0.99381441,NA,NA,-0.063197017
5471811,2009,0.72340429,0.96131527,-0.088070691,-0.53704792,-0.019607842
5471837,2009,0.56005585,0.5715782,0.049034998,-0.087055348,-0.12615924
5471837,2011,0.60432076,0.5726546,0.021792442,-0.10512263,-0.11958405
5471860,2001,0.95930231,NA,NA,NA,-0.71204185
5471860,2005,0.96544504,0.86125654,NA,NA,-0.058432937
5471860,2009,0.97510582,0.88548666,0.16911322,NA,-0.28543693
5471860,2009,0.97510582,0.88548666,0.16911322,NA,0.036641225
5471860,2011,0.97979301,0.91867918,0.15553328,NA,-0.039106131
5471860,2013,0.98104382,0.95027083,-0.0013696849,NA,-0.39698493
5471902,2001,0.97715592,NA,NA,NA,0.11150821
5471910,2011,0.54070663,0.6139273,-0.15938973,0.0045076613,-0.07945323
5471928,2001,0.41300815,NA,NA,NA,0.23918366
5471928,2005,0.36148953,0.32697546,NA,NA,-0.031797439
5471928,2011,0.45366281,0.56222421,NA,NA,0.058696911
5471993,2005,0.86414444,0.70937234,NA,NA,0.10876133
5471993,2009,0.90574455,0.78611267,-0.11554846,-0.43506649,0.11748251
5472009,2008,0.79487181,0.71794873,0.098665163,NA,-0.14141414
5472009,2012,0.86498857,0.75972539,0.022989243,NA,-0.018518537
5472033,2002,0.62309372,NA,NA,NA,-0.024999991
5472041,2012,0.92897409,0.99661779,-0.13323954,NA,0.0057142824
5472140,2002,0.95070422,NA,NA,NA,-0.20000002
5472157,2015,0.87829363,0.93601006,NA,NA,-0.098890007
5472173,2005,0.35714287,0.51020408,NA,NA,-0.33787465
5472181,2009,0.81712961,0.83333331,-0.031525314,NA,0.16118938
5472181,2015,0.87864077,0.907767,NA,NA,-0.05422993
5472199,2011,0.94151378,0.94610089,0.10803863,NA,0.092042744
5472207,2011,0.17112297,0.23529412,NA,NA,-0.041462317
5472215,2001,0.71460176,NA,NA,NA,-0.019925267
5472215,2002,0.65688491,NA,NA,NA,0.52459013
5472215,2009,0.80497134,0.91013384,-0.15549098,NA,-0.0048426092
5472215,2011,0.85445207,0.9229452,0.18690801,NA,0.36585367
5472215,2011,0.85445207,0.9229452,0.18690801,NA,0.027308196
5472215,2013,0.92179704,0.89517468,0.21095634,NA,-0.098944589
5472223,2005,0.84444445,0.9822222,NA,NA,0.21608043
5472231,2001,0.6622746,NA,NA,NA,1.3972819e-4
5472231,2003,0.65097702,NA,NA,NA,0.18558952
5472249,2009,0.64942527,0.4232184,NA,NA,0.14389874
5472249,2011,0.67925328,0.67543489,NA,NA,0.057478115
5472249,2015,0.73207402,0.67424828,NA,NA,-0.12021339
5472256,2002,0.53163373,NA,NA,NA,-0.31776929
5472256,2006,0.56805205,0.4990204,NA,NA,0.16894019
5472256,2010,0.63530278,0.52516091,0.077522606,-0.20281294,0.11593449
5472256,2014,0.69075632,0.57008582,NA,-0.15180239,-0.06948939
5472264,2009,0.71232879,0.82648402,-0.07130751,NA,0.033802822
5472272,2003,0.83510303,NA,NA,NA,-0.053070962
5472272,2011,0.88089329,0.8560794,-0.11031449,-0.3290157,0.10768263
5472280,2015,0.81939393,0.84606063,NA,NA,0.07385847
5472298,2003,0.92653674,NA,NA,NA,-0.069444433
5472298,2005,0.9509306,0.98477155,NA,NA,-0.076819405
5472298,2007,0.95570695,0.97274274,NA,NA,0.1680328
5475325,2002,0.83195758,NA,NA,NA,-5.800426e-4
5475325,2004,0.8585242,0.87938929,NA,NA,-0.19704433
5475325,2004,0.8585242,0.87938929,NA,NA,0.22807017
5475325,2004,0.8585242,0.87938929,NA,NA,0.28061223
5475325,2004,0.8585242,0.87938929,NA,NA,-0.10914052
5475325,2006,0.85523897,0.81112134,NA,NA,0.035623401
5475325,2008,0.87333047,0.84575611,0.091272652,-0.48205978,0.04412812
5475325,2009,0.89202452,0.76359916,0.0091031492,-0.39876133,-0.32226416
5475325,2009,0.89202452,0.76359916,0.0091031492,-0.39876133,-0.20425209
5475325,2016,0.93987823,0.88318115,NA,NA,-0.12048191
5475523,2005,0.68791974,0.67513555,NA,NA,-0.027028501
5475523,2007,0.7072072,0.77630311,NA,NA,-0.054036796
5475523,2009,0.75325912,0.81947535,0.1366137,-0.20952332,-0.046917856
5475523,2013,0.79210329,0.82442802,-0.099595852,-0.080084257,0.012386754
5475523,2015,0.81043112,0.86071885,NA,-0.086435132,0.010424405
5572371,2012,0.1962617,0.45443925,0.16157474,0.86699414,-0.25718725
5572413,2004,0.093596041,0.2093596,NA,NA,-0.069116026
5575184,2011,0.32737029,0.40429339,-0.081117988,NA,-0.36702648
561564,2011,NA,NA,NA,NA,0.25438595
5672447,2007,0.85185182,0.62527233,NA,NA,-0.1177295
5672454,2005,0.80215055,0.56774193,NA,NA,0.059376687
5672454,2013,0.87618047,0.68887722,-0.041811049,-0.35215789,0.04392764
5672454,2015,0.88456547,0.7621271,NA,-0.35571289,0.0037041306
5672462,2013,0.90409094,0.72475588,-0.059767395,-0.34155303,0.098181367
5672462,2015,0.91286051,0.72917438,NA,-0.38697448,-0.047818124
5672470,2001,0.45348835,NA,NA,NA,-0.072348252
5672470,2005,0.43012702,0.2323049,NA,NA,-0.07661292
5672520,2007,0.27389985,0.25214973,NA,NA,0.1413644
5672520,2011,0.33526683,0.26363108,-0.2167287,0.3288286,0.029818386
5672520,2015,0.37385023,NA,NA,0.25841871,5.9598684e-4
5672538,2001,0.87033665,NA,NA,NA,0.010710299
5672538,2007,0.89743745,0.72484398,NA,NA,0.015894145
5672538,2009,0.91217136,0.74488163,0.08332476,-0.43636775,0.026480436
5672538,2011,0.9280805,0.74843788,-0.013194859,-0.37851942,-0.20398474
5672538,2013,0.94411361,0.75531703,-0.10791245,-0.30390227,-0.072635695
5672546,2003,0.7159099,NA,NA,NA,0.04083699
5672546,2007,0.75001651,0.38867253,NA,NA,0.011233404
5672553,2001,0.30972457,NA,NA,NA,0.0564861
5672553,2005,0.3174777,0.12967786,NA,NA,-0.055077836
5672553,2007,0.36007255,0.15150669,NA,NA,0.026872948
5672553,2011,0.43164796,0.18753344,-0.030537456,0.44042197,-0.019437566
5672553,2013,0.47028387,0.2181513,-0.10173222,0.4857538,-0.014797561
5672561,2015,0.93398148,0.73343885,NA,-0.38759649,-0.18947567
5672587,2003,0.82943797,NA,NA,NA,0.0058331192
5672587,2009,0.88708484,0.72250921,0.29503882,-0.42118847,0.15245818
5672587,2013,0.93656409,0.83637351,0.041342109,-0.2119002,-8.7410212e-5
5672587,2015,0.946823,NA,NA,-0.088904507,-0.012516841
5672595,2001,0.81221867,NA,NA,NA,0.028308868
5672595,2005,0.82041824,0.52583027,NA,NA,0.1022229
5672595,2007,0.84011978,0.497006,NA,NA,0.0015918612
5672595,2010,0.85153586,0.6188851,NA,NA,-0.091251582
5672595,2013,0.91224968,0.45995289,NA,NA,-0.062379465
5672603,2011,0.33867812,0.23095927,-0.050114781,0.50448233,-0.029658407
5672603,2013,0.36944693,0.22179118,-0.10322785,0.52146763,-0.032055527
5672611,2009,0.43607706,0.32924694,-0.21642491,-0.067883469,-0.15582192
5672611,2015,0.56367433,0.51356995,NA,NA,0.0094736814
5673759,2005,0.23925662,0.048241548,NA,NA,-0.0050894022
5673759,2009,0.28166163,0.11549701,-0.086178124,0.75245172,-0.10468706
5673874,2015,0.20529628,0.040639747,NA,1.7127011,-0.042370707
5772678,2002,0.27493471,NA,NA,NA,-0.028488323
5772686,2004,0.53464323,0.53050673,NA,NA,-0.024115756
5772686,2006,0.54231626,0.48775056,NA,NA,0.0058900565
5772710,2002,0.51597285,NA,NA,NA,0.051534951
5772710,2006,0.56708205,0.34907755,NA,NA,-0.013080567
5772710,2010,0.63249791,0.45592791,-0.039901406,-0.18014194,-0.051146194
5772710,2012,0.66613656,0.4839102,-0.076499812,-0.15790322,0.030546397
5872751,2009,0.3401494,0.29728666,-0.075779356,0.48295084,-0.028543636
5872769,2009,0.38159674,0.32882273,NA,NA,0.088327348
5872769,2011,0.41402113,0.30291006,NA,NA,-0.05051735
5872769,2013,0.43055558,0.26767677,NA,NA,0.026090354
5872769,2015,0.48473281,NA,NA,NA,-0.084266335
661598,2005,NA,NA,NA,NA,-0.011689693
661614,2005,NA,NA,NA,NA,0.034552157
661614,2007,NA,NA,NA,NA,-0.014543638
661622,2015,NA,NA,NA,NA,-0.034979433
761655,2005,NA,NA,NA,NA,-0.13772881
761655,2015,NA,NA,NA,NA,0.0052305162
761697,2011,NA,NA,NA,NA,-0.011705697
761697,2013,NA,NA,NA,NA,0.0080831349
761721,2011,NA,NA,NA,NA,-0.026628315
761721,2013,NA,NA,NA,NA,0.049827248
761739,2015,NA,NA,NA,NA,-0.13927446
761747,2003,NA,NA,NA,NA,0.39915416
761754,2002,NA,NA,NA,NA,0.013355896
761754,2007,NA,NA,NA,NA,0.074544385
761770,2011,NA,NA,NA,NA,0.068717882
761788,2002,NA,NA,NA,NA,-0.20757827
761788,2005,NA,NA,NA,NA,-0.034743816
761788,2007,NA,NA,NA,NA,0.067352459
761788,2009,NA,NA,NA,NA,0.030999899
761796,2007,NA,NA,NA,NA,-0.056154311
761796,2011,NA,NA,NA,NA,-6.0670078e-4
761796,2015,NA,NA,NA,NA,0.0091788322
761804,2015,NA,NA,NA,NA,-0.067463621
961853,2009,NA,NA,NA,NA,-0.14506292
961887,2001,NA,NA,NA,NA,0.066429749
961903,2008,NA,NA,NA,NA,-0.014309525
961978,2009,NA,NA,NA,NA,0.0069817901
