techzip2,groupcat1,groupcat2,group_placzcat21,group_placzcat22,group_placzcat23,indian_traits,threatened2,dscore2,female,age,married,pid,educ,racewhite,income2,h1bvisas_scale,agesq,h1bvisas_indicator
0,0,0,0,1,0,.30000001,0,.33727825,1,.18055555,1,.40000001,1,1,1,1,.032600306,1
0,1,0,1,0,0,.34999999,.5,.56950074,0,.6388889,0,0,.40000001,1,.44444445,.75,.40817901,1
1,1,0,1,0,0,.25,1,.59663379,1,.70833331,1,.60000002,.80000001,1,.66666669,.25,.5017361,0
1,1,0,1,0,0,.85000002,1,.73982787,0,.43055555,0,.40000001,.2,1,.55555558,0,.18537809,0
0,0,0,0,0,0,.25,1,.44127497,1,.59722221,0,.2,.60000002,1,.55555558,.5,.35667437,1
0,1,0,1,0,0,.44999999,.75,.33259383,1,.40277779,0,.2,.40000001,0,0,.5,.16222996,1
0,1,0,1,0,0,.55000001,0,.2168887,0,.68055558,1,0,.40000001,1,.77777779,1,.4631559,1
0,1,0,1,0,0,.5,.5,.8114447,0,.34722221,0,.40000001,1,0,0,0,.12056326,0
1,0,0,0,0,0,.30000001,.25,.61810988,1,.33333334,0,0,.40000001,0,.22222222,.25,.11111112,0
1,1,0,1,0,0,.25,.75,.43285766,1,.29166666,1,.40000001,.40000001,0,.33333334,.5,.08506944,1
1,0,0,0,1,0,.85000002,0,.78555012,1,.11111111,0,.40000001,1,1,.8888889,1,.012345679,1
1,0,0,0,0,0,.44999999,.5,.86717522,0,.33333334,0,0,.2,0,0,1,.11111112,1
1,1,0,1,0,0,.40000001,1,.5877586,1,.30555555,1,1,0,0,.44444445,0,.093364194,0
1,0,0,0,0,0,.25,0,.38963556,0,.31944445,0,.2,.40000001,0,.22222222,.5,.10204475,1
1,1,0,1,0,0,.5,.25,.52997923,0,.3888889,0,.40000001,.2,0,0,.25,.15123457,0
1,1,0,1,0,0,,.5,.49162605,0,.013888889,0,.80000001,.2,1,0,.25,.00019290124,0
1,1,0,1,0,0,.25,.25,.7051416,0,.7638889,0,0,.40000001,1,.33333334,.75,.58352625,1
1,0,0,0,0,0,0,0,.49864244,1,.2638889,0,.40000001,.80000001,1,.44444445,.5,.069637351,1
1,0,0,0,0,0,.25,.75,.71519321,1,.5,0,.2,.80000001,1,.11111111,0,.25,0
1,0,0,0,0,0,,0,.40944415,0,.55555558,0,0,1,1,0,0,.308642,0
1,0,1,0,0,1,,.5,.41487321,1,.31944445,0,.2,.40000001,1,.44444445,0,.10204475,0
1,1,0,1,0,0,.15000001,0,.56061077,0,.59722221,0,.40000001,.80000001,1,.44444445,.25,.35667437,0
1,0,0,0,1,0,.30000001,0,.56726015,0,.5,0,0,1,1,1,1,.25,1
1,1,0,1,0,0,.15000001,.5,.68263036,1,.44444445,1,0,.40000001,0,0,.25,.19753087,0
1,1,0,1,0,0,.55000001,.25,.4964003,1,.44444445,1,0,.40000001,0,0,.25,.19753087,0
1,1,0,1,0,0,.44999999,.5,.23425663,1,.6388889,0,.80000001,1,1,.55555558,.25,.40817901,0
1,1,0,1,0,0,.1,0,.54438674,1,.47222221,0,.2,.40000001,1,0,.5,.22299382,1
1,0,0,0,1,0,.34999999,0,.66280478,1,.66666669,1,0,.60000002,1,.66666669,.5,.44444448,1
1,0,0,0,0,0,.25,.5,.47575888,0,.83333331,0,0,1,1,.22222222,.75,.69444442,1
1,0,0,0,0,0,.1,1,.68934643,0,.15277778,0,0,.60000002,1,.11111111,0,.023341049,0
1,0,0,0,0,0,0,1,.57126141,0,.15277778,0,0,.80000001,1,.22222222,0,.023341049,0
1,0,0,0,0,0,.55000001,.25,.39790282,0,.34722221,1,1,.40000001,0,.66666669,.5,.12056326,1
1,1,0,1,0,0,.25,0,.45447898,1,.66666669,0,.40000001,.80000001,1,1,0,.44444448,0
1,0,0,0,0,0,.1,.25,.61758095,1,.25,1,.2,.80000001,1,1,.75,.0625,1
1,0,0,0,0,0,.2,0,.44999245,1,.11111111,0,0,.80000001,1,.66666669,.5,.012345679,1
1,0,0,0,0,0,.1,0,.78139979,1,.625,0,.80000001,1,1,.44444445,.75,.390625,1
1,0,0,0,0,0,,0,.8359071,0,.70833331,1,0,.80000001,1,.8888889,.25,.5017361,0
1,0,0,0,0,0,.2,0,.60937208,1,.625,0,.80000001,1,1,0,.25,.390625,0
1,0,0,0,0,0,.40000001,.75,.62900192,1,.22222222,0,.40000001,.2,0,0,.5,.049382716,1
1,0,0,0,0,0,.44999999,0,.58454877,0,.25,1,.40000001,.80000001,1,0,0,.0625,0
1,1,0,1,0,0,,0,.67151588,1,.013888889,0,.40000001,.40000001,0,.11111111,.25,.00019290124,0
1,1,0,1,0,0,.2,0,.34156659,1,.18055555,1,.40000001,1,0,0,.75,.032600306,1
1,0,0,0,1,0,.30000001,.25,.59272617,0,.75,1,.40000001,.60000002,0,0,.75,.5625,1
1,1,0,1,0,0,.25,0,.64053971,0,.6388889,1,0,1,1,.77777779,.5,.40817901,1
1,1,0,1,0,0,.64999998,0,.68693173,1,.31944445,0,0,.80000001,0,.11111111,0,.10204475,0
1,1,0,1,0,0,.34999999,.25,.64836717,1,.15277778,0,.2,.40000001,0,0,.5,.023341049,1
1,1,0,1,0,0,.30000001,.5,.13707924,1,.027777778,0,0,.40000001,0,0,.25,.00077160494,0
1,0,0,0,0,0,.5,0,.41921881,1,.34722221,1,0,.80000001,0,.66666669,.5,.12056326,1
1,1,0,1,0,0,,.5,.34076104,0,.041666668,0,.60000002,0,0,0,.5,.0017361112,1
1,0,0,0,1,0,.5,.5,.61452508,1,.40277779,1,0,.40000001,0,.44444445,0,.16222996,0
1,1,0,1,0,0,.34999999,.75,.69078296,1,.93055558,0,0,.80000001,1,.11111111,.5,.86593372,1
1,0,0,0,0,0,,.5,.61936682,0,.041666668,0,.2,.2,0,0,0,.0017361112,0
1,0,0,0,0,0,.40000001,.5,.6145519,1,.5,0,.40000001,.2,0,0,.75,.25,1
1,0,0,0,0,0,,.75,.43055746,1,.43055555,0,.60000002,.60000002,0,0,.5,.18537809,1
1,0,0,0,0,0,.34999999,.25,.73766452,0,.15277778,0,.40000001,.2,0,.33333334,.5,.023341049,1
1,1,0,1,0,0,.40000001,.5,.51011121,1,.027777778,0,0,.2,0,0,.5,.00077160494,1
1,1,0,1,0,0,.30000001,0,.44742495,0,.027777778,0,.40000001,.40000001,0,.22222222,.75,.00077160494,1
1,0,0,0,0,0,.44999999,1,.32758844,1,.30555555,1,0,.80000001,0,.44444445,.25,.093364194,0
1,1,0,1,0,0,.30000001,0,.70456982,0,.33333334,0,.80000001,1,1,.55555558,1,.11111112,1
1,0,0,0,1,0,.30000001,.5,.74787986,0,.47222221,0,.40000001,.40000001,1,.66666669,.75,.22299382,1
0,1,0,1,0,0,.25,0,.55224895,0,.3888889,0,.80000001,1,0,0,.5,.15123457,1
0,0,1,0,0,1,.44999999,.25,.86303818,0,.40277779,1,.80000001,.80000001,1,.55555558,.25,.16222996,0
0,1,0,1,0,0,.40000001,1,.70417905,1,.83333331,0,1,.80000001,1,0,0,.69444442,0
0,1,0,1,0,0,.44999999,1,.36113948,1,.29166666,1,.40000001,.40000001,1,.11111111,0,.08506944,0
0,0,0,0,0,0,.25,.75,.62032157,1,.083333336,1,.80000001,.2,1,.22222222,.25,.006944445,0
0,1,0,1,0,0,.44999999,.5,.61980867,1,.44444445,0,.2,.2,1,0,0,.19753087,0
0,1,0,1,0,0,.60000002,.25,.45876718,1,.1388889,0,.40000001,0,1,0,.25,.019290125,0
0,1,0,1,0,0,.15000001,1,.5539462,0,.47222221,1,.60000002,1,1,.66666669,0,.22299382,0
0,1,0,1,0,0,.40000001,.75,.38085777,0,.25,1,.60000002,0,1,0,0,.0625,0
0,1,0,1,0,0,,.75,.59950626,0,.52777779,0,.80000001,.40000001,1,0,0,.2785494,0
0,1,0,1,0,0,.25,.25,.62597322,1,.54166669,1,.40000001,.2,1,.44444445,.25,.29340279,0
0,1,0,1,0,0,.55000001,.5,.63200599,1,.625,1,.2,.2,1,.11111111,0,.390625,0
0,0,0,0,0,0,.80000001,1,.56549948,0,.54166669,0,0,.2,1,0,0,.29340279,0
0,0,0,0,0,0,.40000001,1,.50074697,1,.2361111,1,.80000001,.60000002,1,.55555558,0,.055748455,0
0,0,0,0,0,0,.60000002,1,.70805264,1,.40277779,1,1,.2,1,.22222222,0,.16222996,0
0,1,0,1,0,0,,.75,.70669305,1,.6111111,1,.40000001,.2,1,.55555558,.5,.37345678,1
0,0,0,0,0,0,.5,.5,.73028862,1,.5,1,.40000001,0,1,.22222222,0,.25,0
0,1,0,1,0,0,.30000001,1,.55458015,1,.22222222,0,0,.2,1,0,0,.049382716,0
0,0,0,0,0,0,.25,0,.66630214,1,.43055555,1,.60000002,.60000002,1,.11111111,.5,.18537809,1
0,1,0,1,0,0,.1,0,.68841636,1,.56944442,1,.40000001,1,1,.33333334,.25,.32426694,0
0,1,0,1,0,0,.30000001,.75,.62295675,0,.625,1,.60000002,.40000001,1,.44444445,0,.390625,0
0,1,0,1,0,0,.15000001,0,.57834136,0,.66666669,0,1,.40000001,0,0,0,.44444448,0
0,0,0,0,0,0,.25,.5,.4537974,1,.4861111,1,.2,.60000002,1,.22222222,.25,.236304,0
0,1,0,1,0,0,.15000001,.75,.61785012,1,.58333331,1,.2,.40000001,1,0,.25,.34027776,0
0,1,0,1,0,0,.2,.75,.55260777,1,.56944442,1,.2,.2,1,.22222222,0,.32426694,0
0,0,0,0,0,0,.40000001,.5,.39861727,1,.2638889,1,0,1,1,.8888889,.5,.069637351,1
0,1,0,1,0,0,.30000001,.5,.69338715,1,.1388889,0,.80000001,.2,1,0,.25,.019290125,0
0,1,0,1,0,0,.25,.5,.40913934,1,.6111111,1,1,.2,1,0,0,.37345678,0
0,1,0,1,0,0,0,0,.74546039,0,.81944442,0,.80000001,1,1,0,.5,.67148918,1
0,1,0,1,0,0,.25,.5,.61693281,1,.375,1,.40000001,.60000002,1,.11111111,.5,.140625,1
1,0,0,0,0,0,.2,.5,.6167016,1,.6111111,1,0,.80000001,0,.77777779,.5,.37345678,1
1,1,0,1,0,0,.2,1,.15695144,1,.8611111,0,0,.40000001,0,.33333334,0,.74151236,0
1,0,0,0,0,0,.40000001,.25,.60023415,1,.15277778,1,0,1,0,0,1,.023341049,1
1,0,0,0,0,0,.2,.25,.53751153,0,.3888889,1,0,1,0,1,.25,.15123457,0
1,0,0,0,0,0,,.25,.29146722,1,.30555555,0,.60000002,.80000001,1,.33333334,.75,.093364194,1
1,1,0,1,0,0,.60000002,.25,.22969642,1,.44444445,0,0,0,0,0,.75,.19753087,1
1,1,0,1,0,0,.1,0,.61047673,0,.013888889,0,.60000002,0,0,.33333334,1,.00019290124,1
1,1,0,1,0,0,.1,0,.45043883,0,.6388889,0,.80000001,.80000001,1,.77777779,.25,.40817901,0
1,0,0,0,0,0,.25,1,.50196874,0,.5,1,.60000002,.80000001,1,1,.25,.25,0
1,0,0,0,0,0,.1,0,.42201787,1,.44444445,0,.40000001,1,1,.22222222,.5,.19753087,1
1,0,0,0,0,0,,0,.56469142,0,.19444445,1,0,.40000001,1,.55555558,.5,.037808642,1
1,0,0,0,0,0,.34999999,0,.53386647,0,.1388889,0,.80000001,.80000001,1,.55555558,1,.019290125,1
1,0,0,0,1,0,,.25,.59598386,1,.5,0,0,1,1,.66666669,.5,.25,1
1,0,0,0,0,0,.44999999,.5,.5159325,0,.15277778,0,0,1,1,1,.75,.023341049,1
1,0,0,0,0,0,.25,.5,.37822261,1,.59722221,1,0,1,0,.44444445,0,.35667437,0
1,1,0,1,0,0,.34999999,.75,.65796936,0,.4861111,0,0,.2,0,0,0,.236304,0
1,0,0,0,0,0,,0,.36387655,0,.34722221,0,.40000001,.80000001,0,.22222222,.5,.12056326,1
1,1,0,1,0,0,,0,.33225253,0,.65277779,0,0,.80000001,0,.11111111,.25,.42611885,0
1,1,0,1,0,0,.34999999,.5,.47359869,0,.80555558,0,0,1,0,.22222222,.25,.64891982,0
1,1,0,1,0,0,.15000001,.75,.5021652,0,.3888889,0,0,.2,0,.22222222,0,.15123457,0
1,0,0,0,0,0,,.25,.5212239,1,.6111111,1,0,.80000001,0,.44444445,.5,.37345678,1
1,0,0,0,0,0,.25,.75,.36025697,1,.55555558,1,0,1,0,.66666669,.5,.308642,1
1,1,0,1,0,0,.5,.5,.63118023,0,.013888889,0,0,.40000001,0,.11111111,.5,.00019290124,1
1,0,1,0,0,1,.1,0,.59066039,0,.29166666,0,.40000001,.80000001,0,.11111111,.5,.08506944,1
1,0,0,0,0,0,.5,.25,.76038486,1,.097222224,1,.40000001,.2,0,0,.5,.0094521604,1
1,1,0,1,0,0,.25,.25,.4027296,1,.013888889,0,0,0,0,.33333334,.5,.00019290124,1
1,0,0,0,0,0,.34999999,.75,1.1130036e-08,1,.31944445,1,.2,1,0,.55555558,0,.10204475,0
1,1,0,1,0,0,.40000001,.5,.43821716,1,.55555558,0,.2,.2,0,0,.25,.308642,0
1,0,1,0,0,1,.40000001,.75,.75550151,0,.125,0,1,.2,0,0,.75,.015625,1
1,1,0,1,0,0,.44999999,0,.55827272,0,.79166669,1,0,1,1,.8888889,.5,.62673616,1
1,1,0,1,0,0,,.75,.36293504,0,.125,0,0,.2,0,0,.75,.015625,1
1,1,0,1,0,0,.5,1,.60746986,0,.45833334,0,0,0,0,0,1,.21006945,1
1,0,0,0,0,0,.30000001,.5,.55227882,1,.11111111,0,.2,.2,0,.11111111,.5,.012345679,1
1,1,0,1,0,0,.5,.5,.45998064,1,.2361111,0,0,.40000001,1,.8888889,0,.055748455,0
1,0,0,0,0,0,.40000001,.5,.48280168,1,.083333336,0,1,.80000001,1,.33333334,.5,.006944445,1
1,0,0,0,0,0,,.5,.60014993,1,.125,0,.60000002,0,0,.11111111,.5,.015625,1
1,1,0,1,0,0,.80000001,.5,.61529624,0,.56944442,1,.40000001,.60000002,1,,.25,.32426694,0
1,1,0,1,0,0,.34999999,.75,.75945032,0,1,0,1,.80000001,1,.11111111,0,1,0
1,1,0,1,0,0,.34999999,.75,.26902908,0,.66666669,1,1,.80000001,1,.33333334,.25,.44444448,0
1,0,0,0,0,0,.55000001,.75,.49767682,0,.52777779,0,0,.60000002,1,.33333334,0,.2785494,0
1,0,0,0,0,0,.34999999,.5,.61193782,1,.54166669,1,0,.2,1,.8888889,.25,.29340279,0
1,1,0,1,0,0,.40000001,.25,.40877685,1,.2638889,1,0,.60000002,0,.11111111,.5,.069637351,1
1,1,0,1,0,0,.30000001,0,.51243567,0,.79166669,0,.40000001,.80000001,1,.11111111,1,.62673616,1
1,0,0,0,0,0,.25,0,.51559198,0,.70833331,1,.40000001,.80000001,1,.66666669,.75,.5017361,1
1,0,0,0,1,0,.25,.5,.66693646,0,.77777779,1,0,1,1,.55555558,.5,.60493827,1
1,0,0,0,0,0,.30000001,.75,.35277832,0,.16666667,0,.2,.2,1,.22222222,0,.02777778,0
1,0,0,0,0,0,.44999999,1,.62651968,0,.44444445,0,.60000002,.40000001,0,.33333334,0,.19753087,0
1,0,1,0,0,1,.25,.5,.71078837,0,.2361111,1,.40000001,.40000001,1,1,.75,.055748455,1
1,1,0,1,0,0,0,.25,.55809349,1,.45833334,1,0,.80000001,0,.66666669,.5,.21006945,1
1,0,0,0,0,0,.44999999,.25,.7280882,1,.2361111,1,.40000001,.80000001,1,1,.5,.055748455,1
1,0,0,0,0,0,.69999999,0,.54526657,0,.027777778,0,.60000002,.2,1,1,0,.00077160494,0
1,0,0,0,0,0,.15000001,.75,.31129131,1,.33333334,1,.60000002,.2,1,.55555558,.5,.11111112,1
1,0,0,0,0,0,,.5,.63489807,1,.5138889,0,0,.60000002,1,.22222222,0,.26408181,0
1,0,1,0,0,1,.2,0,.65762693,0,.55555558,1,.60000002,.80000001,1,.77777779,1,.308642,1
1,1,0,1,0,0,.30000001,.5,.72771245,0,.56944442,0,.2,.40000001,1,.11111111,.25,.32426694,0
1,1,0,1,0,0,.55000001,.75,.28452402,1,.65277779,1,1,.2,1,.11111111,.25,.42611885,0
1,1,0,1,0,0,.25,.5,.75081325,1,.54166669,1,.2,.2,1,.22222222,.25,.29340279,0
1,0,0,0,0,0,.15000001,.25,.33852991,1,.097222224,0,.80000001,.40000001,1,,.5,.0094521604,1
1,0,0,0,0,0,.15000001,.5,.50544405,0,.5138889,1,.60000002,1,1,.33333334,.5,.26408181,1
1,1,0,1,0,0,.15000001,.5,.59683233,1,.55555558,0,.40000001,.40000001,1,0,0,.308642,0
1,0,0,0,0,0,.69999999,.5,.57646561,1,.18055555,0,1,.80000001,1,.33333334,0,.032600306,0
1,0,0,0,1,0,.40000001,0,.53439045,0,.2638889,1,0,1,1,.55555558,1,.069637351,1
1,0,0,0,0,0,.25,.25,.81668347,0,.20833333,0,.2,.40000001,0,.11111111,.5,.043402776,1
1,0,0,0,0,0,.2,.5,.73333281,1,.65277779,1,0,.80000001,1,.66666669,.5,.42611885,1
1,0,0,0,0,0,.2,0,.55884635,0,.47222221,1,0,.80000001,0,.55555558,.5,.22299382,1
1,1,0,1,0,0,.25,0,.63304776,1,.875,1,0,.40000001,1,.77777779,.25,.765625,0
1,1,0,1,0,0,,.75,.46496275,1,.19444445,0,1,.2,1,.55555558,0,.037808642,0
1,0,0,0,0,0,.25,.5,.1309295,1,.58333331,0,0,.2,0,.22222222,0,.34027776,0
1,0,1,0,0,1,.75,.75,.45355406,1,.54166669,1,1,.80000001,1,1,0,.29340279,0
1,0,0,0,0,0,.34999999,.5,.65769345,1,.58333331,0,0,.2,0,.22222222,.5,.34027776,1
1,0,0,0,1,0,.30000001,0,.52391261,1,.31944445,1,.40000001,.80000001,1,1,1,.10204475,1
1,0,0,0,0,0,.050000001,.5,.56349063,1,.2361111,0,.2,.40000001,1,0,.25,.055748455,0
1,0,0,0,1,0,.69999999,1,.62656361,1,.72222221,0,.80000001,.40000001,1,.55555558,0,.5216049,0
1,1,0,1,0,0,.050000001,.5,.45930403,1,.43055555,1,0,.80000001,1,.77777779,.5,.18537809,1
1,0,0,0,1,0,.34999999,.5,.73876065,1,.1388889,0,1,.80000001,1,.55555558,.5,.019290125,1
1,0,0,0,0,0,.44999999,0,.64630491,0,.44444445,0,.60000002,.80000001,1,.55555558,.5,.19753087,1
1,1,0,1,0,0,.25,.5,.60970616,1,.4861111,1,.40000001,.40000001,0,.22222222,.5,.236304,1
1,0,0,0,1,0,.2,.5,.71459961,1,.43055555,1,1,.40000001,1,1,0,.18537809,0
1,1,0,1,0,0,,0,.65581995,0,0,0,.2,.2,0,.66666669,.5,0,1
1,0,0,0,0,0,.34999999,0,.45407742,0,.45833334,1,0,0,0,.11111111,.5,.21006945,1
1,1,0,1,0,0,.15000001,.5,.69868094,1,.68055558,0,0,.80000001,1,0,.25,.4631559,0
1,1,0,1,0,0,.55000001,.5,.56752914,0,.16666667,1,.2,.40000001,0,.44444445,.5,.02777778,1
1,0,0,0,0,0,.60000002,.5,.14316466,0,.055555556,0,.60000002,.40000001,0,0,.75,.0030864198,1
1,1,0,1,0,0,.30000001,.25,.63700026,1,.33333334,1,1,.80000001,1,.66666669,.25,.11111112,0
1,0,0,0,0,0,.30000001,.5,.53200132,0,.013888889,0,.40000001,.60000002,0,.66666669,.75,.00019290124,1
1,1,0,1,0,0,.5,1,.60995388,1,.31944445,1,.80000001,.80000001,1,.55555558,0,.10204475,0
1,1,0,1,0,0,.34999999,1,.71659052,1,.55555558,0,1,.80000001,1,0,0,.308642,0
1,0,0,0,0,0,.44999999,.75,.37303525,0,.29166666,1,.80000001,.80000001,1,.66666669,.25,.08506944,0
1,1,0,1,0,0,,1,.75075006,1,.41666666,1,.40000001,.80000001,1,.44444445,0,.1736111,0
1,1,0,1,0,0,.30000001,.25,.61661965,1,.3611111,1,.2,1,1,.66666669,.75,.13040122,1
1,0,0,0,0,0,.25,0,.5091688,1,.16666667,1,.40000001,.80000001,1,.44444445,.5,.02777778,1
1,0,0,0,0,0,,0,.62377524,1,.55555558,1,0,1,1,1,.75,.308642,1
1,1,0,1,0,0,.2,0,.60291749,1,.5,0,0,.40000001,1,0,0,.25,0
1,1,0,1,0,0,.5,1,.30265442,1,.125,0,1,.40000001,1,.55555558,0,.015625,0
1,0,0,0,0,0,.25,1,.64889979,0,.34722221,1,0,.40000001,0,.8888889,.25,.12056326,0
1,0,0,0,1,0,,.5,.5192337,1,.41666666,1,.2,.80000001,1,1,.5,.1736111,1
1,0,0,0,0,0,.34999999,.25,.61035699,0,.27777779,1,.60000002,.40000001,1,1,.25,.0771605,0
1,0,0,0,0,0,.25,.5,.67909086,0,.4861111,0,0,.40000001,1,.66666669,.25,.236304,0
1,1,0,1,0,0,.30000001,0,.63569498,0,.69444442,1,0,1,1,.77777779,1,.48225304,1
1,0,0,0,0,0,,.5,.52458382,1,.52777779,1,.40000001,.2,1,.33333334,0,.2785494,0
1,1,0,1,0,0,,0,.39506298,1,.58333331,1,0,1,0,.66666669,.5,.34027776,1
1,1,0,1,0,0,0,.5,.50014269,1,.5138889,0,0,1,1,0,.5,.26408181,1
1,1,0,1,0,0,.2,0,.31486526,0,.58333331,1,.40000001,1,0,.55555558,.75,.34027776,1
1,0,0,0,0,0,.5,0,.58958977,0,.47222221,1,.40000001,1,1,.8888889,.5,.22299382,1
1,0,0,0,0,0,,0,.69027054,1,.55555558,0,0,.80000001,1,.11111111,.5,.308642,1
1,1,0,1,0,0,.30000001,1,.69330508,1,.80555558,0,.2,.2,1,.55555558,.75,.64891982,1
1,0,0,0,0,0,.1,0,.39479563,0,.34722221,1,.60000002,.2,0,0,.5,.12056326,1
1,0,0,0,0,0,.34999999,.5,.68540055,0,.84722221,1,.40000001,.80000001,0,.44444445,.25,.71778548,0
1,0,0,0,0,0,.34999999,.5,.41279122,1,.43055555,1,0,.80000001,1,.44444445,0,.18537809,0
1,0,0,0,0,0,.40000001,.25,.51146251,1,.20833333,1,.60000002,.60000002,1,.66666669,.75,.043402776,1
1,0,0,0,1,0,.64999998,1,.57752234,1,.069444448,0,.40000001,.40000001,1,.33333334,0,.0048225312,0
1,0,0,0,0,0,.34999999,.5,.64984745,0,.44444445,0,.40000001,.40000001,1,.11111111,.25,.19753087,0
1,0,1,0,0,1,.25,.75,.71860564,0,.44444445,1,.60000002,.80000001,0,.33333334,0,.19753087,0
1,1,0,1,0,0,.30000001,.25,.65467149,1,.59722221,1,0,1,1,1,.25,.35667437,0
1,0,0,0,0,0,.2,.5,.4136222,1,.40277779,1,.60000002,1,0,.66666669,.75,.16222996,1
1,1,0,1,0,0,.30000001,.25,.68492323,1,.70833331,0,.60000002,.40000001,1,.22222222,.5,.5017361,1
1,1,0,1,0,0,.34999999,.5,.83651292,1,.20833333,1,1,.80000001,0,.44444445,.5,.043402776,1
1,0,1,0,0,1,.40000001,.5,.65320987,1,.31944445,0,0,1,1,.77777779,.5,.10204475,1
1,1,0,1,0,0,.25,0,.44457188,1,.80555558,1,0,.80000001,1,.44444445,.75,.64891982,1
1,0,0,0,0,0,.25,0,.65670711,1,.4861111,1,0,.80000001,1,.22222222,1,.236304,1
1,1,0,1,0,0,.44999999,.5,.78625149,0,.7638889,0,.80000001,.40000001,1,0,0,.58352625,0
1,0,0,0,0,0,.69999999,.25,.64266318,1,.41666666,1,0,1,0,.8888889,0,.1736111,0
1,0,0,0,0,0,.2,0,.63410473,1,.22222222,0,0,1,0,.77777779,.75,.049382716,1
1,0,0,0,0,0,.34999999,0,.56340921,0,.4861111,1,.40000001,.80000001,1,.66666669,.25,.236304,0
1,0,1,0,0,1,.15000001,1,.77528214,1,.5,1,.2,1,1,.77777779,0,.25,0
1,0,0,0,0,0,,.25,.35528675,1,.1388889,1,.40000001,1,1,.55555558,.5,.019290125,1
1,0,0,0,0,0,.1,.5,.72437453,1,.54166669,0,.80000001,1,1,.55555558,.5,.29340279,1
1,0,0,0,0,0,.5,0,.50353771,1,.3888889,1,.2,1,1,1,.5,.15123457,1
1,1,0,1,0,0,.30000001,.25,.53638315,0,.6111111,1,.40000001,1,1,.66666669,.75,.37345678,1
1,0,0,0,0,0,.30000001,.25,.68362868,1,.40277779,0,.80000001,.80000001,1,0,.5,.16222996,1
1,1,0,1,0,0,.34999999,.25,.36648113,0,.80555558,1,.60000002,.80000001,1,.8888889,.5,.64891982,1
1,1,0,1,0,0,.30000001,.75,.70524716,1,.55555558,1,0,.2,1,.66666669,0,.308642,0
1,0,0,0,1,0,.25,.5,.38570473,1,.29166666,1,.2,.80000001,1,.44444445,.5,.08506944,1
1,0,0,0,0,0,.30000001,0,.53913277,1,.6388889,0,0,1,1,.66666669,.75,.40817901,1
1,0,0,0,0,0,.25,0,.38722953,1,.15277778,0,.2,1,0,.8888889,1,.023341049,1
1,0,0,0,0,0,.25,.5,.4529759,0,.2638889,1,1,.80000001,1,1,.5,.069637351,1
0,0,0,0,0,0,.25,1,.68510044,0,.55555558,1,.60000002,1,1,1,0,.308642,0
1,1,0,1,0,0,,1,.4643155,1,.27777779,1,1,.40000001,1,.44444445,0,.0771605,0
1,0,0,0,0,0,.55000001,1,.48163375,0,.11111111,0,.40000001,.2,0,,.75,.012345679,1
1,1,0,1,0,0,.2,1,.57421792,1,.27777779,0,.40000001,.40000001,1,.55555558,0,.0771605,0
1,0,0,0,0,0,.2,0,.6452651,0,.29166666,1,.2,.80000001,1,.55555558,.5,.08506944,1
1,1,0,1,0,0,,.25,.51513755,1,.013888889,0,.2,.40000001,0,0,.75,.00019290124,1
1,1,0,1,0,0,.40000001,0,.59372008,0,.11111111,0,1,.80000001,1,.22222222,.25,.012345679,0
1,0,0,0,0,0,.30000001,.5,.64254242,0,.47222221,0,0,.40000001,0,.22222222,.5,.22299382,1
1,0,0,0,0,0,0,0,.72095668,0,0,0,.60000002,.40000001,1,.77777779,.5,0,1
1,0,0,0,0,0,.34999999,0,.59122652,0,.45833334,1,.2,.60000002,1,.22222222,.5,.21006945,1
1,1,0,1,0,0,.1,0,.39051864,0,0,0,.80000001,.2,1,.66666669,1,0,1
1,1,0,1,0,0,.15000001,1,.75630283,1,.80555558,1,.40000001,.80000001,1,.55555558,.25,.64891982,0
1,1,0,1,0,0,.30000001,.5,.67996883,1,.041666668,0,0,.40000001,1,,1,.0017361112,1
1,0,0,0,0,0,.44999999,0,.55827725,0,.31944445,0,.40000001,.60000002,1,.77777779,.75,.10204475,1
1,0,0,0,0,0,.25,0,.28378356,1,.31944445,1,.80000001,.40000001,1,.8888889,.75,.10204475,1
1,0,1,0,0,1,.5,.5,.63169736,0,.44444445,1,.2,.80000001,1,.55555558,0,.19753087,0
1,0,0,0,0,0,.5,.5,.76668435,1,.083333336,0,1,.80000001,1,.55555558,.25,.006944445,0
1,0,0,0,0,0,.44999999,.75,.56538409,0,.55555558,0,.40000001,.80000001,1,1,.5,.308642,1
1,0,0,0,0,0,.44999999,.5,.5430935,1,.56944442,1,0,.80000001,1,.77777779,0,.32426694,0
1,0,0,0,0,0,.30000001,.25,.56962156,1,.43055555,1,.40000001,1,1,.55555558,0,.18537809,0
1,1,0,1,0,0,.55000001,1,.5440383,1,.54166669,1,.40000001,.2,1,.55555558,0,.29340279,0
1,0,1,0,0,1,.30000001,.5,.69006753,0,.34722221,1,.40000001,.2,1,.44444445,.25,.12056326,0
1,0,0,0,1,0,.40000001,.25,.63456267,0,.40277779,0,.60000002,.60000002,1,.33333334,.25,.16222996,0
1,0,0,0,0,0,.60000002,.75,.79907811,1,.31944445,0,.40000001,.2,1,0,0,.10204475,0
1,0,0,0,0,0,.050000001,.25,.60479248,1,.6111111,1,0,.80000001,1,.8888889,.5,.37345678,1
1,0,0,0,0,0,.44999999,.25,.57705772,0,.65277779,1,1,.80000001,1,.44444445,.5,.42611885,1
1,0,0,0,1,0,,.75,.58613551,1,.5,0,.60000002,.40000001,1,0,0,.25,0
1,0,0,0,0,0,.34999999,.5,.60088772,0,.43055555,1,.60000002,.80000001,1,.8888889,1,.18537809,1
1,0,0,0,1,0,.5,1,.53634834,1,.33333334,0,.40000001,.60000002,0,.55555558,0,.11111112,0
1,1,0,1,0,0,.5,.25,.67614996,1,.7638889,0,1,.40000001,1,.22222222,.5,.58352625,1
1,0,0,0,1,0,.30000001,.75,.91416001,0,.6388889,0,1,1,1,.33333334,0,.40817901,0
1,0,0,0,0,0,.30000001,.25,.73338044,1,.47222221,0,0,.40000001,1,.77777779,.5,.22299382,1
1,0,0,0,0,0,.15000001,.5,.50992715,1,.1388889,0,0,.40000001,1,,.25,.019290125,0
1,0,0,0,0,0,.25,0,.39747462,0,.5,1,.80000001,.80000001,1,.22222222,.25,.25,0
1,0,0,0,0,0,.60000002,1,.5661788,1,.31944445,0,.60000002,.60000002,1,.22222222,.25,.10204475,0
1,0,0,0,0,0,.25,.25,.24956405,1,.5,1,0,.80000001,1,.33333334,.5,.25,1
1,0,0,0,0,0,.34999999,.5,.81820047,0,.70833331,1,1,.80000001,1,1,.5,.5017361,1
1,1,0,1,0,0,.25,.25,.67437291,0,.70833331,1,1,1,1,.66666669,.5,.5017361,1
1,0,0,0,0,0,.25,.75,.46870056,0,.041666668,0,.60000002,.40000001,1,.44444445,.25,.0017361112,0
1,0,0,0,0,0,.64999998,.25,.58319062,0,.72222221,1,.40000001,1,1,1,.75,.5216049,1
1,0,0,0,0,0,,0,.5638501,1,.1388889,0,.2,.80000001,0,.44444445,.5,.019290125,1
1,0,0,0,0,0,.64999998,.25,.64765072,0,.097222224,0,1,1,1,.44444445,0,.0094521604,0
1,1,0,1,0,0,.60000002,1,.74991268,0,.7361111,0,.2,0,1,.33333334,.25,.54185957,0
1,0,0,0,0,0,.5,.75,.5726546,1,.47222221,0,.80000001,.60000002,1,.22222222,.5,.22299382,1
1,0,1,0,0,1,.2,.25,.4492332,0,.125,0,.60000002,1,1,.77777779,.5,.015625,1
1,1,0,1,0,0,.5,.75,.43000716,1,.2361111,1,.80000001,.40000001,0,.44444445,0,.055748455,0
1,0,1,0,0,1,.34999999,0,.73004174,0,.6388889,1,.40000001,1,0,.77777779,.5,.40817901,1
1,0,0,0,0,0,.30000001,0,.32094803,0,.3888889,1,.2,.80000001,1,1,.75,.15123457,1
1,0,0,0,0,0,0,0,.27880624,1,.125,0,.2,.40000001,0,.11111111,0,.015625,0
1,1,0,1,0,0,.30000001,0,.27372327,1,.56944442,0,0,.80000001,1,.55555558,.5,.32426694,1
1,0,0,0,1,0,,0,.32659397,1,.20833333,1,0,.80000001,1,.55555558,.5,.043402776,1
1,1,0,1,0,0,.25,.25,.76872832,1,.41666666,1,.60000002,.60000002,1,.66666669,1,.1736111,1
1,1,0,1,0,0,.30000001,.5,.69550884,1,.7361111,0,0,.60000002,1,0,.75,.54185957,1
1,1,0,1,0,0,.1,0,.53050822,1,.15277778,1,0,1,1,.77777779,1,.023341049,1
1,0,0,0,0,0,.30000001,.25,.3626264,1,.65277779,0,.40000001,1,1,.55555558,.5,.42611885,1
1,0,0,0,0,0,.2,0,.71586502,0,.5138889,0,.2,1,1,.22222222,1,.26408181,1
1,0,0,0,0,0,.44999999,.5,.74680042,1,.40277779,0,0,.80000001,0,.33333334,0,.16222996,0
1,1,0,1,0,0,.2,.75,.68874246,0,.013888889,0,.40000001,.2,0,0,0,.00019290124,0
1,0,0,0,0,0,.40000001,0,.24058419,1,.33333334,0,.2,1,1,.44444445,.75,.11111112,1
1,0,1,0,0,1,.15000001,.25,.39446425,1,.2638889,0,0,1,1,.66666669,.5,.069637351,1
1,0,0,0,0,0,.80000001,0,.51626283,0,.31944445,1,.40000001,.80000001,0,.11111111,0,.10204475,0
1,0,0,0,0,0,,1,.37474641,1,.027777778,0,.2,.40000001,0,.11111111,.25,.00077160494,0
1,0,0,0,0,0,,0,.41077566,0,.45833334,0,.2,.2,1,.11111111,.5,.21006945,1
1,1,0,1,0,0,.5,.25,.59936774,1,.3888889,1,0,.80000001,1,.33333334,.5,.15123457,1
1,0,0,0,0,0,.2,.5,.38576737,1,.20833333,1,.60000002,1,1,.22222222,.25,.043402776,0
1,0,0,0,1,0,.1,1,.71907073,1,.54166669,1,1,.80000001,1,.11111111,.5,.29340279,1
1,0,0,0,0,0,.30000001,.25,.64650398,1,.2638889,1,.80000001,.80000001,1,.66666669,.5,.069637351,1
1,0,0,0,0,0,.40000001,0,.67793959,1,.5138889,0,0,0,0,.33333334,.5,.26408181,1
1,0,0,0,0,0,.40000001,1,.59908623,1,.40277779,0,0,.60000002,0,0,.25,.16222996,0
1,0,0,0,0,0,.40000001,.5,.22484945,0,.33333334,1,.60000002,1,0,0,.5,.11111112,1
1,0,1,0,0,1,.050000001,.5,.64736295,1,.54166669,1,.40000001,.80000001,1,.77777779,.25,.29340279,0
1,0,1,0,0,1,.30000001,0,.49845013,1,.375,1,.2,.80000001,1,.55555558,.5,.140625,1
1,0,0,0,0,0,.25,0,.5898698,1,.19444445,1,0,1,1,.44444445,.75,.037808642,1
1,0,0,0,0,0,0,0,.30956036,1,.19444445,1,0,.80000001,1,.44444445,.5,.037808642,1
1,0,0,0,1,0,.40000001,.25,.3662571,1,.59722221,0,1,.80000001,1,.55555558,.5,.35667437,1
1,0,0,0,0,0,,.75,.63353211,1,.3888889,0,1,.40000001,1,.66666669,0,.15123457,0
0,1,0,1,0,0,.15000001,.25,.73735547,0,.69444442,1,.2,.40000001,1,.22222222,.5,.48225304,1
0,1,0,1,0,0,.64999998,1,.63334817,0,.52777779,0,.80000001,.40000001,1,.44444445,.5,.2785494,1
0,0,0,0,0,0,.40000001,.5,.6895386,1,.47222221,1,.80000001,.40000001,1,.77777779,0,.22299382,0
0,0,0,0,0,0,.34999999,.25,.61836016,0,.6111111,0,.2,.80000001,1,0,0,.37345678,0
0,0,0,0,0,0,.30000001,1,.71981096,1,.375,0,.60000002,.40000001,1,0,.25,.140625,0
0,1,0,1,0,0,.34999999,.75,.54004735,1,.3611111,1,.60000002,.80000001,1,.55555558,0,.13040122,0
0,0,0,0,0,0,.25,1,.59112978,1,.29166666,1,0,0,1,0,0,.08506944,0
0,0,0,0,0,0,0,0,.70695817,1,.40277779,1,.40000001,.60000002,1,.44444445,.5,.16222996,1
0,1,0,1,0,0,.30000001,.5,.31848502,0,.55555558,1,0,.80000001,1,.44444445,.25,.308642,0
0,1,0,1,0,0,0,.5,.09336026,0,.55555558,1,0,.80000001,1,.44444445,.5,.308642,1
0,0,0,0,0,0,.40000001,1,.83621961,1,.41666666,1,.60000002,.2,1,.55555558,0,.1736111,0
0,0,0,0,0,0,,.75,.54943562,0,.43055555,1,.80000001,.80000001,1,.44444445,.25,.18537809,0
0,1,0,1,0,0,.5,.75,.43985638,1,.68055558,0,.40000001,.40000001,1,0,0,.4631559,0
0,1,0,1,0,0,.40000001,.5,.73319256,1,.5,1,.2,.40000001,1,.11111111,0,.25,0
0,0,0,0,0,0,.15000001,0,.48107207,0,.4861111,0,.2,.80000001,0,.11111111,1,.236304,1
0,1,0,1,0,0,.34999999,.75,.57912719,1,.66666669,1,1,.40000001,1,.44444445,0,.44444448,0
0,1,0,1,0,0,.40000001,.75,.54785204,0,.5,0,0,.2,1,0,.5,.25,1
0,0,0,0,0,0,.2,.5,.51540488,1,.34722221,0,0,.60000002,1,.22222222,.25,.12056326,0
0,0,1,0,0,1,.15000001,.5,.20990759,1,.3888889,0,.80000001,.60000002,1,.11111111,.25,.15123457,0
0,1,0,1,0,0,,.5,.77130979,1,.2638889,1,.40000001,.40000001,1,0,.25,.069637351,0
0,1,0,1,0,0,,.75,.4979544,1,.6388889,1,.80000001,.40000001,1,.11111111,0,.40817901,0
0,1,0,1,0,0,.5,.5,.46265587,1,.68055558,0,0,.80000001,0,0,.5,.4631559,1
0,0,0,0,0,0,,.75,.54191309,1,.2361111,0,.2,.40000001,1,0,0,.055748455,0
0,0,0,0,0,0,.5,1,.68428224,1,.65277779,1,1,.40000001,1,0,0,.42611885,0
0,1,0,1,0,0,.44999999,.75,.4943988,1,.65277779,0,1,.40000001,1,0,0,.42611885,0
0,1,0,1,0,0,.40000001,.5,.76852018,0,.59722221,1,.60000002,.80000001,1,0,.5,.35667437,1
0,1,0,1,0,0,.15000001,1,.5668121,1,.68055558,1,1,.2,1,0,.25,.4631559,0
0,0,0,0,0,0,.69999999,1,.43508527,1,.56944442,0,1,.60000002,1,.22222222,0,.32426694,0
0,0,0,0,1,0,.44999999,1,.66498333,1,.2361111,1,.80000001,.80000001,1,.55555558,0,.055748455,0
0,0,0,0,0,0,.30000001,.75,.82650071,1,.56944442,0,.2,.40000001,1,.11111111,.5,.32426694,1
0,0,0,0,0,0,.44999999,1,.61772233,0,.44444445,1,1,.2,1,.33333334,0,.19753087,0
0,1,0,1,0,0,.25,.5,.52503055,1,.65277779,1,.60000002,.40000001,1,.33333334,0,.42611885,0
0,1,0,1,0,0,.34999999,1,.37368354,1,.52777779,0,1,.2,1,0,0,.2785494,0
0,1,0,1,0,0,.050000001,0,.83776808,1,.30555555,0,0,.2,0,0,.5,.093364194,1
0,1,0,1,0,0,0,0,.50576633,1,.5,0,0,.40000001,1,0,.5,.25,1
0,1,0,1,0,0,.40000001,.75,.438122,1,.52777779,1,.80000001,.40000001,1,.11111111,0,.2785494,0
0,0,0,0,0,0,.40000001,.5,.46236023,0,.2361111,0,0,.40000001,1,0,.5,.055748455,1
0,1,0,1,0,0,.40000001,.25,.64131314,1,.6388889,1,1,.80000001,1,.33333334,.5,.40817901,1
0,0,0,0,0,0,0,1,.91922146,1,.625,0,1,.80000001,1,.33333334,.25,.390625,0
1,1,0,1,0,0,,.5,.64323527,0,.083333336,0,.40000001,.60000002,0,0,1,.006944445,1
1,1,0,1,0,0,.40000001,.25,.4598226,1,.055555556,0,.40000001,.40000001,1,,.5,.0030864198,1
1,0,1,0,0,1,.30000001,1,.58700401,0,.31944445,1,.60000002,.2,0,.33333334,.5,.10204475,1
1,0,0,0,0,0,.5,.5,.73631841,1,.4861111,0,0,.40000001,0,.11111111,.5,.236304,1
1,1,0,1,0,0,.34999999,0,.6470288,0,.5138889,0,0,.60000002,0,0,.5,.26408181,1
1,0,0,0,0,0,.40000001,0,.73920393,1,.56944442,0,.2,.60000002,0,.11111111,.5,.32426694,1
1,0,0,0,0,0,.15000001,1,.45065525,1,.11111111,1,.60000002,.40000001,1,.22222222,0,.012345679,0
1,1,0,1,0,0,.40000001,.5,.58833396,1,.55555558,1,0,.40000001,0,.22222222,0,.308642,0
1,1,0,1,0,0,.5,.25,.7067588,0,.7638889,1,0,1,0,1,.5,.58352625,1
1,0,0,0,1,0,,.25,.66245234,1,.125,0,0,.40000001,1,0,.25,.015625,0
1,1,0,1,0,0,.2,.5,.70353562,1,.7361111,1,0,1,1,0,0,.54185957,0
1,0,0,0,1,0,,.75,.56947678,0,.52777779,0,0,.40000001,0,.11111111,0,.2785494,0
1,0,0,0,0,0,.30000001,1,.42912853,1,.47222221,1,.60000002,1,1,.66666669,1,.22299382,1
1,0,0,0,0,0,.25,.25,.53143656,0,.15277778,0,0,1,1,.33333334,.5,.023341049,1
1,0,0,0,0,0,.40000001,0,.46868551,0,.11111111,1,.2,.80000001,0,.44444445,.75,.012345679,1
1,1,0,1,0,0,.050000001,0,.83187354,1,.66666669,0,0,.40000001,1,.55555558,.5,.44444448,1
1,0,0,0,0,0,.30000001,0,.82732904,1,.29166666,1,.2,1,1,.55555558,.5,.08506944,1
1,1,0,1,0,0,.5,.25,.9999997,0,.19444445,0,.2,.2,1,0,.25,.037808642,0
1,0,0,0,0,0,.34999999,0,.52589142,1,.34722221,1,.40000001,1,1,1,.75,.12056326,1
1,0,0,0,0,0,.25,.75,.72173643,1,.125,1,.2,1,1,.55555558,.5,.015625,1
1,0,0,0,0,0,,.5,.8029139,1,.625,0,0,.80000001,0,0,.5,.390625,1
1,1,0,1,0,0,.34999999,.25,.59105605,1,.20833333,1,.2,.2,1,.22222222,0,.043402776,0
1,0,0,0,1,0,.34999999,.5,.38559136,1,.30555555,0,0,.80000001,0,.8888889,.25,.093364194,0
0,0,0,0,0,0,.2,0,.57735091,1,.375,1,.40000001,.40000001,1,0,.5,.140625,1
0,1,0,1,0,0,.55000001,1,.70167845,1,.25,1,.60000002,.2,1,.11111111,.25,.0625,0
0,1,0,1,0,0,.2,.25,.62734163,0,.65277779,1,.60000002,1,0,.8888889,1,.42611885,1
0,1,0,1,0,0,.44999999,.5,.73801911,0,.47222221,1,.80000001,.80000001,1,.33333334,.5,.22299382,1
0,1,0,1,0,0,.60000002,.75,.57252806,1,.77777779,1,.80000001,.40000001,1,0,.5,.60493827,1
0,0,0,0,0,0,.60000002,.75,.69108713,0,.3611111,1,.60000002,.2,1,.77777779,.25,.13040122,0
0,0,0,0,0,0,.30000001,1,.60757041,1,.58333331,1,1,.80000001,1,.33333334,.25,.34027776,0
0,1,0,1,0,0,.34999999,.5,.7763021,1,.54166669,1,1,.2,1,.22222222,.25,.29340279,0
0,1,0,1,0,0,.44999999,1,.6756379,1,.4861111,1,0,.40000001,0,0,0,.236304,0
0,1,0,1,0,0,.40000001,.25,.56026292,1,.54166669,1,1,.2,1,.22222222,0,.29340279,0
0,0,0,0,0,0,.5,.5,.72363085,1,.4861111,0,1,.60000002,1,.33333334,0,.236304,0
0,0,0,0,0,0,.40000001,.75,.63965571,1,.3611111,0,.2,.60000002,1,0,.25,.13040122,0
0,0,0,0,0,0,.75,1,.67021859,1,.041666668,0,.60000002,.40000001,1,.11111111,0,.0017361112,0
0,1,0,1,0,0,0,1,.54492539,1,.45833334,1,.80000001,.40000001,1,0,.5,.21006945,1
0,0,0,0,0,0,,1,.65595728,1,.59722221,1,1,.2,1,.22222222,.5,.35667437,1
0,0,0,0,0,0,.55000001,.25,.65143859,1,.22222222,1,1,.2,1,.66666669,.25,.049382716,0
0,0,1,0,0,1,,.25,.61774403,1,.33333334,1,.60000002,.80000001,1,0,.25,.11111112,0
0,1,0,1,0,0,.30000001,.75,.030460104,1,.55555558,0,.40000001,.60000002,1,0,.5,.308642,1
0,0,0,0,0,0,.5,.75,.83583361,1,.2361111,1,.80000001,.2,1,.11111111,.25,.055748455,0
0,0,0,0,0,0,.55000001,.75,.49520537,1,.41666666,0,.80000001,.2,1,.11111111,.5,.1736111,1
1,1,0,1,0,0,,1,.72663575,1,.30555555,1,.40000001,.80000001,1,0,0,.093364194,0
1,1,0,1,0,0,.34999999,.75,.55791116,1,.7361111,0,0,.40000001,1,0,.25,.54185957,0
1,1,0,1,0,0,.44999999,1,.80547857,1,.77777779,1,1,.2,1,0,0,.60493827,0
1,1,0,1,0,0,.25,.75,.3555679,1,.45833334,1,.40000001,.2,1,0,0,.21006945,0
1,1,0,1,0,0,.34999999,.75,.49525827,1,.19444445,1,.2,.40000001,1,0,0,.037808642,0
1,0,0,0,0,0,.2,.5,.50505996,0,.30555555,0,0,.80000001,0,.44444445,.25,.093364194,0
1,0,0,0,0,0,.5,.75,.4742088,1,.34722221,0,.2,.2,1,.33333334,0,.12056326,0
1,0,1,0,0,1,.75,.25,.44961607,0,.2361111,1,.40000001,.60000002,1,.44444445,0,.055748455,0
1,1,0,1,0,0,.40000001,.25,.4366017,1,.2361111,0,.60000002,.40000001,1,0,.5,.055748455,1
1,0,1,0,0,1,.44999999,.5,.42046806,0,.43055555,1,1,1,1,.8888889,.5,.18537809,1
1,0,0,0,0,0,,.25,.32770389,1,.4861111,1,.40000001,1,1,.66666669,0,.236304,0
1,1,0,1,0,0,.34999999,.75,.83128202,1,.68055558,0,.2,.40000001,1,0,.25,.4631559,0
1,0,0,0,0,0,.44999999,.5,.8426165,1,.4861111,1,.40000001,.40000001,1,.11111111,.5,.236304,1
1,0,0,0,0,0,.1,.25,.71560544,1,.52777779,1,1,1,1,.8888889,0,.2785494,0
1,0,0,0,0,0,.5,.75,.081400856,0,.66666669,0,.60000002,1,0,.77777779,.25,.44444448,0
1,0,0,0,0,0,.5,.25,.30956572,0,.2638889,0,.60000002,.80000001,0,0,.75,.069637351,1
1,1,0,1,0,0,.40000001,.5,.73753792,0,.83333331,1,.60000002,1,1,.66666669,.25,.69444442,0
1,0,0,0,0,0,.25,.25,.36451864,1,.31944445,1,.2,.2,1,.44444445,.25,.10204475,0
1,0,0,0,0,0,.30000001,.5,.68561506,1,.3888889,0,.2,.2,1,0,0,.15123457,0
1,0,0,0,0,0,.40000001,0,.52724326,1,.29166666,1,.40000001,1,1,.55555558,.5,.08506944,1
1,0,0,0,1,0,.34999999,.75,.5971185,1,.41666666,1,.60000002,.40000001,1,.66666669,.5,.1736111,1
1,0,0,0,0,0,.55000001,0,.51082563,1,.19444445,0,.40000001,.40000001,1,0,.5,.037808642,1
1,0,1,0,0,1,.34999999,.75,.63029718,1,.30555555,1,.40000001,.40000001,1,.11111111,0,.093364194,0
1,0,0,0,1,0,.40000001,.5,.52037132,1,.11111111,1,1,.2,1,.11111111,0,.012345679,0
1,0,0,0,0,0,.64999998,1,.85411853,1,.44444445,0,.60000002,.40000001,1,.11111111,0,.19753087,0
1,1,0,1,0,0,0,.25,.60416669,1,.18055555,0,.40000001,0,1,.11111111,0,.032600306,0
1,1,0,1,0,0,,.75,.86875504,1,.77777779,0,.2,.2,1,0,0,.60493827,0
1,1,0,1,0,0,.89999998,1,.6722852,1,.4861111,0,.40000001,.2,0,0,.25,.236304,0
1,0,0,0,0,0,,1,.72416967,1,.30555555,1,1,.2,1,.33333334,0,.093364194,0
1,0,0,0,0,0,.5,1,.60269582,0,.069444448,1,1,.40000001,1,.55555558,.5,.0048225312,1
1,0,0,0,0,0,0,.5,.98752075,0,.3888889,0,0,1,0,.66666669,.5,.15123457,1
1,0,0,0,0,0,.5,.75,.43901658,1,.3611111,0,1,1,1,.66666669,0,.13040122,0
1,1,0,1,0,0,.60000002,1,.75007302,1,.45833334,0,.80000001,.80000001,1,.66666669,0,.21006945,0
1,0,0,0,0,0,.40000001,.25,.40713349,0,.15277778,0,0,.40000001,0,0,.5,.023341049,1
1,0,0,0,0,0,.40000001,.25,.44289029,1,.41666666,0,.40000001,.80000001,1,.33333334,.5,.1736111,1
1,0,0,0,0,0,.40000001,.75,.68052888,0,.19444445,0,.2,.60000002,1,0,0,.037808642,0
1,0,1,0,0,1,.60000002,.5,.57688087,0,.4861111,1,1,.60000002,1,.66666669,.5,.236304,1
1,0,0,0,0,0,.050000001,.25,.68135393,1,.097222224,0,.40000001,.40000001,1,.11111111,.5,.0094521604,1
1,0,0,0,0,0,.15000001,.75,.60254186,0,.125,1,0,.40000001,0,0,0,.015625,0
0,1,0,1,0,0,.44999999,.75,.4693279,1,.55555558,0,.2,.2,1,0,.25,.308642,0
1,1,0,1,0,0,.15000001,.75,.76949334,1,.041666668,0,.2,.40000001,1,.11111111,.5,.0017361112,1
1,1,0,1,0,0,.64999998,0,.70932633,1,.45833334,0,0,.40000001,1,.11111111,.25,.21006945,0
1,0,0,0,0,0,,.5,.59137404,1,.40277779,0,.2,.40000001,1,.22222222,0,.16222996,0
1,1,0,1,0,0,.55000001,.25,.77226096,1,.069444448,1,0,.60000002,1,.33333334,1,.0048225312,1
1,0,0,0,0,0,.2,0,.58917218,1,.625,1,.80000001,.80000001,1,.22222222,.25,.390625,0
1,0,1,0,0,1,.44999999,.75,.58490568,0,.11111111,0,.80000001,.60000002,1,0,.75,.012345679,1
1,0,0,0,0,0,.1,.75,.50825649,0,.58333331,1,.60000002,1,1,.44444445,.5,.34027776,1
1,1,0,1,0,0,.30000001,1,.5692566,1,.5,0,0,1,1,0,.25,.25,0
1,0,1,0,0,1,.15000001,.75,.70478392,0,.58333331,1,.60000002,1,1,.44444445,.5,.34027776,1
1,1,0,1,0,0,.5,.75,.23577152,1,.31944445,0,.40000001,.2,1,0,0,.10204475,0
1,0,0,0,0,0,.5,.5,.72901779,1,.19444445,1,.2,.80000001,1,.33333334,.5,.037808642,1
1,0,0,0,0,0,.34999999,1,.39623466,1,.3888889,0,1,.40000001,1,0,0,.15123457,0
1,0,1,0,0,1,,1,.62396526,0,.58333331,1,.40000001,.40000001,1,.22222222,0,.34027776,0
1,1,0,1,0,0,.40000001,0,.41453204,1,.75,0,0,.80000001,1,0,.75,.5625,1
1,1,0,1,0,0,.5,1,.40510601,1,.58333331,0,0,.2,1,0,0,.34027776,0
1,1,0,1,0,0,.30000001,.75,.6591,0,.43055555,0,.80000001,.40000001,1,0,.25,.18537809,0
1,0,0,0,0,0,.25,.5,.21170606,1,.5,0,.2,1,1,.44444445,.5,.25,1
1,1,0,1,0,0,,1,.56354535,1,.29166666,1,1,.40000001,1,.8888889,.5,.08506944,1
0,0,1,0,0,1,.5,.5,.31582135,0,.097222224,1,.60000002,.80000001,0,.44444445,.25,.0094521604,0
0,1,0,1,0,0,.2,.5,.65334398,1,.25,0,.80000001,.40000001,1,0,.25,.0625,0
1,1,0,1,0,0,.5,.5,.68148071,1,.4861111,0,.2,.40000001,1,0,.25,.236304,0
1,0,0,0,0,0,.15000001,1,.15714464,1,.72222221,0,1,.40000001,1,.11111111,0,.5216049,0
1,1,0,1,0,0,.34999999,.75,.55460495,1,.45833334,1,.60000002,.40000001,1,.44444445,.5,.21006945,1
0,1,0,1,0,0,,.75,.12534179,1,.44444445,1,0,1,0,.11111111,.25,.19753087,0
0,0,0,0,0,0,,.75,.80847657,1,.29166666,0,.60000002,.40000001,1,0,0,.08506944,0
0,0,0,0,0,0,.75,0,.68174338,0,.097222224,1,.80000001,.2,1,.22222222,0,.0094521604,0
0,0,0,0,0,0,.30000001,.75,.81457579,1,.55555558,0,.2,.60000002,1,.22222222,.25,.308642,0
0,1,0,1,0,0,.40000001,.25,.59375602,1,.3888889,1,1,.80000001,1,.11111111,.5,.15123457,1
0,0,0,0,0,0,.44999999,.25,.46688581,1,.083333336,0,0,.40000001,1,.11111111,.5,.006944445,1
0,0,0,0,0,0,.1,0,.83752,1,.43055555,1,0,1,1,.66666669,.75,.18537809,1
0,0,0,0,0,0,.30000001,.25,.77323931,1,.2361111,1,0,.80000001,1,.33333334,.25,.055748455,0
0,1,0,1,0,0,.050000001,0,.69606256,1,.56944442,1,.40000001,.60000002,1,.22222222,.25,.32426694,0
0,0,0,0,0,0,.40000001,.75,.52700478,1,.5,1,.80000001,.40000001,1,.77777779,.25,.25,0
0,0,0,0,0,0,.30000001,0,.60870081,1,.6111111,0,1,.40000001,1,0,1,.37345678,1
0,1,0,1,0,0,.2,1,.67963207,1,.30555555,0,.40000001,.40000001,1,.55555558,1,.093364194,1
0,1,0,1,0,0,.5,0,.44923812,1,.18055555,1,1,.80000001,1,.77777779,.5,.032600306,1
0,0,0,0,0,0,.34999999,.75,.65108615,0,.52777779,1,.60000002,.40000001,1,0,0,.2785494,0
0,1,0,1,0,0,.60000002,.5,.81323195,0,.52777779,0,.40000001,0,1,.11111111,.5,.2785494,1
0,0,0,0,0,0,.30000001,0,.475077,1,.4861111,0,0,1,1,.33333334,.75,.236304,1
0,0,0,0,0,0,.5,.5,.54058355,1,.47222221,0,.40000001,.80000001,1,0,.75,.22299382,1
1,0,0,0,0,0,,0,.46502817,0,.069444448,0,.60000002,.80000001,1,.77777779,.75,.0048225312,1
1,1,0,1,0,0,.40000001,.75,.85743678,1,.55555558,1,.80000001,.2,1,.22222222,1,.308642,1
1,1,0,1,0,0,.40000001,0,.66278952,1,.16666667,1,.60000002,.40000001,1,.11111111,0,.02777778,0
1,1,0,1,0,0,.25,.5,.66936147,1,.1388889,1,.40000001,.2,1,.22222222,0,.019290125,0
1,1,0,1,0,0,,1,.83333266,1,.44444445,1,0,.40000001,1,0,0,.19753087,0
1,0,0,0,0,0,.34999999,.25,.49179488,0,.16666667,0,.2,.40000001,1,0,.25,.02777778,0
1,0,0,0,0,0,.34999999,.5,.4286719,1,.65277779,0,1,.60000002,1,0,.25,.42611885,0
1,0,0,0,0,0,,1,.45228183,0,.125,0,.60000002,.2,0,0,0,.015625,0
1,1,0,1,0,0,.5,.5,.59014165,0,.52777779,0,.60000002,0,1,0,0,.2785494,0
1,0,0,0,0,0,.30000001,.25,.72829211,1,.52777779,1,.2,1,1,1,0,.2785494,0
1,0,0,0,0,0,.30000001,.75,.086486883,0,.55555558,0,.80000001,1,1,.55555558,.5,.308642,1
1,0,0,0,0,0,,1,.58056343,1,.11111111,0,0,.40000001,1,.11111111,.25,.012345679,0
1,0,0,0,0,0,.30000001,0,.45718899,1,.3611111,0,.40000001,.80000001,0,0,.25,.13040122,0
1,1,0,1,0,0,.15000001,.75,.71624231,1,.19444445,1,1,.40000001,1,.33333334,.5,.037808642,1
1,1,0,1,0,0,.30000001,.75,.37625775,1,.40277779,0,0,1,0,,.25,.16222996,0
1,0,0,0,0,0,.2,.5,.65091646,0,.44444445,1,1,.60000002,1,.11111111,.5,.19753087,1
1,0,0,0,0,0,,.5,.87583411,1,.31944445,1,.80000001,.2,1,,0,.10204475,0
1,0,0,0,0,0,.60000002,1,.65950334,1,.41666666,1,0,.2,1,0,.25,.1736111,0
1,1,0,1,0,0,.30000001,.5,.70277077,0,.70833331,1,0,.40000001,1,.22222222,.25,.5017361,0
1,0,0,0,0,0,.25,.25,.74460381,0,.43055555,0,.2,.2,1,.11111111,0,.18537809,0
1,0,1,0,0,1,.30000001,.5,.39093009,0,.59722221,0,.60000002,.80000001,1,.11111111,.25,.35667437,0
1,1,0,1,0,0,.44999999,.25,.69876772,1,.66666669,1,.2,.80000001,1,.44444445,.5,.44444448,1
1,1,0,1,0,0,.2,1,.34227854,1,.19444445,1,.60000002,.40000001,1,.22222222,.25,.037808642,0
1,1,0,1,0,0,.89999998,.75,.71814203,0,.34722221,0,.80000001,.40000001,1,.11111111,.25,.12056326,0
1,0,0,0,0,0,,.75,.75781542,1,.44444445,0,.40000001,.40000001,1,.11111111,.5,.19753087,1
1,1,0,1,0,0,.40000001,1,.68866879,1,.20833333,1,1,.2,1,0,0,.043402776,0
0,1,0,1,0,0,.34999999,.75,.78007436,1,.7638889,0,1,.80000001,1,0,.25,.58352625,0
0,1,0,1,0,0,.34999999,.5,.55177814,1,.7361111,1,.80000001,.40000001,1,.11111111,.25,.54185957,0
0,0,1,0,0,1,.1,1,.34522098,0,.40277779,1,.60000002,.80000001,1,.22222222,0,.16222996,0
0,0,0,0,0,0,.25,.5,.50602365,1,.375,1,.2,.2,1,.11111111,.75,.140625,1
0,0,0,0,0,0,.5,.75,.38378081,0,.25,0,0,.2,1,.22222222,0,.0625,0
0,1,0,1,0,0,.34999999,.25,.58073139,1,.6111111,0,0,1,1,.11111111,.5,.37345678,1
0,0,0,0,0,0,.5,.75,.73803568,0,.45833334,1,.40000001,.40000001,1,.22222222,0,.21006945,0
0,0,0,0,0,0,.25,0,.54367828,1,.45833334,1,.60000002,.2,1,.55555558,.5,.21006945,1
0,0,0,0,0,0,.25,.5,.57721072,0,.33333334,1,.60000002,.80000001,1,0,.25,.11111112,0
0,1,0,1,0,0,.75,.75,.75810903,1,.69444442,1,.2,.2,1,.33333334,0,.48225304,0
0,1,0,1,0,0,0,.5,.38037863,0,.5138889,1,.2,.40000001,1,.11111111,.5,.26408181,1
0,1,0,1,0,0,.69999999,1,.76517767,1,.6388889,1,1,.2,1,0,0,.40817901,0
0,0,0,0,0,0,.25,.25,.67005408,1,.5,1,.80000001,.80000001,1,.33333334,.5,.25,1
1,1,0,1,0,0,.30000001,0,.38000339,0,.81944442,1,1,1,1,.44444445,1,.67148918,1
1,0,0,0,0,0,.25,0,.63920707,1,.45833334,0,.80000001,.80000001,1,1,0,.21006945,0
1,1,0,1,0,0,.80000001,1,.61443758,0,.66666669,1,.60000002,.80000001,1,.66666669,.25,.44444448,0
1,0,0,0,1,0,.15000001,0,.56180733,1,.59722221,0,0,.40000001,0,.22222222,0,.35667437,0
1,1,0,1,0,0,.25,.25,.55199546,1,.4861111,0,0,.60000002,0,.11111111,.25,.236304,0
1,0,1,0,0,1,.1,.5,.49950543,0,.44444445,1,0,.80000001,0,.8888889,.5,.19753087,1
0,1,0,1,0,0,.5,.5,.74101639,0,.59722221,0,.2,.2,1,0,.5,.35667437,1
1,0,0,0,0,0,.44999999,.75,.27393675,0,.66666669,0,.40000001,.60000002,1,.11111111,0,.44444448,0
1,0,0,0,0,0,.44999999,.25,.35785905,1,.4861111,1,.60000002,.40000001,0,1,.5,.236304,1
1,0,0,0,0,0,,0,.71278846,0,.55555558,1,.40000001,1,1,.8888889,.75,.308642,1
1,0,0,0,0,0,.34999999,.25,.46102223,0,.5,0,.2,.60000002,1,.22222222,.5,.25,1
1,0,0,0,0,0,.69999999,.75,.64294291,0,.625,1,.2,.60000002,1,.11111111,0,.390625,0
1,1,0,1,0,0,.34999999,.5,.47717464,1,.66666669,0,.60000002,.40000001,1,.11111111,0,.44444448,0
1,1,0,1,0,0,.40000001,.75,.65559566,0,.58333331,1,0,1,1,.55555558,0,.34027776,0
1,1,0,1,0,0,.44999999,1,.51031798,1,.19444445,0,1,.60000002,1,0,.25,.037808642,0
1,1,0,1,0,0,.25,0,.55585736,1,.6388889,0,.40000001,1,1,.11111111,.5,.40817901,1
1,1,0,1,0,0,.30000001,.5,.65066433,1,.16666667,1,.2,.40000001,1,.44444445,.25,.02777778,0
1,1,0,1,0,0,.34999999,.5,.51949769,1,.40277779,1,.2,.2,1,.55555558,.25,.16222996,0
1,0,0,0,0,0,.69999999,1,.72687894,0,.20833333,0,.60000002,.80000001,1,0,0,.043402776,0
1,1,0,1,0,0,.40000001,.5,.68119508,1,.59722221,0,.40000001,.40000001,1,.11111111,1,.35667437,1
1,1,0,1,0,0,.2,.75,.60674143,0,.7361111,0,0,.40000001,1,0,0,.54185957,0
1,0,0,0,1,0,.34999999,.25,.17174678,1,.5,0,0,1,0,.33333334,0,.25,0
1,0,0,0,0,0,.40000001,.75,.68706566,0,.56944442,0,.2,.40000001,0,.11111111,.5,.32426694,1
1,0,1,0,0,1,,.75,.49915427,1,.30555555,1,.2,.60000002,0,.44444445,.25,.093364194,0
1,0,0,0,0,0,.40000001,.25,.509067,1,.55555558,1,1,1,1,.55555558,.25,.308642,0
1,0,1,0,0,1,,.75,.53529662,1,.027777778,0,.60000002,.40000001,1,0,0,.00077160494,0
1,1,0,1,0,0,.44999999,1,.53619373,1,.55555558,1,.60000002,.2,1,.11111111,0,.308642,0
1,0,0,0,0,0,.25,0,.83364207,1,.2361111,0,.40000001,.80000001,1,0,0,.055748455,0
1,0,0,0,0,0,.2,.75,.59437299,0,.7361111,0,.60000002,.40000001,1,.22222222,.25,.54185957,0
1,0,0,0,0,0,.40000001,1,.62926698,1,.5,1,.60000002,.80000001,0,.55555558,0,.25,0
1,0,0,0,0,0,.5,.5,.7336238,0,.125,1,.80000001,.80000001,0,.33333334,.5,.015625,1
1,0,0,0,0,0,.5,.5,.71769941,0,.30555555,1,.60000002,.2,1,.44444445,0,.093364194,0
1,1,0,1,0,0,.69999999,.75,.79335529,0,.75,1,1,1,1,.55555558,0,.5625,0
1,1,0,1,0,0,.30000001,.75,.74584055,0,.77777779,1,.80000001,.80000001,1,.22222222,0,.60493827,0
1,1,0,1,0,0,.44999999,.75,.77289313,0,.375,0,1,.80000001,1,0,.25,.140625,0
1,0,0,0,0,0,0,0,.46529979,1,.34722221,0,0,.40000001,1,.22222222,0,.12056326,0
1,1,0,1,0,0,.5,.75,.8255235,0,.41666666,0,1,.60000002,0,.55555558,0,.1736111,0
1,0,0,0,0,0,.25,1,.84903568,1,.33333334,0,.40000001,.2,1,0,0,.11111112,0
1,0,0,0,0,0,.34999999,0,.137986,1,.5138889,1,0,.40000001,1,.44444445,0,.26408181,0
1,0,0,0,0,0,.2,1,.86376584,1,.52777779,1,.40000001,.40000001,1,.77777779,0,.2785494,0
1,1,0,1,0,0,.34999999,.75,.43299201,0,.6111111,1,.40000001,.80000001,0,.66666669,.5,.37345678,1
1,1,0,1,0,0,.25,0,.46689779,1,.20833333,1,.40000001,.80000001,1,.55555558,.75,.043402776,1
1,1,0,1,0,0,.64999998,.5,.40354091,0,.94444442,0,0,.80000001,1,.66666669,.75,.89197528,1
1,0,0,0,0,0,.34999999,0,.72319382,1,.72222221,1,.2,1,1,.44444445,.5,.5216049,1
1,0,0,0,0,0,,1,.53927374,0,.6388889,0,1,1,1,1,.5,.40817901,1
1,1,0,1,0,0,.40000001,.5,.78345376,0,.84722221,0,.80000001,1,1,.22222222,.5,.71778548,1
1,0,0,0,0,0,.44999999,.5,.76273149,1,.47222221,1,0,.80000001,1,.55555558,0,.22299382,0
1,0,0,0,0,0,.5,.25,.51665872,0,.1388889,0,0,.80000001,1,.11111111,0,.019290125,0
1,1,0,1,0,0,.55000001,0,.37299627,0,.56944442,1,1,1,1,.8888889,0,.32426694,0
1,1,0,1,0,0,.050000001,0,.71981686,1,.11111111,1,.2,0,1,0,.25,.012345679,0
1,1,0,1,0,0,.34999999,.5,.78951162,1,.16666667,0,.60000002,.80000001,1,0,.25,.02777778,0
1,1,0,1,0,0,.40000001,.25,.79078919,1,.68055558,1,.60000002,.40000001,1,.66666669,.25,.4631559,0
1,0,0,0,0,0,.40000001,.5,.62507975,1,.54166669,0,.2,.2,1,.22222222,.25,.29340279,0
1,0,0,0,0,0,.30000001,.75,.37277523,1,.59722221,1,1,.40000001,1,.22222222,0,.35667437,0
1,0,0,0,0,0,.5,.25,.55550832,1,.45833334,0,.2,.60000002,1,.22222222,.25,.21006945,0
1,1,0,1,0,0,.34999999,0,.77969652,1,.34722221,1,.2,.40000001,1,.66666669,.5,.12056326,1
1,1,0,1,0,0,.5,1,.41849855,1,.625,0,.40000001,.80000001,1,0,.25,.390625,0
1,0,0,0,0,0,.30000001,.5,.61877167,1,.25,1,0,.40000001,1,0,.5,.0625,1
1,0,0,0,0,0,,.5,.74390179,1,.6111111,1,0,.40000001,1,.44444445,.25,.37345678,0
1,1,0,1,0,0,.5,.5,.61437577,1,.69444442,0,.2,.2,1,0,.5,.48225304,1
1,1,0,1,0,0,.25,.5,.47709078,1,.34722221,0,.40000001,.60000002,0,0,1,.12056326,1
1,1,0,1,0,0,.2,0,.53907865,0,.013888889,0,.40000001,.40000001,1,,0,.00019290124,0
1,1,0,1,0,0,.5,1,.65825313,1,.40277779,0,1,.40000001,1,.11111111,.25,.16222996,0
1,0,0,0,0,0,.64999998,.75,.7413314,1,.5138889,0,0,.2,0,.11111111,0,.26408181,0
1,1,0,1,0,0,.34999999,.25,.74957508,1,.70833331,1,.60000002,.40000001,1,.66666669,0,.5017361,0
1,0,0,0,0,0,,0,.59262693,1,.19444445,0,.40000001,.40000001,0,.33333334,0,.037808642,0
1,1,0,1,0,0,.30000001,.75,.54238856,1,.7361111,0,0,1,0,0,0,.54185957,0
1,0,1,0,0,1,.30000001,.25,.55472416,0,.34722221,0,.2,.40000001,1,.55555558,.25,.12056326,0
1,1,0,1,0,0,0,.5,.16486391,0,.1388889,0,.2,.60000002,1,0,.75,.019290125,1
1,1,0,1,0,0,,.5,.47976539,1,.44444445,0,0,.40000001,1,0,.75,.19753087,1
1,1,0,1,0,0,0,0,.56713843,0,.56944442,0,0,.80000001,1,.55555558,.75,.32426694,1
1,1,0,1,0,0,.5,.5,.50881809,0,.6111111,1,0,.80000001,1,.77777779,1,.37345678,1
1,0,0,0,0,0,.050000001,.5,.68964845,1,.29166666,0,0,1,1,.33333334,0,.08506944,0
1,0,0,0,0,0,.34999999,1,.68188757,0,.40277779,1,.40000001,.40000001,1,.55555558,0,.16222996,0
1,1,0,1,0,0,.1,.75,.46361798,0,.56944442,1,.40000001,.40000001,0,.44444445,.5,.32426694,1
1,1,0,1,0,0,.050000001,.75,.61216134,0,.65277779,1,0,1,1,.44444445,.25,.42611885,0
1,0,0,0,0,0,,0,.5223006,1,.65277779,1,.60000002,.80000001,1,.44444445,.25,.42611885,0
1,1,0,1,0,0,.5,.75,.60590965,1,.6388889,1,.60000002,.40000001,1,.77777779,.5,.40817901,1
1,1,0,1,0,0,.30000001,1,.54818696,0,.54166669,0,.80000001,.80000001,1,.11111111,.25,.29340279,0
1,1,0,1,0,0,.69999999,.5,.5982185,1,.31944445,0,0,.80000001,1,.22222222,0,.10204475,0
1,0,0,0,0,0,.30000001,0,.67900419,1,.55555558,0,0,1,1,.33333334,.25,.308642,0
1,0,0,0,1,0,.34999999,0,.50249064,1,.22222222,0,.40000001,1,1,.33333334,0,.049382716,0
1,0,0,0,0,0,.2,.25,.18245766,1,.11111111,1,.2,.2,1,.22222222,.5,.012345679,1
1,0,0,0,0,0,.34999999,.25,.65770322,1,.5138889,0,.40000001,.2,0,0,.25,.26408181,0
1,0,0,0,0,0,.5,.25,.64185703,1,.2638889,0,.40000001,.60000002,1,.11111111,.25,.069637351,0
1,0,0,0,0,0,.40000001,.25,.64085007,0,.47222221,1,1,.2,1,.66666669,.5,.22299382,1
1,0,1,0,0,1,.60000002,.75,.59619826,1,.33333334,1,.40000001,1,1,.66666669,0,.11111112,0
1,0,0,0,0,0,,0,.28982341,0,.45833334,0,.40000001,.80000001,1,.11111111,.5,.21006945,1
1,1,0,1,0,0,.5,1,.74648756,1,.45833334,0,.80000001,1,1,.55555558,0,.21006945,0
1,0,0,0,0,0,.44999999,.5,.5132339,0,.68055558,1,.80000001,.80000001,1,1,.25,.4631559,0
1,1,0,1,0,0,,.5,.51416606,1,.4861111,1,.2,.40000001,1,.77777779,.5,.236304,1
1,0,0,0,0,0,.30000001,.5,.73912507,0,.34722221,1,.80000001,.40000001,1,.55555558,.25,.12056326,0
1,1,0,1,0,0,.5,.75,.50908911,1,.52777779,1,.40000001,.40000001,1,.77777779,0,.2785494,0
1,1,0,1,0,0,.2,.5,.65912813,1,.72222221,0,.40000001,1,1,.33333334,.75,.5216049,1
1,0,0,0,0,0,0,0,.26726601,1,.20833333,1,.40000001,.80000001,0,0,.5,.043402776,1
1,0,0,0,0,0,.5,.5,.62200701,0,.375,1,.60000002,1,1,.66666669,.5,.140625,1
1,0,0,0,0,0,.40000001,.5,.75320029,1,.6111111,1,.2,.2,1,0,0,.37345678,0
1,1,0,1,0,0,.25,1,.63341278,0,.16666667,0,.60000002,.40000001,1,0,0,.02777778,0
1,0,0,0,0,0,.34999999,.5,.83781862,1,.1388889,0,.80000001,.40000001,1,0,.25,.019290125,0
1,0,0,0,0,0,.25,.5,.58834386,0,.55555558,1,.40000001,.40000001,1,.66666669,0,.308642,0
1,1,0,1,0,0,.25,.75,.3186025,0,.43055555,0,.40000001,.2,1,.77777779,0,.18537809,0
1,0,0,0,0,0,.40000001,0,.66599488,0,.69444442,1,.40000001,1,1,1,.75,.48225304,1
1,1,0,1,0,0,.5,.75,.73982799,0,.083333336,1,.40000001,.40000001,1,.11111111,0,.006944445,0
1,0,0,0,0,0,.40000001,0,.46867275,0,.47222221,0,0,.80000001,1,.66666669,.5,.22299382,1
1,0,1,0,0,1,.5,1,.81718719,0,.59722221,1,.40000001,.60000002,1,.8888889,0,.35667437,0
1,0,0,0,0,0,.64999998,1,.6217531,1,.43055555,0,.60000002,.60000002,1,.11111111,.75,.18537809,1
1,1,0,1,0,0,0,1,.62260622,1,.59722221,0,.60000002,.80000001,1,0,0,.35667437,0
1,1,0,1,0,0,.40000001,.5,.56097019,1,.375,1,.40000001,.40000001,1,.44444445,0,.140625,0
1,1,0,1,0,0,.30000001,1,.68804055,1,.4861111,1,1,.40000001,1,.66666669,.25,.236304,0
1,0,0,0,0,0,.30000001,0,.63248533,1,.43055555,0,.60000002,.80000001,1,.77777779,.25,.18537809,0
1,0,0,0,0,0,.40000001,.25,.61607867,1,.4861111,1,0,.40000001,1,.22222222,.5,.236304,1
1,1,0,1,0,0,.30000001,0,.53048331,1,.55555558,0,0,.60000002,1,.33333334,.5,.308642,1
1,0,0,0,0,0,.25,.75,.61478949,1,.027777778,0,.40000001,.40000001,0,0,.25,.00077160494,0
1,1,0,1,0,0,.25,.5,.54984784,1,.33333334,1,1,.80000001,1,.77777779,.5,.11111112,1
1,1,0,1,0,0,.25,0,.27164838,1,.3888889,1,.60000002,1,1,.66666669,.75,.15123457,1
1,1,0,1,0,0,.15000001,.25,.89348018,0,.43055555,1,1,1,0,1,0,.18537809,0
1,0,0,0,0,0,.44999999,.75,.63911128,0,.43055555,0,.2,1,1,.55555558,0,.18537809,0
1,0,0,0,0,0,.30000001,0,.617019,0,.70833331,1,0,.40000001,1,.11111111,.5,.5017361,1
1,1,0,1,0,0,.69999999,.5,.52203453,0,.027777778,0,1,.2,0,,1,.00077160494,1
1,1,0,1,0,0,.15000001,.75,.82958096,1,.43055555,1,.80000001,.2,1,.44444445,.25,.18537809,0
0,0,0,0,0,0,.30000001,.75,.37466082,1,.54166669,1,0,.2,1,.77777779,0,.29340279,0
0,1,0,1,0,0,.34999999,1,.63698274,1,.4861111,0,.40000001,.2,1,0,0,.236304,0
0,1,0,1,0,0,.25,.5,.27551568,1,.3611111,1,.2,.40000001,1,.33333334,0,.13040122,0
0,1,0,1,0,0,.25,.25,.51920569,1,.56944442,0,0,1,1,.44444445,1,.32426694,1
0,1,0,1,0,0,,.5,.66020131,1,.16666667,1,.80000001,.40000001,1,.22222222,.5,.02777778,1
0,1,0,1,0,0,.25,1,.72355175,0,.625,1,.80000001,.80000001,1,.33333334,0,.390625,0
0,1,0,1,0,0,.25,.75,.33579454,1,.55555558,0,.2,.2,1,0,.25,.308642,0
0,1,0,1,0,0,.25,1,.486606,0,.47222221,1,.60000002,.2,1,0,0,.22299382,0
0,1,0,1,0,0,,.25,.38359812,1,.3611111,0,.60000002,0,1,0,0,.13040122,0
0,1,0,1,0,0,.40000001,1,.56645292,1,.43055555,1,.60000002,.2,1,0,0,.18537809,0
0,0,0,0,0,0,.15000001,.75,.60434234,1,.027777778,0,.40000001,.2,1,0,.25,.00077160494,0
0,1,0,1,0,0,.44999999,1,.43710789,0,.45833334,1,.60000002,.40000001,1,.22222222,0,.21006945,0
0,0,0,0,0,0,0,0,.3627528,1,.40277779,0,1,.40000001,1,0,.25,.16222996,0
0,0,0,0,0,0,.25,.5,.50201088,1,.19444445,0,.40000001,.40000001,1,0,.5,.037808642,1
0,0,0,0,0,0,.34999999,.5,.50685847,1,.3888889,1,0,.80000001,1,.22222222,.25,.15123457,0
0,1,0,1,0,0,,.75,.70615184,0,.6388889,0,.40000001,.2,1,0,.25,.40817901,0
0,0,0,0,0,0,.5,.5,.80944026,1,.097222224,0,0,.80000001,1,0,.75,.0094521604,1
0,0,0,0,0,0,.5,0,.61090785,1,.6111111,0,1,.80000001,1,0,.5,.37345678,1
0,1,0,1,0,0,.40000001,.25,.78414744,0,.54166669,0,0,.60000002,1,.11111111,.5,.29340279,1
0,0,0,0,0,0,.5,.5,.80951262,1,.40277779,0,0,.60000002,1,.11111111,0,.16222996,0
0,1,0,1,0,0,.30000001,.25,.81696588,1,.31944445,1,.2,.40000001,1,.55555558,.5,.10204475,1
0,0,0,0,0,0,.55000001,.5,.54153544,1,.4861111,1,.40000001,.40000001,1,,0,.236304,0
0,1,0,1,0,0,,1,.42822441,1,.6388889,0,.60000002,.40000001,1,.11111111,.5,.40817901,1
0,1,0,1,0,0,.5,.5,.7448464,0,.2638889,0,.60000002,.40000001,1,.11111111,.25,.069637351,0
0,1,0,1,0,0,.30000001,.5,.54342127,1,.58333331,1,0,.2,1,0,.5,.34027776,1
0,1,0,1,0,0,,.5,.48434401,1,.11111111,0,.60000002,.2,1,0,1,.012345679,1
0,1,0,1,0,0,.34999999,.75,.47838393,1,.3611111,1,.60000002,.80000001,1,.55555558,.25,.13040122,0
0,1,0,1,0,0,.34999999,.75,.76647282,1,.69444442,1,.60000002,.40000001,1,.44444445,0,.48225304,0
0,0,0,0,0,0,.34999999,.5,.77509612,1,.22222222,1,.40000001,.40000001,1,.44444445,0,.049382716,0
0,0,0,0,0,0,.5,.5,.66523594,1,.22222222,0,.2,.2,1,0,0,.049382716,0
0,1,0,1,0,0,.44999999,.25,.84603071,0,.75,0,.80000001,.80000001,1,.22222222,.5,.5625,1
0,0,0,0,0,0,.5,.5,.68863869,0,.41666666,1,.40000001,.80000001,1,0,.25,.1736111,0
0,0,0,0,0,0,.2,.5,.74012321,0,.34722221,0,.2,.40000001,0,.11111111,1,.12056326,1
0,0,1,0,0,1,.34999999,.5,.46690339,1,.2638889,1,.40000001,.40000001,1,.33333334,0,.069637351,0
0,0,0,0,0,0,.40000001,0,.63712406,1,.45833334,1,0,1,1,.55555558,.75,.21006945,1
0,0,0,0,0,0,.25,.75,.71884865,1,.375,0,.80000001,.40000001,1,.55555558,0,.140625,0
0,1,0,1,0,0,.050000001,.75,.67743921,1,.75,1,0,.60000002,1,.55555558,.75,.5625,1
0,0,0,0,1,0,.5,.5,.60499287,1,.52777779,1,.60000002,.40000001,1,.44444445,.25,.2785494,0
0,1,0,1,0,0,.34999999,0,.50267023,1,.16666667,1,0,.40000001,1,.44444445,.25,.02777778,0
0,0,0,0,0,0,.5,0,.53299767,0,.33333334,1,.2,.80000001,1,.66666669,.5,.11111112,1
0,1,0,1,0,0,.050000001,.25,.56076968,1,.44444445,0,.2,.60000002,1,.11111111,.5,.19753087,1
0,0,0,0,0,0,.40000001,.75,.74296427,0,.56944442,0,.2,.40000001,1,.22222222,0,.32426694,0
0,1,0,1,0,0,,1,.48427579,1,.44444445,0,.2,.2,1,0,.25,.19753087,0
0,1,0,1,0,0,.34999999,1,.73391974,1,.7638889,0,1,.40000001,1,0,0,.58352625,0
0,1,0,1,0,0,.5,.5,.80985814,1,.5,1,0,0,1,0,.25,.25,0
0,1,0,1,0,0,.34999999,.25,.74528813,1,.47222221,1,0,.2,1,.22222222,0,.22299382,0
0,0,0,0,0,0,.44999999,.25,.53992492,1,.5,1,.2,.60000002,1,.44444445,.25,.25,0
0,1,0,1,0,0,,1,.7878893,1,.625,1,.60000002,.40000001,1,.11111111,0,.390625,0
0,1,0,1,0,0,.2,0,.67169333,1,.4861111,1,.2,.40000001,1,.55555558,.75,.236304,1
0,1,0,1,0,0,,.25,.81588304,1,.6111111,1,.40000001,.60000002,1,.22222222,0,.37345678,0
0,1,0,1,0,0,.44999999,1,.60324013,0,.29166666,1,1,.2,1,.44444445,.5,.08506944,1
0,1,0,1,0,0,.050000001,.5,.51870501,0,.6111111,1,.60000002,.80000001,1,.55555558,1,.37345678,1
0,1,0,1,0,0,,.25,.63202131,0,.72222221,1,.60000002,.40000001,1,0,0,.5216049,0
0,1,0,1,0,0,.5,.75,.5673179,0,.79166669,0,.60000002,.40000001,1,0,0,.62673616,0
0,0,0,0,0,0,.60000002,.5,.5823617,1,.1388889,1,.80000001,.40000001,1,.44444445,0,.019290125,0
0,1,0,1,0,0,.25,.25,.59297156,0,.69444442,1,0,1,1,.44444445,.5,.48225304,1
0,0,0,0,0,0,.5,1,.25221205,0,.59722221,1,.80000001,.40000001,1,.33333334,.25,.35667437,0
0,0,0,0,0,0,.30000001,.5,.78521848,1,.43055555,1,.40000001,.40000001,1,.33333334,.75,.18537809,1
0,0,0,0,0,0,.80000001,.75,.90872848,1,.54166669,0,.80000001,.40000001,1,0,0,.29340279,0
0,1,0,1,0,0,.30000001,.75,.58899188,1,.29166666,1,.60000002,.60000002,0,.44444445,0,.08506944,0
0,1,0,1,0,0,.60000002,.25,.61302853,1,.34722221,1,.2,.2,1,.22222222,.25,.12056326,0
0,0,0,0,0,0,.30000001,.75,.74879903,1,.66666669,0,0,.80000001,1,0,0,.44444448,0
0,1,0,1,0,0,.5,.75,.65603912,0,.55555558,1,.40000001,.60000002,1,.55555558,.25,.308642,0
0,1,0,1,0,0,.25,.5,.26446918,1,.45833334,0,.2,.40000001,1,0,.25,.21006945,0
0,1,0,1,0,0,.44999999,1,.68449587,1,.54166669,0,1,.40000001,0,0,0,.29340279,0
0,1,0,1,0,0,0,1,.58570111,1,.15277778,0,.40000001,0,1,0,0,.023341049,0
0,1,0,1,0,0,0,0,.45807245,1,.125,0,.40000001,.40000001,1,.11111111,.75,.015625,1
0,1,0,1,0,0,0,0,.81265032,1,.18055555,0,1,.80000001,1,.11111111,.25,.032600306,0
0,1,0,1,0,0,.60000002,1,.77836448,1,.47222221,0,.60000002,.2,1,.11111111,0,.22299382,0
0,0,0,0,0,0,.60000002,.75,.8261587,1,.29166666,1,.2,.2,1,.22222222,.25,.08506944,0
0,0,0,0,0,0,.44999999,.25,.62124497,1,.30555555,0,.40000001,.2,1,0,.25,.093364194,0
0,1,0,1,0,0,.1,0,.59473664,1,.3611111,0,.40000001,.40000001,1,,.25,.13040122,0
0,1,0,1,0,0,.69999999,.75,.64783239,1,.2638889,1,.60000002,.40000001,1,0,.5,.069637351,1
0,1,0,1,0,0,.34999999,.75,.31548569,0,.68055558,1,.60000002,.40000001,1,0,.5,.4631559,1
0,1,0,1,0,0,1,.5,.62085623,1,.2638889,1,.60000002,.40000001,1,0,.5,.069637351,1
0,1,0,1,0,0,.40000001,1,.58371401,1,.30555555,1,1,.40000001,1,.44444445,0,.093364194,0
0,0,0,0,0,0,,1,.8300513,0,.41666666,0,.2,.40000001,1,0,0,.1736111,0
0,0,0,0,0,0,0,.25,.61159074,1,.3888889,0,0,1,1,.77777779,.5,.15123457,1
0,0,0,0,0,0,,0,.47767535,1,.5138889,1,.80000001,.2,1,.11111111,0,.26408181,0
0,0,0,0,0,0,.5,.5,.73951167,0,.56944442,1,0,.40000001,1,.55555558,.25,.32426694,0
0,1,0,1,0,0,.40000001,1,.45277172,1,.43055555,1,1,.80000001,1,0,0,.18537809,0
0,0,0,0,0,0,.25,.75,.70865738,1,.54166669,1,.40000001,.2,1,.11111111,1,.29340279,1
0,0,0,0,0,0,,1,.5350607,1,.30555555,0,.40000001,.2,1,0,0,.093364194,0
0,1,0,1,0,0,,.5,.81844348,0,.91666669,0,1,.80000001,1,.66666669,.5,.84027779,1
0,0,0,0,0,0,.5,.75,.52332205,1,.43055555,1,1,.40000001,1,.11111111,.25,.18537809,0
0,1,0,1,0,0,.44999999,.5,.62941098,1,.027777778,0,1,.40000001,1,,.25,.00077160494,0
0,1,0,1,0,0,.25,.5,.44334942,1,.6111111,1,1,.80000001,1,.55555558,.75,.37345678,1
0,0,0,0,0,0,.5,.5,.43361598,1,.22222222,0,0,.80000001,1,0,0,.049382716,0
0,0,0,0,0,0,.5,1,.77772129,1,.31944445,1,.80000001,.40000001,1,.11111111,.25,.10204475,0
0,0,0,0,0,0,.050000001,.5,.78838706,1,.43055555,1,1,.60000002,1,.11111111,0,.18537809,0
0,1,0,1,0,0,.30000001,.5,.37717789,0,.625,1,0,.80000001,0,.22222222,.5,.390625,1
0,1,0,1,0,0,.1,0,.42785516,0,.15277778,0,.2,.40000001,1,0,.5,.023341049,1
0,0,0,0,0,0,.2,.5,.23813644,1,.56944442,1,1,1,1,.8888889,.5,.32426694,1
0,0,0,0,0,0,.85000002,.5,.82662934,1,.34722221,1,.60000002,.2,1,.77777779,.5,.12056326,1
0,1,0,1,0,0,0,.25,.63018048,1,.31944445,1,.60000002,.2,1,0,0,.10204475,0
0,0,0,0,0,0,.30000001,.25,.63787907,0,.65277779,1,.80000001,.80000001,1,.77777779,.25,.42611885,0
0,1,0,1,0,0,.1,1,.75151139,1,.6388889,1,.2,.40000001,1,1,0,.40817901,0
0,1,0,1,0,0,.55000001,1,.59340578,1,.11111111,1,.60000002,.60000002,1,0,0,.012345679,0
0,1,0,1,0,0,.34999999,.75,.53010559,1,.1388889,1,0,0,1,0,1,.019290125,1
0,1,0,1,0,0,.44999999,.75,.46533659,1,.58333331,1,.60000002,.2,1,0,0,.34027776,0
0,0,0,0,0,0,.44999999,.5,.37455362,1,.31944445,1,.40000001,.80000001,1,.11111111,.75,.10204475,1
0,1,0,1,0,0,.15000001,1,.65267068,1,.65277779,1,.60000002,.40000001,1,.11111111,0,.42611885,0
0,1,0,1,0,0,.40000001,.5,.56421691,1,.6388889,1,1,0,1,0,.25,.40817901,0
0,0,0,0,0,0,.40000001,.75,.54189581,1,.52777779,1,.80000001,1,1,.77777779,.5,.2785494,1
0,1,0,1,0,0,.34999999,1,.7064569,1,.375,1,.60000002,.40000001,1,.44444445,0,.140625,0
0,1,0,1,0,0,.64999998,1,.61019319,1,.5,1,.80000001,.40000001,1,.33333334,0,.25,0
0,0,0,0,0,0,.2,.75,.42502668,1,.25,1,.80000001,.80000001,0,.77777779,0,.0625,0
0,0,0,0,0,0,.44999999,.5,.28549176,1,.58333331,0,.2,.2,1,0,0,.34027776,0
0,0,0,0,0,0,.30000001,.5,.74618226,1,.45833334,0,1,.2,1,.55555558,0,.21006945,0
0,1,0,1,0,0,.5,0,.93145633,1,.65277779,0,.40000001,.60000002,1,0,.25,.42611885,0
0,0,0,0,0,0,.85000002,.75,.53796655,0,.44444445,1,1,.60000002,1,.55555558,0,.19753087,0
0,1,0,1,0,0,.2,.25,.5257917,1,.52777779,0,1,.60000002,1,0,0,.2785494,0
0,1,0,1,0,0,.30000001,.5,.37668887,1,.54166669,0,.40000001,.2,1,0,.25,.29340279,0
0,0,0,0,0,0,.40000001,1,.37283167,1,.15277778,1,.60000002,.40000001,0,.11111111,1,.023341049,1
0,1,0,1,0,0,.40000001,.25,.49644375,0,.013888889,0,.2,.40000001,1,,.75,.00019290124,1
0,0,0,0,0,0,.80000001,1,.78304487,0,.5138889,1,.60000002,.40000001,1,0,0,.26408181,0
0,1,0,1,0,0,.2,1,.53950626,1,.75,0,.60000002,.40000001,1,0,0,.5625,0
0,0,1,0,0,1,.40000001,.25,.68007082,0,.65277779,1,1,.40000001,1,.55555558,.25,.42611885,0
0,1,0,1,0,0,.55000001,1,.60287869,1,.097222224,0,1,.2,1,0,.5,.0094521604,1
1,0,0,0,0,0,,0,.33086434,1,.22222222,1,0,.60000002,1,.55555558,.25,.049382716,0
1,1,0,1,0,0,.34999999,.5,.57327098,1,.4861111,0,0,.40000001,1,.11111111,.5,.236304,1
1,1,0,1,0,0,,1,.38471147,1,.083333336,0,.40000001,.80000001,0,.11111111,.5,.006944445,1
1,1,0,1,0,0,.40000001,.25,.71322769,1,.4861111,1,1,.80000001,1,1,.5,.236304,1
1,0,0,0,0,0,,1,.57475334,1,.5138889,1,.80000001,.80000001,1,.77777779,0,.26408181,0
1,1,0,1,0,0,.40000001,.5,.8538996,1,.75,1,.40000001,.40000001,1,.11111111,.25,.5625,0
1,0,0,0,0,0,.25,0,.79676861,1,.58333331,1,.40000001,.40000001,1,.66666669,.5,.34027776,1
1,1,0,1,0,0,.55000001,.25,.83103973,0,.027777778,0,.60000002,.2,0,,.75,.00077160494,1
1,0,1,0,0,1,.55000001,0,.46901953,0,.30555555,1,1,.40000001,0,.33333334,.5,.093364194,1
1,0,0,0,1,0,.34999999,.25,.52086669,0,.66666669,1,.2,1,1,1,1,.44444448,1
1,1,0,1,0,0,.5,0,.41460091,0,.041666668,0,.80000001,.60000002,0,0,1,.0017361112,1
1,0,0,0,0,0,.25,0,.41696736,0,.375,1,.60000002,1,1,1,1,.140625,1
1,1,0,1,0,0,.2,.75,.71925545,1,.22222222,0,1,.60000002,1,0,.25,.049382716,0
1,1,0,1,0,0,.69999999,0,.1916389,0,.027777778,0,.2,.40000001,0,0,.5,.00077160494,1
1,0,0,0,0,0,.25,.5,.6002146,1,.58333331,0,.60000002,.40000001,1,.22222222,0,.34027776,0
1,0,0,0,0,0,,0,.48955294,1,.2361111,0,0,.80000001,1,0,0,.055748455,0
1,1,0,1,0,0,,0,.58185554,0,.375,0,1,.40000001,1,0,.75,.140625,1
1,0,0,0,1,0,.5,.75,.94386625,1,.2638889,1,.60000002,.2,1,0,0,.069637351,0
1,0,0,0,0,0,,0,.60273236,1,.027777778,0,.40000001,.40000001,1,0,1,.00077160494,1
1,0,0,0,0,0,.40000001,.5,.67640096,1,.25,0,.2,.60000002,0,.11111111,.5,.0625,1
1,1,0,1,0,0,.44999999,.25,.56936687,1,.68055558,0,.60000002,.80000001,1,.11111111,.75,.4631559,1
1,1,0,1,0,0,.5,.5,.5786258,1,.20833333,0,.60000002,.40000001,0,0,0,.043402776,0
1,0,0,0,0,0,.5,0,.58407909,0,.20833333,0,.60000002,.2,0,.33333334,0,.043402776,0
0,1,0,1,0,0,.85000002,.75,.64893699,1,.47222221,0,0,.40000001,1,.44444445,0,.22299382,0
0,0,0,0,0,0,.25,.25,.54624158,1,.22222222,0,.60000002,.40000001,1,.22222222,.5,.049382716,1
0,1,0,1,0,0,.25,1,.77570695,1,.72222221,0,0,.40000001,1,0,0,.5216049,0
0,0,0,0,0,0,.44999999,1,.70331347,1,.43055555,1,.40000001,.40000001,1,.33333334,.75,.18537809,1
1,0,0,0,0,0,0,.75,.74327636,0,.27777779,1,1,.40000001,1,.44444445,0,.0771605,0
0,1,0,1,0,0,.44999999,.5,.52211267,1,0,0,.40000001,.40000001,1,0,.25,0,0
0,1,0,1,0,0,,0,.37867209,1,.15277778,0,0,.80000001,0,0,.5,.023341049,1
1,1,0,1,0,0,.30000001,1,.52126694,1,.7361111,1,1,.40000001,1,.22222222,0,.54185957,0
1,1,0,1,0,0,.2,.25,.5830512,0,.30555555,1,.40000001,.60000002,1,.11111111,.25,.093364194,0
1,0,0,0,0,0,.5,0,.72422248,1,.11111111,0,0,.2,1,0,.5,.012345679,1
1,1,0,1,0,0,.30000001,.25,.47129169,1,.16666667,1,.60000002,.2,0,0,.5,.02777778,1
1,0,0,0,0,0,.30000001,.5,.48259485,1,.30555555,1,1,.2,1,.33333334,0,.093364194,0
1,1,0,1,0,0,,.25,.097013406,1,.70833331,1,0,.80000001,1,.22222222,.5,.5017361,1
1,1,0,1,0,0,.25,0,.75292718,1,.27777779,1,.60000002,.80000001,0,,1,.0771605,1
1,1,0,1,0,0,,0,.80597162,1,.125,1,.2,.80000001,0,.44444445,.75,.015625,1
1,1,0,1,0,0,.34999999,.25,.57991135,1,.055555556,0,.2,.40000001,0,.11111111,.75,.0030864198,1
1,1,0,1,0,0,.15000001,0,.60788304,1,.6388889,1,0,.60000002,1,0,.75,.40817901,1
1,1,0,1,0,0,.5,.75,.73925138,1,.6388889,0,1,0,1,0,0,.40817901,0
1,0,1,0,0,1,.69999999,.5,.69820815,0,.097222224,1,.60000002,.40000001,1,.22222222,0,.0094521604,0
1,1,0,1,0,0,.34999999,.75,.29662168,0,.5,0,.60000002,1,0,0,0,.25,0
1,1,0,1,0,0,.2,0,.62770534,1,.54166669,1,0,.40000001,1,.11111111,.75,.29340279,1
1,1,0,1,0,0,.40000001,.75,.53978127,0,.55555558,1,1,.80000001,1,.11111111,.25,.308642,0
1,1,0,1,0,0,.75,.75,.55553287,0,.375,1,.80000001,.60000002,1,0,.25,.140625,0
1,0,0,0,0,0,,1,.79762542,0,.33333334,1,1,.80000001,1,.77777779,.5,.11111112,1
1,1,0,1,0,0,.5,1,.68696648,0,.5,0,.80000001,.40000001,0,0,0,.25,0
1,0,0,0,0,0,0,0,.26570845,1,.55555558,0,.40000001,1,0,.22222222,.5,.308642,1
1,1,0,1,0,0,.25,.25,.7050516,1,.125,1,.60000002,.2,0,0,.5,.015625,1
1,0,0,0,0,0,.25,.5,.50342119,1,.43055555,0,1,.60000002,1,0,.5,.18537809,1
1,0,0,0,1,0,.2,.5,.89990318,1,.30555555,0,.2,.80000001,1,0,.25,.093364194,0
1,0,0,0,0,0,.5,.5,.53539467,1,.5138889,1,.80000001,.40000001,0,.55555558,0,.26408181,0
1,1,0,1,0,0,.44999999,.75,.35303873,1,.3888889,1,.80000001,.40000001,1,0,0,.15123457,0
1,0,0,0,0,0,.34999999,1,.61248547,0,.52777779,0,1,.40000001,1,0,0,.2785494,0
1,1,0,1,0,0,.5,1,.4297666,1,.43055555,0,.80000001,.60000002,1,0,.25,.18537809,0
1,1,0,1,0,0,.2,.5,.78470689,1,.69444442,1,.2,.80000001,1,.11111111,.25,.48225304,0
1,1,0,1,0,0,.25,1,.59128237,1,.45833334,0,.2,.40000001,1,0,.5,.21006945,1
1,1,0,1,0,0,.34999999,.75,.51969564,0,.70833331,1,1,.80000001,1,.55555558,.5,.5017361,1
0,1,0,1,0,0,,.25,.88489866,1,.31944445,0,.60000002,.80000001,1,0,.25,.10204475,0
0,0,0,0,0,0,.5,.75,.58568406,0,.41666666,0,.80000001,.2,1,.22222222,.25,.1736111,0
1,0,0,0,0,0,.25,.25,.78269005,1,.41666666,0,0,.40000001,0,.55555558,.5,.1736111,1
1,1,0,1,0,0,,.75,.59043556,1,.40277779,1,.60000002,.80000001,0,.33333334,.75,.16222996,1
0,1,0,1,0,0,.5,.5,.75592172,1,.6388889,1,1,1,1,.33333334,.5,.40817901,1
0,0,1,0,0,1,.050000001,.25,.56583619,0,.5,0,0,.80000001,1,.66666669,.5,.25,1
0,1,0,1,0,0,.55000001,1,.43157399,1,.013888889,0,.2,.40000001,0,,.25,.00019290124,0
1,1,0,1,0,0,.44999999,.25,.8341527,1,.4861111,0,.2,.80000001,1,.33333334,.25,.236304,0
1,0,0,0,0,0,.40000001,.5,.61337483,0,.40277779,0,.2,.60000002,1,.66666669,.25,.16222996,0
1,1,0,1,0,0,.34999999,.25,.70540684,0,.68055558,1,.60000002,.60000002,1,.44444445,.25,.4631559,0
1,1,0,1,0,0,.34999999,.5,.72766626,1,.69444442,1,0,.40000001,1,,.25,.48225304,0
1,1,0,1,0,0,.25,0,.83461541,0,.58333331,1,.2,.80000001,1,1,.25,.34027776,0
1,0,0,0,0,0,.34999999,0,.24602781,1,.16666667,0,.40000001,.40000001,1,.11111111,.25,.02777778,0
1,0,0,0,0,0,.60000002,.5,.76400942,1,.069444448,0,.60000002,.2,0,.33333334,.25,.0048225312,0
1,0,0,0,0,0,.25,.25,.68614274,1,.3888889,0,.40000001,.2,1,0,0,.15123457,0
1,1,0,1,0,0,,.5,.50934434,0,.58333331,0,0,.80000001,0,.77777779,0,.34027776,0
1,1,0,1,0,0,.44999999,0,.82874078,1,.30555555,0,.40000001,.2,1,.22222222,.75,.093364194,1
1,1,0,1,0,0,.30000001,.25,.60266626,1,.083333336,0,.80000001,.40000001,0,.55555558,.5,.006944445,1
1,0,0,0,0,0,.55000001,.5,.75963503,0,.43055555,0,.40000001,.80000001,1,.11111111,0,.18537809,0
1,0,0,0,0,0,.15000001,.5,.6777823,1,.5,1,0,.80000001,0,1,.25,.25,0
1,1,0,1,0,0,.2,.5,.44454503,1,.58333331,0,.2,1,0,0,0,.34027776,0
1,1,0,1,0,0,.30000001,.25,.66964668,1,.45833334,0,0,.80000001,1,.33333334,0,.21006945,0
1,0,0,0,0,0,,.5,.37589112,1,.52777779,0,0,.40000001,1,.44444445,0,.2785494,0
1,0,0,0,1,0,.2,.75,.66409552,1,.59722221,1,.40000001,.60000002,1,.55555558,0,.35667437,0
1,0,0,0,1,0,.25,.5,.26834521,0,.65277779,1,.60000002,.80000001,1,.55555558,.5,.42611885,1
1,0,0,0,1,0,.25,.5,.4723402,1,.11111111,0,.2,.40000001,1,.22222222,.5,.012345679,1
1,1,0,1,0,0,.34999999,.25,.55814099,0,.15277778,0,.60000002,.40000001,0,.11111111,.5,.023341049,1
1,0,0,0,1,0,.30000001,.75,.39447656,1,.52777779,0,0,.40000001,0,.11111111,.25,.2785494,0
1,0,0,0,0,0,.30000001,0,.49221653,1,.58333331,1,0,1,1,1,.75,.34027776,1
1,0,1,0,0,1,.60000002,1,.58240527,0,.3888889,1,.40000001,.40000001,1,.55555558,0,.15123457,0
1,1,0,1,0,0,,.5,.38139924,0,.013888889,0,.40000001,.40000001,0,0,.5,.00019290124,1
1,1,0,1,0,0,.64999998,1,.77183741,0,.69444442,1,1,.60000002,1,.55555558,.25,.48225304,0
1,0,0,0,0,0,.60000002,.5,.28245836,1,.44444445,1,.40000001,.40000001,1,.66666669,.75,.19753087,1
1,1,0,1,0,0,.25,.75,.65775418,1,.65277779,0,0,.60000002,1,0,.5,.42611885,1
1,0,0,0,1,0,.44999999,0,.72442979,1,.6388889,1,0,1,1,1,.75,.40817901,1
1,1,0,1,0,0,.55000001,.5,.67317176,0,.27777779,0,.2,.40000001,0,0,.25,.0771605,0
1,0,0,0,0,0,.34999999,.5,.75097233,0,.52777779,1,.40000001,.40000001,1,.55555558,.5,.2785494,1
1,1,0,1,0,0,.40000001,.75,.5836426,1,.72222221,1,1,.80000001,1,.55555558,0,.5216049,0
1,0,0,0,0,0,,.5,.22217962,0,.083333336,0,.60000002,.80000001,1,.55555558,.75,.006944445,1
1,1,0,1,0,0,.40000001,.25,.53412628,0,.6111111,1,0,1,1,0,.5,.37345678,1
1,1,0,1,0,0,.40000001,.5,.66833776,0,.6111111,1,0,1,1,0,.5,.37345678,1
1,1,0,1,0,0,.050000001,1,.38012451,1,.58333331,0,1,.40000001,1,0,0,.34027776,0
1,0,0,0,1,0,.2,0,.68878424,1,.2638889,1,0,.80000001,1,.66666669,.5,.069637351,1
1,0,0,0,0,0,.34999999,1,.59358519,1,.013888889,1,.2,0,0,0,.75,.00019290124,1
1,1,0,1,0,0,.60000002,.75,.29465517,1,.70833331,1,0,.40000001,0,0,.25,.5017361,0
1,1,0,1,0,0,.34999999,.5,.49918652,0,.69444442,0,.40000001,1,0,.8888889,.25,.48225304,0
1,1,0,1,0,0,.30000001,.75,.66244954,1,.81944442,1,1,.80000001,1,.55555558,0,.67148918,0
1,1,0,1,0,0,.55000001,1,.51754403,1,.3888889,0,.2,.2,1,.11111111,0,.15123457,0
1,1,0,1,0,0,.64999998,1,.7440455,1,.45833334,0,0,.2,1,0,0,.21006945,0
1,0,0,0,0,0,.80000001,.5,.4610185,0,.3888889,1,.60000002,0,1,.44444445,0,.15123457,0
1,1,0,1,0,0,0,0,.56472784,0,.2361111,0,.40000001,.2,0,0,1,.055748455,1
1,0,0,0,0,0,.5,.75,.57063228,1,.3611111,0,.80000001,.40000001,1,.22222222,.25,.13040122,0
1,1,0,1,0,0,.40000001,1,.60955906,0,.65277779,1,.60000002,.80000001,1,,0,.42611885,0
1,0,0,0,0,0,.30000001,.75,.42689142,1,.56944442,0,0,.2,1,0,0,.32426694,0
1,1,0,1,0,0,.60000002,1,.63554198,0,.7361111,1,1,.40000001,1,1,.5,.54185957,1
1,0,0,0,0,0,.5,1,.89334953,1,.625,0,0,.40000001,1,.22222222,0,.390625,0
1,0,0,0,0,0,.25,.25,.78857893,1,.65277779,0,.80000001,.60000002,1,.66666669,0,.42611885,0
1,1,0,1,0,0,.40000001,.5,.54630446,0,.54166669,0,0,.40000001,1,0,.5,.29340279,1
1,1,0,1,0,0,.5,.25,.56353879,1,.68055558,0,.60000002,1,0,0,.5,.4631559,1
1,1,0,1,0,0,.94999999,.5,.58832157,0,.56944442,0,0,.60000002,1,0,0,.32426694,0
1,0,0,0,0,0,.69999999,1,.61127752,0,.52777779,1,.60000002,.80000001,1,.33333334,.5,.2785494,1
1,0,0,0,0,0,.60000002,0,.49756908,1,.31944445,1,.40000001,.2,0,.22222222,.5,.10204475,1
1,1,0,1,0,0,.5,0,.42370665,0,.6388889,0,.40000001,1,1,.22222222,1,.40817901,1
1,0,0,0,0,0,.34999999,0,.691118,1,.15277778,1,.40000001,1,1,1,1,.023341049,1
1,0,0,0,0,0,.34999999,.5,.35630697,1,.29166666,1,.2,.40000001,1,.66666669,.25,.08506944,0
1,1,0,1,0,0,.94999999,.75,.070760466,0,.055555556,0,.60000002,.60000002,0,.22222222,.75,.0030864198,1
1,1,0,1,0,0,.25,0,.66785228,0,.68055558,0,.80000001,.40000001,1,.11111111,.75,.4631559,1
1,1,0,1,0,0,.25,0,.73236257,0,.56944442,0,.40000001,.80000001,1,0,.5,.32426694,1
1,1,0,1,0,0,.40000001,0,.69079316,0,.66666669,0,0,.40000001,1,0,.5,.44444448,1
1,1,0,1,0,0,.55000001,.25,.74582869,0,.83333331,1,0,1,1,0,1,.69444442,1
1,0,0,0,1,0,,0,.71941853,0,.6111111,1,0,1,1,1,1,.37345678,1
1,1,0,1,0,0,.30000001,0,.54881436,0,.52777779,0,0,.80000001,1,0,.25,.2785494,0
1,0,0,0,0,0,.25,.5,.56280649,1,.041666668,0,.2,.40000001,1,,.5,.0017361112,1
1,1,0,1,0,0,.1,0,.60420424,1,.375,0,0,.40000001,1,0,.75,.140625,1
1,1,0,1,0,0,.34999999,0,.45554289,1,.58333331,0,0,.80000001,1,.77777779,.75,.34027776,1
1,1,0,1,0,0,.30000001,0,.74151474,1,.6111111,0,.2,.80000001,0,.22222222,.5,.37345678,1
1,0,0,0,1,0,.60000002,.5,.46086738,1,.30555555,1,.60000002,.80000001,0,.66666669,.25,.093364194,0
1,0,0,0,0,0,.30000001,.25,.46058106,1,.2638889,0,0,.80000001,1,.44444445,.75,.069637351,1
1,0,0,0,0,0,.25,.25,.67994773,1,.45833334,0,.40000001,.80000001,1,.66666669,.5,.21006945,1
1,0,0,0,0,0,.1,0,.50597155,1,.58333331,0,0,.60000002,0,.33333334,0,.34027776,0
1,0,0,0,1,0,.1,.5,.50909805,0,.54166669,0,.40000001,.80000001,1,0,.25,.29340279,0
1,1,0,1,0,0,.5,.5,.5245055,1,.125,1,.80000001,.40000001,0,.44444445,.75,.015625,1
1,1,0,1,0,0,.25,0,.50747788,1,.41666666,0,0,.60000002,0,0,.5,.1736111,1
1,1,0,1,0,0,.050000001,.5,.70135152,1,.34722221,1,1,.2,0,.11111111,1,.12056326,1
1,0,0,0,0,0,.34999999,.25,.6271562,1,.52777779,0,0,.80000001,1,.33333334,.25,.2785494,0
1,1,0,1,0,0,.34999999,.5,.66535747,0,.375,0,0,1,1,1,.5,.140625,1
1,0,1,0,0,1,.30000001,0,.26108322,0,.44444445,0,.2,1,1,.44444445,.75,.19753087,1
1,0,0,0,0,0,0,0,.49690658,1,.125,0,0,.80000001,1,.11111111,.5,.015625,1
1,0,0,0,0,0,.5,.25,.51278996,1,.6388889,0,0,.80000001,1,.55555558,.5,.40817901,1
1,1,0,1,0,0,.44999999,1,.68372178,1,.027777778,0,.40000001,.40000001,0,0,0,.00077160494,0
1,1,0,1,0,0,,.25,.57424343,1,.097222224,0,.40000001,.80000001,1,0,.5,.0094521604,1
1,0,1,0,0,1,.15000001,0,.51237452,0,.70833331,1,.40000001,1,1,.8888889,.75,.5017361,1
1,1,0,1,0,0,,.5,.62058067,1,.56944442,1,0,.2,0,0,.25,.32426694,0
1,0,0,0,1,0,.30000001,.5,.586815,1,.40277779,1,0,.80000001,0,.44444445,.5,.16222996,1
1,0,0,0,0,0,.2,0,.73544788,1,.6388889,1,0,.40000001,1,1,.5,.40817901,1
1,1,0,1,0,0,.30000001,.5,.5370186,1,.027777778,0,.2,0,0,.11111111,.5,.00077160494,1
1,1,0,1,0,0,.5,.5,.43674684,0,.47222221,1,0,.40000001,0,.11111111,.25,.22299382,0
1,1,0,1,0,0,.40000001,.5,.58767998,1,.31944445,1,0,.2,1,.22222222,.75,.10204475,1
1,1,0,1,0,0,,.5,.42429322,1,.069444448,1,1,.2,0,.55555558,.75,.0048225312,1
1,0,0,0,0,0,,.5,.4473964,0,.41666666,0,.80000001,1,0,.8888889,.5,.1736111,1
1,0,0,0,0,0,.2,0,.36118385,0,.6111111,0,0,1,1,.66666669,.5,.37345678,1
1,0,0,0,0,0,.25,.5,.30707106,0,.47222221,0,.40000001,.40000001,1,0,0,.22299382,0
1,0,0,0,0,0,.30000001,.5,.65251702,1,.5,1,0,.60000002,1,.55555558,0,.25,0
1,0,0,0,0,0,.44999999,.5,.35295996,1,.27777779,0,0,.40000001,1,.44444445,.5,.0771605,1
1,0,0,0,0,0,.5,0,.77409536,1,.11111111,0,.2,.60000002,0,.11111111,.25,.012345679,0
1,0,0,0,0,0,.40000001,.5,.5049057,0,.41666666,1,.60000002,.80000001,1,1,.5,.1736111,1
0,0,1,0,0,1,.2,0,.63254559,0,.68055558,1,0,.80000001,1,1,.5,.4631559,1
1,0,0,0,0,0,.25,.75,.63668448,1,.33333334,0,1,.60000002,1,.55555558,.25,.11111112,0
1,1,0,1,0,0,0,0,.54680157,1,.6111111,1,0,.80000001,1,.8888889,.5,.37345678,1
1,1,0,1,0,0,.75,0,.6481306,1,.625,0,.2,.40000001,1,0,0,.390625,0
1,1,0,1,0,0,.2,.5,.5144152,0,.27777779,0,1,.2,1,.44444445,.25,.0771605,0
1,0,0,0,0,0,,.5,.46839273,0,.34722221,1,1,.40000001,1,.66666669,.5,.12056326,1
1,1,0,1,0,0,.5,.5,.5386951,0,.1388889,0,.40000001,.80000001,0,1,.5,.019290125,1
1,0,1,0,0,1,.050000001,1,.59526068,0,.43055555,0,.2,.40000001,1,.55555558,0,.18537809,0
1,0,0,0,0,0,.15000001,.25,.24129002,0,.54166669,1,.60000002,.40000001,1,1,.5,.29340279,1
1,1,0,1,0,0,.2,0,.30223766,1,.30555555,1,1,.80000001,1,.77777779,.25,.093364194,0
1,0,1,0,0,1,.5,.75,.4549984,0,.18055555,0,.60000002,0,0,.44444445,0,.032600306,0
1,1,0,1,0,0,.25,.25,.90770072,1,.40277779,0,.80000001,.2,1,.33333334,.75,.16222996,1
1,1,0,1,0,0,.15000001,.25,.74078107,0,.875,0,.80000001,1,1,,1,.765625,1
1,0,0,0,1,0,.34999999,0,.46130913,1,.5138889,0,0,1,1,1,.5,.26408181,1
1,1,0,1,0,0,.40000001,0,.308238,1,.25,1,.40000001,.40000001,1,.22222222,.5,.0625,1
1,0,0,0,0,0,,.25,.27512175,1,0,0,.2,0,1,0,.25,0,0
1,1,0,1,0,0,.80000001,.25,.86199099,1,.40277779,1,1,.2,1,.44444445,.5,.16222996,1
1,0,0,0,1,0,.2,1,.64748335,1,.6388889,1,.80000001,.60000002,1,1,0,.40817901,0
1,0,1,0,0,1,.55000001,.25,.61542165,0,.6111111,1,.80000001,.80000001,1,.44444445,0,.37345678,0
1,0,0,0,0,0,.5,.75,.68150437,1,.34722221,1,.80000001,.40000001,1,.44444445,.5,.12056326,1
1,1,0,1,0,0,.5,1,.74182326,0,.625,0,1,.80000001,1,.44444445,0,.390625,0
1,0,0,0,0,0,.44999999,0,.23659843,0,.30555555,0,.80000001,1,1,1,1,.093364194,1
1,1,0,1,0,0,.2,0,.52868479,1,.055555556,0,0,.80000001,0,.11111111,.25,.0030864198,0
1,1,0,1,0,0,.25,.75,.40966001,1,.41666666,1,0,.60000002,1,.66666669,.5,.1736111,1
1,1,0,1,0,0,.60000002,.5,.77765751,1,.19444445,1,.60000002,1,0,.66666669,.5,.037808642,1
1,0,0,0,0,0,.5,.5,.69871759,0,.2638889,1,.60000002,.40000001,1,.77777779,.25,.069637351,0
1,0,1,0,0,1,.44999999,.5,.044943254,0,.58333331,0,1,1,1,.77777779,0,.34027776,0
1,1,0,1,0,0,.94999999,1,.78622574,0,.58333331,1,.2,.40000001,1,0,0,.34027776,0
1,1,0,1,0,0,.34999999,0,.43788025,0,.43055555,1,.60000002,1,1,1,1,.18537809,1
1,1,0,1,0,0,.34999999,.5,.60925615,1,.013888889,0,.2,.40000001,0,1,.5,.00019290124,1
1,1,0,1,0,0,.44999999,.25,.6728074,1,.5,0,.40000001,.2,0,.44444445,.5,.25,1
1,1,0,1,0,0,.64999998,.75,.65703988,0,.68055558,0,1,.40000001,1,0,.25,.4631559,0
1,1,0,1,0,0,.34999999,.5,.5887922,1,.5138889,1,0,.2,1,1,.5,.26408181,1
1,0,0,0,0,0,.34999999,0,.52151507,1,.083333336,1,0,.40000001,0,0,.25,.006944445,0
1,1,0,1,0,0,.25,0,.65091854,1,.65277779,0,.40000001,.2,1,.11111111,.5,.42611885,1
1,1,0,1,0,0,.15000001,.25,.5087409,0,.125,0,.2,.60000002,0,0,0,.015625,0
1,1,0,1,0,0,.44999999,.75,.81536865,1,.90277779,1,.80000001,1,1,.77777779,.25,.81500775,0
1,1,0,1,0,0,.1,0,.76306552,1,.27777779,0,.2,.40000001,1,0,.25,.0771605,0
1,0,0,0,0,0,.25,.75,.55175841,1,.375,0,.2,.40000001,1,.22222222,.5,.140625,1
1,1,0,1,0,0,,.25,.30856082,1,0,0,.2,.2,0,0,0,0,0
1,0,0,0,0,0,.25,.25,.47847024,1,.3611111,1,.40000001,.80000001,1,.66666669,.75,.13040122,1
1,1,0,1,0,0,.40000001,0,.52006114,0,.18055555,0,.60000002,.2,1,0,.5,.032600306,1
1,1,0,1,0,0,.69999999,1,.55517632,1,.68055558,1,0,.40000001,1,.33333334,0,.4631559,0
1,1,0,1,0,0,.2,.75,.71201044,1,.56944442,1,.40000001,.40000001,1,.8888889,0,.32426694,0
1,1,0,1,0,0,.55000001,.5,.68067199,0,.77777779,1,.60000002,1,0,.44444445,.75,.60493827,1
1,0,0,0,0,0,.5,.75,.73663783,1,.55555558,0,.40000001,.40000001,0,0,.25,.308642,0
1,0,1,0,0,1,.89999998,1,.59159285,0,.4861111,0,.60000002,.2,1,.22222222,0,.236304,0
1,0,0,0,0,0,.5,1,.36709991,0,.041666668,0,.80000001,.2,0,.33333334,1,.0017361112,1
1,1,0,1,0,0,.44999999,.5,.64598691,0,.055555556,0,.60000002,.2,0,.22222222,0,.0030864198,0
1,1,0,1,0,0,.2,.5,.57741511,0,.75,0,.60000002,1,1,.22222222,.5,.5625,1
1,1,0,1,0,0,.34999999,.25,.65298605,0,.70833331,1,.2,.80000001,1,.55555558,.5,.5017361,1
1,0,0,0,0,0,.5,.5,.12404565,1,.41666666,1,.2,.60000002,1,.44444445,.5,.1736111,1
1,0,0,0,0,0,.30000001,.75,.4325051,0,.47222221,1,0,.40000001,1,.66666669,1,.22299382,1
1,1,0,1,0,0,.55000001,.25,.46733397,0,.81944442,0,.80000001,.40000001,1,.22222222,.5,.67148918,1
1,0,0,0,0,0,.2,0,.4728325,1,.15277778,1,0,.40000001,0,.33333334,.25,.023341049,0
1,0,0,0,0,0,.5,0,.72959137,1,.2361111,1,0,.40000001,1,.44444445,.5,.055748455,1
1,1,0,1,0,0,,.25,.48430589,1,.055555556,0,1,0,0,0,.75,.0030864198,1
1,1,0,1,0,0,0,.5,.83755237,0,.625,1,.60000002,.60000002,1,0,.25,.390625,0
1,0,0,0,0,0,.69999999,0,.6325413,1,.44444445,0,.80000001,1,1,.33333334,0,.19753087,0
1,1,0,1,0,0,,.25,.706846,1,.3888889,1,.80000001,.40000001,1,.66666669,.25,.15123457,0
1,0,0,0,0,0,.44999999,0,.47771183,0,0,0,.2,.40000001,0,0,.75,0,1
1,0,0,0,0,0,.15000001,.5,.36151242,0,.5,0,.2,.2,1,0,.25,.25,0
1,0,0,0,1,0,.5,0,.78987575,1,.15277778,1,.40000001,1,0,1,1,.023341049,1
1,1,0,1,0,0,.15000001,.75,.64389598,1,.45833334,0,0,.2,1,.33333334,0,.21006945,0
1,1,0,1,0,0,.64999998,1,.34089571,0,.16666667,0,.40000001,.40000001,0,0,0,.02777778,0
1,0,0,0,0,0,.25,1,.29546103,0,.44444445,0,0,.80000001,0,.11111111,.5,.19753087,1
1,0,0,0,0,0,.2,.75,.64995629,1,.4861111,1,.40000001,.80000001,1,0,.5,.236304,1
1,0,0,0,0,0,.050000001,.75,.44463959,1,.16666667,1,.80000001,.40000001,0,.22222222,.75,.02777778,1
1,1,0,1,0,0,.34999999,0,.4238883,1,.6111111,0,0,.80000001,1,.55555558,1,.37345678,1
1,1,0,1,0,0,.30000001,.75,.39700532,1,.20833333,1,.80000001,.60000002,1,.77777779,.25,.043402776,0
1,0,0,0,0,0,.69999999,0,.1466994,0,.15277778,0,.2,.40000001,0,.11111111,.5,.023341049,1
1,0,0,0,0,0,.40000001,.5,.55527943,0,.58333331,0,.60000002,.40000001,0,.22222222,.25,.34027776,0
1,1,0,1,0,0,,0,.58617288,1,.041666668,0,0,.40000001,0,0,.5,.0017361112,1
1,0,0,0,0,0,.60000002,0,.43695328,0,.40277779,1,.40000001,.80000001,0,0,0,.16222996,0
1,0,0,0,0,0,.050000001,.75,.30393958,1,.58333331,1,.60000002,1,1,.66666669,.5,.34027776,1
1,1,0,1,0,0,.2,.75,.43441382,0,.16666667,0,.2,.40000001,1,.66666669,.75,.02777778,1
1,1,0,1,0,0,,0,.043920785,0,.55555558,0,0,.40000001,1,.44444445,.5,.308642,1
1,1,0,1,0,0,.25,0,.64714354,1,.59722221,1,0,.80000001,1,.55555558,.5,.35667437,1
1,0,0,0,0,0,.44999999,.75,.68217301,1,.375,1,.80000001,.2,1,.55555558,0,.140625,0
1,0,0,0,0,0,.30000001,.5,.51399636,0,.43055555,0,.2,.40000001,1,.33333334,0,.18537809,0
1,1,0,1,0,0,.30000001,.25,.66730142,0,.16666667,0,.40000001,.40000001,1,.33333334,0,.02777778,0
0,1,0,1,0,0,.55000001,1,.68034941,1,.625,1,.2,.2,1,.55555558,0,.390625,0
0,1,0,1,0,0,0,.5,.68208599,1,.43055555,0,0,.60000002,0,0,.25,.18537809,0
0,0,0,0,0,0,.44999999,.25,.55371314,1,0,0,0,.40000001,1,0,.25,0,0
0,0,1,0,0,1,.40000001,.5,.83402711,0,.055555556,0,.80000001,.60000002,1,0,0,.0030864198,0
0,0,0,0,0,0,.44999999,.25,.6828329,1,.2638889,0,.80000001,.80000001,1,.55555558,0,.069637351,0
0,1,0,1,0,0,.15000001,0,.75044954,1,.56944442,1,0,.80000001,1,.8888889,.25,.32426694,0
0,1,0,1,0,0,.34999999,.5,.73537403,0,.58333331,1,.60000002,1,1,.66666669,.75,.34027776,1
0,1,0,1,0,0,,.5,.45486075,1,.25,0,.60000002,.40000001,1,.22222222,0,.0625,0
0,1,0,1,0,0,.25,.5,.63288593,0,.54166669,0,0,.60000002,1,0,.25,.29340279,0
0,0,0,0,0,0,.40000001,.25,.30682918,1,.69444442,1,1,.40000001,1,0,.75,.48225304,1
0,0,0,0,0,0,.34999999,.25,.43298808,0,.6111111,1,.60000002,1,1,.66666669,.5,.37345678,1
0,1,0,1,0,0,.30000001,.75,.51637012,1,.55555558,0,1,1,1,0,.5,.308642,1
0,1,0,1,0,0,.25,.5,.88538486,1,.6111111,0,.60000002,1,1,.44444445,0,.37345678,0
